/**
 * ================================================================
 * @file web_server.cpp
 * @brief Minimal HTTP server on W5500 (port 80).
 *        All pages are inline HTML — SD card not required.
 * ================================================================
 */
#include "web_server.hpp"
#include "app.hpp"
#include "circular_log.hpp"
#include "battery_monitor.hpp"
#include "debug_uart.hpp"
#include <cstdio>
#include <cstring>
#include <cstdlib>

extern "C" {
#include "socket.h"
#include "ff.h"
#include "stm32f4xx_hal.h"
}

extern volatile bool g_web_exclusive;

// ── Base64 ────────────────────────────────────────────────────────────────────
static const int8_t b64Table[128] = {
    -1,-1,-1,-1,-1,-1,-1,-1,-1,-1,-1,-1,-1,-1,-1,-1,
    -1,-1,-1,-1,-1,-1,-1,-1,-1,-1,-1,-1,-1,-1,-1,-1,
    -1,-1,-1,-1,-1,-1,-1,-1,-1,-1,-1,62,-1,-1,-1,63,
    52,53,54,55,56,57,58,59,60,61,-1,-1,-1,-1,-1,-1,
    -1, 0, 1, 2, 3, 4, 5, 6, 7, 8, 9,10,11,12,13,14,
    15,16,17,18,19,20,21,22,23,24,25,-1,-1,-1,-1,-1,
    -1,26,27,28,29,30,31,32,33,34,35,36,37,38,39,40,
    41,42,43,44,45,46,47,48,49,50,51,-1,-1,-1,-1,-1
};
int WebServer::base64Decode(const char* in, uint8_t* out, int outMax) {
    int len=0; uint32_t buf=0; int bits=0;
    while(*in && len<outMax){
        char c=*in++;
        if(c=='=') break;
        if((uint8_t)c>=128) continue;
        int8_t v=b64Table[(uint8_t)c]; if(v<0) continue;
        buf=(buf<<6)|(uint32_t)v; bits+=6;
        if(bits>=8){bits-=8; out[len++]=(uint8_t)(buf>>bits);}
    }
    return len;
}

// ── Shared CSS (темная тема, навигация) ───────────────────────────────────────
static const char CSS[] =
    "*{box-sizing:border-box;margin:0;padding:0}body{background:#0e1117;color:#c9d1d9;font:14px/1.5 system-ui,sans-serif;padding-bottom:70px}a{color:#2dd4bf;text-decoration:none}.nav{background:#161b22;border-bottom:1px solid #30363d;display:flex;gap:4px;padding:8px 12px}.nav a{padding:6px 14px;border-radius:6px;color:#c9d1d9;font-size:13px}.nav a.act{background:#2dd4bf;color:#0e1117;font-weight:600}.hdr{padding:14px 16px;border-bottom:1px solid #30363d;background:#161b22;font-size:18px;font-weight:700;color:#2dd4bf}details{background:#161b22;border:1px solid #30363d;border-radius:8px;margin:10px}summary{padding:10px 14px;cursor:pointer;font-weight:600;font-size:13px;color:#2dd4bf;user-select:none;list-style:none;display:flex;align-items:center;gap:6px}summary::before{content:\"▶\";font-size:10px;transition:transform .2s}details[open]>summary::before{transform:rotate(90deg)}.sc{padding:12px 14px 14px}.r{display:flex;flex-wrap:wrap;gap:8px;margin-bottom:8px;align-items:center}.f{display:flex;flex-direction:column;gap:3px;flex:1;min-width:120px}label{font-size:11px;color:#8b949e}input[type=text],input[type=number],input[type=password],select{background:#0e1117;border:1px solid #30363d;border-radius:5px;color:#c9d1d9;padding:5px 8px;font-size:13px;width:100%}input:focus,select:focus{outline:none;border-color:#2dd4bf}.tg{display:flex;align-items:center;gap:8px}.tg input[type=checkbox]{appearance:none;width:36px;height:20px;background:#30363d;border-radius:10px;cursor:pointer;position:relative;flex-shrink:0;transition:background .2s}.tg input[type=checkbox]:checked{background:#2dd4bf}.tg input[type=checkbox]::after{content:\"\";position:absolute;width:14px;height:14px;background:#fff;border-radius:50%;top:3px;left:3px;transition:left .2s}.tg input[type=checkbox]:checked::after{left:19px}.tg span{font-size:13px;white-space:nowrap}.btn{background:#2dd4bf;color:#0e1117;border:none;border-radius:6px;padding:6px 14px;cursor:pointer;font-size:13px;font-weight:600}.btn:hover{opacity:.85}.btn.s{background:#30363d;color:#c9d1d9}.cd{background:#0e1117;border:1px solid #30363d;border-radius:6px;padding:10px;margin-bottom:8px}.ch{display:flex;justify-content:space-between;align-items:center;margin-bottom:8px}.tabs{display:flex;gap:4px;margin-bottom:10px}.tab{padding:5px 12px;border-radius:5px;cursor:pointer;font-size:12px;background:#0e1117;border:1px solid #30363d;color:#c9d1d9}.tab.act{background:#2dd4bf;color:#0e1117;border-color:#2dd4bf;font-weight:600}.tp{display:none}.tp.act{display:block}.bar{position:fixed;bottom:0;left:0;right:0;background:#161b22;border-top:1px solid #30363d;padding:10px 16px;display:flex;gap:8px;z-index:99}.dr{display:flex;align-items:center;gap:6px;background:#0e1117;border:1px solid #30363d;border-radius:5px;padding:5px 8px;margin-bottom:5px}.dr span{flex:1;font-size:12px}.dr button{background:none;border:none;color:#8b949e;cursor:pointer;font-size:14px;padding:0 2px}.dr button:hover{color:#2dd4bf}table{width:100%;border-collapse:collapse;font-size:12px}th{background:#0e1117;color:#8b949e;padding:5px 6px;text-align:left;border-bottom:1px solid #30363d}td{padding:4px 5px;border-bottom:1px solid #1c2128}td input,td select{padding:3px 5px;font-size:12px}.msg{display:none;padding:6px 12px;border-radius:5px;font-size:13px;font-weight:600}.ok{background:#1a3a2e;color:#2dd4bf}.er{background:#3a1a1a;color:#f87171}.warn{background:#2a2200;color:#e3b341}.sh{font-size:12px;color:#8b949e;margin:8px 0 4px;font-weight:600}body{padding:0}.page-title{font-size:18px;font-weight:700;color:#2dd4bf;padding:14px 16px 0;margin-bottom:14px}.card{background:#161b22;border:1px solid #30363d;border-radius:8px;padding:16px;margin:10px}.card-title{font-size:11px;font-weight:600;color:#8b949e;text-transform:uppercase;letter-spacing:.09em;margin-bottom:12px}.stat-row{display:flex;justify-content:space-between;align-items:center;padding:5px 0;border-bottom:1px solid #1c2128}.stat-row:last-child{border-bottom:none}.stat-key{font-size:12px;color:#8b949e}.stat-val{font-size:12px;color:#c9d1d9;font-family:monospace;text-align:right}.badge{display:inline-flex;align-items:center;gap:4px;padding:2px 8px;border-radius:999px;font-size:11px;font-weight:600}.badge-ok{background:#1a3a2e;color:#2dd4bf}.badge-warn{background:#2a2200;color:#e3b341}.badge-err{background:#3a1a1a;color:#f87171}#log-output{background:#0e1117;border:1px solid #30363d;border-radius:6px;padding:12px 14px;font-family:monospace;font-size:12px;line-height:1.7;height:520px;overflow-y:auto;margin:10px}.log-info{color:#79c0ff}.log-warn{color:#e3b341}.log-error{color:#f87171}.log-data{color:#2dd4bf}.log-debug{color:#8b949e}.log-toolbar{display:flex;align-items:center;gap:10px;flex-wrap:wrap;margin:10px}table{width:100%;border-collapse:collapse;font-size:13px}th{background:#0e1117;color:#8b949e;padding:6px 10px;text-align:left;border-bottom:1px solid #30363d;font-size:11px;font-weight:600;text-transform:uppercase;letter-spacing:.07em}td{padding:6px 10px;border-bottom:1px solid #1c2128;color:#c9d1d9}tr:hover td{background:#161b22}#toast{position:fixed;bottom:24px;left:50%;transform:translateX(-50%) translateY(80px);padding:10px 20px;border-radius:6px;font-size:13px;font-weight:600;box-shadow:0 4px 20px rgba(0,0,0,.5);transition:transform .25s,opacity .25s;opacity:0;z-index:9999}#toast.show{transform:translateX(-50%) translateY(0);opacity:1}#toast.ok{background:#1a3a2e;color:#2dd4bf;border:1px solid #2dd4bf44}#toast.warn{background:#2a2200;color:#e3b341;border:1px solid #e3b34144}#toast.err{background:#3a1a1a;color:#f87171;border:1px solid #f8717144}";

// ── Macro helpers ─────────────────────────────────────────────────────────────
#define SNCAT(fmt, ...) \
    do { if (n < bsz-1) n += std::snprintf(buf+n, bsz-n, fmt, ##__VA_ARGS__); } while(0)

static void writeHead(char* buf, int& n, int bsz, const char* title) {
    n += std::snprintf(buf+n, bsz-n,
        "<!DOCTYPE html><html lang='ru'><head>"
        "<meta charset='UTF-8'>"
        "<meta name='viewport' content='width=device-width,initial-scale=1'>"
        "<title>%s &mdash; MonSet</title>"
        "<style>%s</style>"
        "</head><body>",
        title, CSS);
}
static void writeNav(char* buf, int& n, int bsz, const char* active) {
    n += std::snprintf(buf+n, bsz-n,
        "<nav>"
        "<a href='/config' class='%s'>&#9881; Конфиг</a>"
        "<a href='/'       class='%s'>&#128200; Дашборд</a>"
        "<a href='/test'   class='%s'>&#9654; Тест</a>"
        "<a href='/logs'   class='%s'>&#128221; Лог</a>"
        "</nav>",
        std::strcmp(active,"config")==0    ? "active" : "",
        std::strcmp(active,"dashboard")==0 ? "active" : "",
        std::strcmp(active,"test")==0      ? "active" : "",
        std::strcmp(active,"logs")==0      ? "active" : "");
}

// ── Constructor / init ────────────────────────────────────────────────────────
WebServer::WebServer() {}


// ── W5500 TX-safe send: wait for space then send ─────────────────────────────
static bool w5500_send(uint8_t sn, const uint8_t* buf, uint16_t len){
    if(!len) return true;
    uint16_t sent = 0;
    while(sent < len){
        // Ждём хоть какого-то свободного места в TX FIFO (не обязательно весь чанк)
        uint32_t t0 = HAL_GetTick();
        uint16_t fsr = 0;
        while((fsr = getSn_TX_FSR(sn)) == 0){
            if((HAL_GetTick() - t0) > 3000U){
                DBG.warn("WebServer: TX_FSR timeout sn=%u sent=%u/%u",
                    (unsigned)sn,(unsigned)sent,(unsigned)len);
                return false;
            }
            IWDG->KR = 0xAAAA;
            HAL_Delay(2);
        }
        // Отправляем столько сколько влезает прямо сейчас
        uint16_t now = len - sent;
        if(now > fsr) now = fsr;
        send(sn, (uint8_t*)(buf + sent), now);
        sent += now;
    }
    return true;
}


void WebServer::init(SensorReader* s, SdBackup* b, BatteryMonitor* bat) {
    init(s, b, bat, nullptr);
}
void WebServer::init(SensorReader* s, SdBackup* b, BatteryMonitor* bat, App* app) {
    m_sensor=s; m_backup=b; m_battery=bat; m_app=app;
    // Guard: повторный вызов из deferred start — сбрасываем сокет
    if (m_running) {
        close(HTTP_SOCKET);
        m_running = false;
    }

    if(socket(HTTP_SOCKET,Sn_MR_TCP,HTTP_PORT,0)==HTTP_SOCKET) {
        if(listen(HTTP_SOCKET)==SOCK_OK) {
            m_running=true;
            DBG.info("WebServer: listening on port %u (socket %u)",
                     (unsigned)HTTP_PORT,(unsigned)HTTP_SOCKET);
        }
    }
    if(!m_running) DBG.error("WebServer: failed to start");
}
void WebServer::setActivityCallback(void(*cb)(void*),void* ctx){m_activityCb=cb;m_activityCtx=ctx;}

// ── Utility ───────────────────────────────────────────────────────────────────
static void closeDataSockets(uint8_t httpSock){
    bool closed=false;
    for(uint8_t i=0;i<8;i++){
        if(i==httpSock) continue;
        if(getSn_SR(i)!=SOCK_CLOSED){disconnect(i);HAL_Delay(5);close(i);closed=true;}
    }
    if(closed) DBG.info("WebServer: data sockets closed");
}
bool WebServer::checkAuth(const char* req){
    const RuntimeConfig& c=Cfg();
    if(!c.web.web_auth_enabled) return true;
    if(c.web.web_user[0]==0&&c.web.web_pass[0]==0) return true;
    const char* auth=std::strstr(req,"Authorization: Basic ");
    if(!auth) return false;
    auth+=21;
    char b64[128]{}; int i=0;
    while(auth[i]&&auth[i]!='\r'&&auth[i]!='\n'&&i<127){ b64[i]=auth[i]; i++; }
    uint8_t dec[96]; int dLen=base64Decode(b64,dec,sizeof(dec)-1);
    if(dLen<=0) return false;
    dec[dLen]=0;
    char exp[72]; std::snprintf(exp,sizeof(exp),"%s:%s",c.web.web_user,c.web.web_pass);
    return std::strcmp((const char*)dec,exp)==0;
}
void WebServer::sendResponse(uint8_t sn, int code, const char* ct,
                              const char* body, uint16_t bodyLen)
{
    const char* status = "200 OK";
    if (code == 400) status = "400 Bad Request";
    else if (code == 401) status = "401 Unauthorized";
    else if (code == 404) status = "404 Not Found";

    char hdr[320];
    int hlen;
    if (code == 401) {
        hlen = std::snprintf(hdr, sizeof(hdr),
            "HTTP/1.1 %s\r\nWWW-Authenticate: Basic realm=\"MonSet\"\r\n"
            "Content-Type: %s\r\nContent-Length: %u\r\nConnection: close\r\n\r\n",
            status, ct, (unsigned)bodyLen);
    } else {
        hlen = std::snprintf(hdr, sizeof(hdr),
            "HTTP/1.1 %s\r\nContent-Type: %s\r\nContent-Length: %u\r\n"
            "Access-Control-Allow-Origin: *\r\nConnection: close\r\n\r\n",
            status, ct, (unsigned)bodyLen);
    }
    w5500_send(sn, (uint8_t*)hdr, (uint16_t)hlen);

    /* ── Chunked TX: w5500_send ждёт TX_FSR перед каждым чанком ── */
    uint16_t offset = 0;
    while (offset < bodyLen && body) {
        uint16_t chunk = bodyLen - offset;
        if (chunk > TX_CHUNK_SIZE) chunk = TX_CHUNK_SIZE;
        IWDG->KR = 0xAAAA;
        if (!w5500_send(sn, (uint8_t*)(body + offset), chunk)) break; // TX timeout
        offset += chunk;
    }
}
void WebServer::send401(uint8_t sn){
    const char* b="401 Unauthorized";
    sendResponse(sn,401,"text/plain",b,(uint16_t)std::strlen(b));
}
void WebServer::send404(uint8_t sn){
    const char* b="{\"error\":\"Not Found\"}";
    sendResponse(sn,404,"application/json",b,(uint16_t)std::strlen(b));
}
bool WebServer::serveFile(uint8_t sn,const char* path,const char* ct){
    char fp[64]; std::snprintf(fp,sizeof(fp),"0:/www%s",path);
    FIL f;
    if(f_open(&f,fp,FA_READ)!=FR_OK) return false;
    FSIZE_t fsize=f_size(&f);
    char hdr[192];
    int hl=std::snprintf(hdr,sizeof(hdr),
        "HTTP/1.1 200 OK\r\nContent-Type: %s\r\nContent-Length: %lu\r\n"
        "Access-Control-Allow-Origin: *\r\nConnection: close\r\n\r\n",
        ct,(unsigned long)fsize);
    w5500_send(sn,(uint8_t*)hdr,(uint16_t)hl);
    uint8_t chunk[512]; UINT br;
    while(f_read(&f,chunk,sizeof(chunk),&br)==FR_OK&&br>0){
        w5500_send(sn,chunk,(uint16_t)br); IWDG->KR=0xAAAA;
    }
    f_close(&f); return true;
}

// ── GET / and GET /config ─────────────────────────────────────────────────────

static constexpr uint32_t s_index_html_len = 18386U;
static const uint8_t s_index_html[] = {
    0x3c,0x21,0x44,0x4f,0x43,0x54,0x59,0x50,0x45,0x20,0x68,0x74,0x6d,0x6c,0x3e,0x0a,
    0x3c,0x68,0x74,0x6d,0x6c,0x20,0x6c,0x61,0x6e,0x67,0x3d,0x22,0x72,0x75,0x22,0x3e,
    0x0a,0x3c,0x68,0x65,0x61,0x64,0x3e,0x0a,0x3c,0x6d,0x65,0x74,0x61,0x20,0x63,0x68,
    0x61,0x72,0x73,0x65,0x74,0x3d,0x22,0x55,0x54,0x46,0x2d,0x38,0x22,0x3e,0x0a,0x3c,
    0x6d,0x65,0x74,0x61,0x20,0x6e,0x61,0x6d,0x65,0x3d,0x22,0x76,0x69,0x65,0x77,0x70,
    0x6f,0x72,0x74,0x22,0x20,0x63,0x6f,0x6e,0x74,0x65,0x6e,0x74,0x3d,0x22,0x77,0x69,
    0x64,0x74,0x68,0x3d,0x64,0x65,0x76,0x69,0x63,0x65,0x2d,0x77,0x69,0x64,0x74,0x68,
    0x2c,0x69,0x6e,0x69,0x74,0x69,0x61,0x6c,0x2d,0x73,0x63,0x61,0x6c,0x65,0x3d,0x31,
    0x22,0x3e,0x0a,0x3c,0x74,0x69,0x74,0x6c,0x65,0x3e,0x4d,0x6f,0x6e,0x53,0x65,0x74,
    0x20,0xe2,0x80,0x94,0x20,0x44,0x61,0x73,0x68,0x62,0x6f,0x61,0x72,0x64,0x3c,0x2f,
    0x74,0x69,0x74,0x6c,0x65,0x3e,0x0a,0x3c,0x73,0x74,0x79,0x6c,0x65,0x3e,0x2a,0x7b,
    0x62,0x6f,0x78,0x2d,0x73,0x69,0x7a,0x69,0x6e,0x67,0x3a,0x62,0x6f,0x72,0x64,0x65,
    0x72,0x2d,0x62,0x6f,0x78,0x3b,0x6d,0x61,0x72,0x67,0x69,0x6e,0x3a,0x30,0x3b,0x70,
    0x61,0x64,0x64,0x69,0x6e,0x67,0x3a,0x30,0x7d,0x62,0x6f,0x64,0x79,0x7b,0x62,0x61,
    0x63,0x6b,0x67,0x72,0x6f,0x75,0x6e,0x64,0x3a,0x23,0x30,0x65,0x31,0x31,0x31,0x37,
    0x3b,0x63,0x6f,0x6c,0x6f,0x72,0x3a,0x23,0x63,0x39,0x64,0x31,0x64,0x39,0x3b,0x66,
    0x6f,0x6e,0x74,0x3a,0x31,0x34,0x70,0x78,0x2f,0x31,0x2e,0x35,0x20,0x73,0x79,0x73,
    0x74,0x65,0x6d,0x2d,0x75,0x69,0x2c,0x73,0x61,0x6e,0x73,0x2d,0x73,0x65,0x72,0x69,
    0x66,0x3b,0x70,0x61,0x64,0x64,0x69,0x6e,0x67,0x2d,0x62,0x6f,0x74,0x74,0x6f,0x6d,
    0x3a,0x37,0x30,0x70,0x78,0x7d,0x61,0x7b,0x63,0x6f,0x6c,0x6f,0x72,0x3a,0x23,0x32,
    0x64,0x64,0x34,0x62,0x66,0x3b,0x74,0x65,0x78,0x74,0x2d,0x64,0x65,0x63,0x6f,0x72,
    0x61,0x74,0x69,0x6f,0x6e,0x3a,0x6e,0x6f,0x6e,0x65,0x7d,0x2e,0x6e,0x61,0x76,0x7b,
    0x62,0x61,0x63,0x6b,0x67,0x72,0x6f,0x75,0x6e,0x64,0x3a,0x23,0x31,0x36,0x31,0x62,
    0x32,0x32,0x3b,0x62,0x6f,0x72,0x64,0x65,0x72,0x2d,0x62,0x6f,0x74,0x74,0x6f,0x6d,
    0x3a,0x31,0x70,0x78,0x20,0x73,0x6f,0x6c,0x69,0x64,0x20,0x23,0x33,0x30,0x33,0x36,
    0x33,0x64,0x3b,0x64,0x69,0x73,0x70,0x6c,0x61,0x79,0x3a,0x66,0x6c,0x65,0x78,0x3b,
    0x67,0x61,0x70,0x3a,0x34,0x70,0x78,0x3b,0x70,0x61,0x64,0x64,0x69,0x6e,0x67,0x3a,
    0x38,0x70,0x78,0x20,0x31,0x32,0x70,0x78,0x7d,0x2e,0x6e,0x61,0x76,0x20,0x61,0x7b,
    0x70,0x61,0x64,0x64,0x69,0x6e,0x67,0x3a,0x36,0x70,0x78,0x20,0x31,0x34,0x70,0x78,
    0x3b,0x62,0x6f,0x72,0x64,0x65,0x72,0x2d,0x72,0x61,0x64,0x69,0x75,0x73,0x3a,0x36,
    0x70,0x78,0x3b,0x63,0x6f,0x6c,0x6f,0x72,0x3a,0x23,0x63,0x39,0x64,0x31,0x64,0x39,
    0x3b,0x66,0x6f,0x6e,0x74,0x2d,0x73,0x69,0x7a,0x65,0x3a,0x31,0x33,0x70,0x78,0x7d,
    0x2e,0x6e,0x61,0x76,0x20,0x61,0x2e,0x61,0x63,0x74,0x7b,0x62,0x61,0x63,0x6b,0x67,
    0x72,0x6f,0x75,0x6e,0x64,0x3a,0x23,0x32,0x64,0x64,0x34,0x62,0x66,0x3b,0x63,0x6f,
    0x6c,0x6f,0x72,0x3a,0x23,0x30,0x65,0x31,0x31,0x31,0x37,0x3b,0x66,0x6f,0x6e,0x74,
    0x2d,0x77,0x65,0x69,0x67,0x68,0x74,0x3a,0x36,0x30,0x30,0x7d,0x2e,0x68,0x64,0x72,
    0x7b,0x70,0x61,0x64,0x64,0x69,0x6e,0x67,0x3a,0x31,0x34,0x70,0x78,0x20,0x31,0x36,
    0x70,0x78,0x3b,0x62,0x6f,0x72,0x64,0x65,0x72,0x2d,0x62,0x6f,0x74,0x74,0x6f,0x6d,
    0x3a,0x31,0x70,0x78,0x20,0x73,0x6f,0x6c,0x69,0x64,0x20,0x23,0x33,0x30,0x33,0x36,
    0x33,0x64,0x3b,0x62,0x61,0x63,0x6b,0x67,0x72,0x6f,0x75,0x6e,0x64,0x3a,0x23,0x31,
    0x36,0x31,0x62,0x32,0x32,0x3b,0x66,0x6f,0x6e,0x74,0x2d,0x73,0x69,0x7a,0x65,0x3a,
    0x31,0x38,0x70,0x78,0x3b,0x66,0x6f,0x6e,0x74,0x2d,0x77,0x65,0x69,0x67,0x68,0x74,
    0x3a,0x37,0x30,0x30,0x3b,0x63,0x6f,0x6c,0x6f,0x72,0x3a,0x23,0x32,0x64,0x64,0x34,
    0x62,0x66,0x7d,0x64,0x65,0x74,0x61,0x69,0x6c,0x73,0x7b,0x62,0x61,0x63,0x6b,0x67,
    0x72,0x6f,0x75,0x6e,0x64,0x3a,0x23,0x31,0x36,0x31,0x62,0x32,0x32,0x3b,0x62,0x6f,
    0x72,0x64,0x65,0x72,0x3a,0x31,0x70,0x78,0x20,0x73,0x6f,0x6c,0x69,0x64,0x20,0x23,
    0x33,0x30,0x33,0x36,0x33,0x64,0x3b,0x62,0x6f,0x72,0x64,0x65,0x72,0x2d,0x72,0x61,
    0x64,0x69,0x75,0x73,0x3a,0x38,0x70,0x78,0x3b,0x6d,0x61,0x72,0x67,0x69,0x6e,0x3a,
    0x31,0x30,0x70,0x78,0x7d,0x73,0x75,0x6d,0x6d,0x61,0x72,0x79,0x7b,0x70,0x61,0x64,
    0x64,0x69,0x6e,0x67,0x3a,0x31,0x30,0x70,0x78,0x20,0x31,0x34,0x70,0x78,0x3b,0x63,
    0x75,0x72,0x73,0x6f,0x72,0x3a,0x70,0x6f,0x69,0x6e,0x74,0x65,0x72,0x3b,0x66,0x6f,
    0x6e,0x74,0x2d,0x77,0x65,0x69,0x67,0x68,0x74,0x3a,0x36,0x30,0x30,0x3b,0x66,0x6f,
    0x6e,0x74,0x2d,0x73,0x69,0x7a,0x65,0x3a,0x31,0x33,0x70,0x78,0x3b,0x63,0x6f,0x6c,
    0x6f,0x72,0x3a,0x23,0x32,0x64,0x64,0x34,0x62,0x66,0x3b,0x75,0x73,0x65,0x72,0x2d,
    0x73,0x65,0x6c,0x65,0x63,0x74,0x3a,0x6e,0x6f,0x6e,0x65,0x3b,0x6c,0x69,0x73,0x74,
    0x2d,0x73,0x74,0x79,0x6c,0x65,0x3a,0x6e,0x6f,0x6e,0x65,0x3b,0x64,0x69,0x73,0x70,
    0x6c,0x61,0x79,0x3a,0x66,0x6c,0x65,0x78,0x3b,0x61,0x6c,0x69,0x67,0x6e,0x2d,0x69,
    0x74,0x65,0x6d,0x73,0x3a,0x63,0x65,0x6e,0x74,0x65,0x72,0x3b,0x67,0x61,0x70,0x3a,
    0x36,0x70,0x78,0x7d,0x73,0x75,0x6d,0x6d,0x61,0x72,0x79,0x3a,0x3a,0x62,0x65,0x66,
    0x6f,0x72,0x65,0x7b,0x63,0x6f,0x6e,0x74,0x65,0x6e,0x74,0x3a,0x22,0xe2,0x96,0xb6,
    0x22,0x3b,0x66,0x6f,0x6e,0x74,0x2d,0x73,0x69,0x7a,0x65,0x3a,0x31,0x30,0x70,0x78,
    0x3b,0x74,0x72,0x61,0x6e,0x73,0x69,0x74,0x69,0x6f,0x6e,0x3a,0x74,0x72,0x61,0x6e,
    0x73,0x66,0x6f,0x72,0x6d,0x20,0x2e,0x32,0x73,0x7d,0x64,0x65,0x74,0x61,0x69,0x6c,
    0x73,0x5b,0x6f,0x70,0x65,0x6e,0x5d,0x3e,0x73,0x75,0x6d,0x6d,0x61,0x72,0x79,0x3a,
    0x3a,0x62,0x65,0x66,0x6f,0x72,0x65,0x7b,0x74,0x72,0x61,0x6e,0x73,0x66,0x6f,0x72,
    0x6d,0x3a,0x72,0x6f,0x74,0x61,0x74,0x65,0x28,0x39,0x30,0x64,0x65,0x67,0x29,0x7d,
    0x2e,0x73,0x63,0x7b,0x70,0x61,0x64,0x64,0x69,0x6e,0x67,0x3a,0x31,0x32,0x70,0x78,
    0x20,0x31,0x34,0x70,0x78,0x20,0x31,0x34,0x70,0x78,0x7d,0x2e,0x72,0x7b,0x64,0x69,
    0x73,0x70,0x6c,0x61,0x79,0x3a,0x66,0x6c,0x65,0x78,0x3b,0x66,0x6c,0x65,0x78,0x2d,
    0x77,0x72,0x61,0x70,0x3a,0x77,0x72,0x61,0x70,0x3b,0x67,0x61,0x70,0x3a,0x38,0x70,
    0x78,0x3b,0x6d,0x61,0x72,0x67,0x69,0x6e,0x2d,0x62,0x6f,0x74,0x74,0x6f,0x6d,0x3a,
    0x38,0x70,0x78,0x3b,0x61,0x6c,0x69,0x67,0x6e,0x2d,0x69,0x74,0x65,0x6d,0x73,0x3a,
    0x63,0x65,0x6e,0x74,0x65,0x72,0x7d,0x2e,0x66,0x7b,0x64,0x69,0x73,0x70,0x6c,0x61,
    0x79,0x3a,0x66,0x6c,0x65,0x78,0x3b,0x66,0x6c,0x65,0x78,0x2d,0x64,0x69,0x72,0x65,
    0x63,0x74,0x69,0x6f,0x6e,0x3a,0x63,0x6f,0x6c,0x75,0x6d,0x6e,0x3b,0x67,0x61,0x70,
    0x3a,0x33,0x70,0x78,0x3b,0x66,0x6c,0x65,0x78,0x3a,0x31,0x3b,0x6d,0x69,0x6e,0x2d,
    0x77,0x69,0x64,0x74,0x68,0x3a,0x31,0x32,0x30,0x70,0x78,0x7d,0x6c,0x61,0x62,0x65,
    0x6c,0x7b,0x66,0x6f,0x6e,0x74,0x2d,0x73,0x69,0x7a,0x65,0x3a,0x31,0x31,0x70,0x78,
    0x3b,0x63,0x6f,0x6c,0x6f,0x72,0x3a,0x23,0x38,0x62,0x39,0x34,0x39,0x65,0x7d,0x69,
    0x6e,0x70,0x75,0x74,0x5b,0x74,0x79,0x70,0x65,0x3d,0x74,0x65,0x78,0x74,0x5d,0x2c,
    0x69,0x6e,0x70,0x75,0x74,0x5b,0x74,0x79,0x70,0x65,0x3d,0x6e,0x75,0x6d,0x62,0x65,
    0x72,0x5d,0x2c,0x69,0x6e,0x70,0x75,0x74,0x5b,0x74,0x79,0x70,0x65,0x3d,0x70,0x61,
    0x73,0x73,0x77,0x6f,0x72,0x64,0x5d,0x2c,0x73,0x65,0x6c,0x65,0x63,0x74,0x7b,0x62,
    0x61,0x63,0x6b,0x67,0x72,0x6f,0x75,0x6e,0x64,0x3a,0x23,0x30,0x65,0x31,0x31,0x31,
    0x37,0x3b,0x62,0x6f,0x72,0x64,0x65,0x72,0x3a,0x31,0x70,0x78,0x20,0x73,0x6f,0x6c,
    0x69,0x64,0x20,0x23,0x33,0x30,0x33,0x36,0x33,0x64,0x3b,0x62,0x6f,0x72,0x64,0x65,
    0x72,0x2d,0x72,0x61,0x64,0x69,0x75,0x73,0x3a,0x35,0x70,0x78,0x3b,0x63,0x6f,0x6c,
    0x6f,0x72,0x3a,0x23,0x63,0x39,0x64,0x31,0x64,0x39,0x3b,0x70,0x61,0x64,0x64,0x69,
    0x6e,0x67,0x3a,0x35,0x70,0x78,0x20,0x38,0x70,0x78,0x3b,0x66,0x6f,0x6e,0x74,0x2d,
    0x73,0x69,0x7a,0x65,0x3a,0x31,0x33,0x70,0x78,0x3b,0x77,0x69,0x64,0x74,0x68,0x3a,
    0x31,0x30,0x30,0x25,0x7d,0x69,0x6e,0x70,0x75,0x74,0x3a,0x66,0x6f,0x63,0x75,0x73,
    0x2c,0x73,0x65,0x6c,0x65,0x63,0x74,0x3a,0x66,0x6f,0x63,0x75,0x73,0x7b,0x6f,0x75,
    0x74,0x6c,0x69,0x6e,0x65,0x3a,0x6e,0x6f,0x6e,0x65,0x3b,0x62,0x6f,0x72,0x64,0x65,
    0x72,0x2d,0x63,0x6f,0x6c,0x6f,0x72,0x3a,0x23,0x32,0x64,0x64,0x34,0x62,0x66,0x7d,
    0x2e,0x74,0x67,0x7b,0x64,0x69,0x73,0x70,0x6c,0x61,0x79,0x3a,0x66,0x6c,0x65,0x78,
    0x3b,0x61,0x6c,0x69,0x67,0x6e,0x2d,0x69,0x74,0x65,0x6d,0x73,0x3a,0x63,0x65,0x6e,
    0x74,0x65,0x72,0x3b,0x67,0x61,0x70,0x3a,0x38,0x70,0x78,0x7d,0x2e,0x74,0x67,0x20,
    0x69,0x6e,0x70,0x75,0x74,0x5b,0x74,0x79,0x70,0x65,0x3d,0x63,0x68,0x65,0x63,0x6b,
    0x62,0x6f,0x78,0x5d,0x7b,0x61,0x70,0x70,0x65,0x61,0x72,0x61,0x6e,0x63,0x65,0x3a,
    0x6e,0x6f,0x6e,0x65,0x3b,0x77,0x69,0x64,0x74,0x68,0x3a,0x33,0x36,0x70,0x78,0x3b,
    0x68,0x65,0x69,0x67,0x68,0x74,0x3a,0x32,0x30,0x70,0x78,0x3b,0x62,0x61,0x63,0x6b,
    0x67,0x72,0x6f,0x75,0x6e,0x64,0x3a,0x23,0x33,0x30,0x33,0x36,0x33,0x64,0x3b,0x62,
    0x6f,0x72,0x64,0x65,0x72,0x2d,0x72,0x61,0x64,0x69,0x75,0x73,0x3a,0x31,0x30,0x70,
    0x78,0x3b,0x63,0x75,0x72,0x73,0x6f,0x72,0x3a,0x70,0x6f,0x69,0x6e,0x74,0x65,0x72,
    0x3b,0x70,0x6f,0x73,0x69,0x74,0x69,0x6f,0x6e,0x3a,0x72,0x65,0x6c,0x61,0x74,0x69,
    0x76,0x65,0x3b,0x66,0x6c,0x65,0x78,0x2d,0x73,0x68,0x72,0x69,0x6e,0x6b,0x3a,0x30,
    0x3b,0x74,0x72,0x61,0x6e,0x73,0x69,0x74,0x69,0x6f,0x6e,0x3a,0x62,0x61,0x63,0x6b,
    0x67,0x72,0x6f,0x75,0x6e,0x64,0x20,0x2e,0x32,0x73,0x7d,0x2e,0x74,0x67,0x20,0x69,
    0x6e,0x70,0x75,0x74,0x5b,0x74,0x79,0x70,0x65,0x3d,0x63,0x68,0x65,0x63,0x6b,0x62,
    0x6f,0x78,0x5d,0x3a,0x63,0x68,0x65,0x63,0x6b,0x65,0x64,0x7b,0x62,0x61,0x63,0x6b,
    0x67,0x72,0x6f,0x75,0x6e,0x64,0x3a,0x23,0x32,0x64,0x64,0x34,0x62,0x66,0x7d,0x2e,
    0x74,0x67,0x20,0x69,0x6e,0x70,0x75,0x74,0x5b,0x74,0x79,0x70,0x65,0x3d,0x63,0x68,
    0x65,0x63,0x6b,0x62,0x6f,0x78,0x5d,0x3a,0x3a,0x61,0x66,0x74,0x65,0x72,0x7b,0x63,
    0x6f,0x6e,0x74,0x65,0x6e,0x74,0x3a,0x22,0x22,0x3b,0x70,0x6f,0x73,0x69,0x74,0x69,
    0x6f,0x6e,0x3a,0x61,0x62,0x73,0x6f,0x6c,0x75,0x74,0x65,0x3b,0x77,0x69,0x64,0x74,
    0x68,0x3a,0x31,0x34,0x70,0x78,0x3b,0x68,0x65,0x69,0x67,0x68,0x74,0x3a,0x31,0x34,
    0x70,0x78,0x3b,0x62,0x61,0x63,0x6b,0x67,0x72,0x6f,0x75,0x6e,0x64,0x3a,0x23,0x66,
    0x66,0x66,0x3b,0x62,0x6f,0x72,0x64,0x65,0x72,0x2d,0x72,0x61,0x64,0x69,0x75,0x73,
    0x3a,0x35,0x30,0x25,0x3b,0x74,0x6f,0x70,0x3a,0x33,0x70,0x78,0x3b,0x6c,0x65,0x66,
    0x74,0x3a,0x33,0x70,0x78,0x3b,0x74,0x72,0x61,0x6e,0x73,0x69,0x74,0x69,0x6f,0x6e,
    0x3a,0x6c,0x65,0x66,0x74,0x20,0x2e,0x32,0x73,0x7d,0x2e,0x74,0x67,0x20,0x69,0x6e,
    0x70,0x75,0x74,0x5b,0x74,0x79,0x70,0x65,0x3d,0x63,0x68,0x65,0x63,0x6b,0x62,0x6f,
    0x78,0x5d,0x3a,0x63,0x68,0x65,0x63,0x6b,0x65,0x64,0x3a,0x3a,0x61,0x66,0x74,0x65,
    0x72,0x7b,0x6c,0x65,0x66,0x74,0x3a,0x31,0x39,0x70,0x78,0x7d,0x2e,0x74,0x67,0x20,
    0x73,0x70,0x61,0x6e,0x7b,0x66,0x6f,0x6e,0x74,0x2d,0x73,0x69,0x7a,0x65,0x3a,0x31,
    0x33,0x70,0x78,0x3b,0x77,0x68,0x69,0x74,0x65,0x2d,0x73,0x70,0x61,0x63,0x65,0x3a,
    0x6e,0x6f,0x77,0x72,0x61,0x70,0x7d,0x2e,0x62,0x74,0x6e,0x7b,0x62,0x61,0x63,0x6b,
    0x67,0x72,0x6f,0x75,0x6e,0x64,0x3a,0x23,0x32,0x64,0x64,0x34,0x62,0x66,0x3b,0x63,
    0x6f,0x6c,0x6f,0x72,0x3a,0x23,0x30,0x65,0x31,0x31,0x31,0x37,0x3b,0x62,0x6f,0x72,
    0x64,0x65,0x72,0x3a,0x6e,0x6f,0x6e,0x65,0x3b,0x62,0x6f,0x72,0x64,0x65,0x72,0x2d,
    0x72,0x61,0x64,0x69,0x75,0x73,0x3a,0x36,0x70,0x78,0x3b,0x70,0x61,0x64,0x64,0x69,
    0x6e,0x67,0x3a,0x36,0x70,0x78,0x20,0x31,0x34,0x70,0x78,0x3b,0x63,0x75,0x72,0x73,
    0x6f,0x72,0x3a,0x70,0x6f,0x69,0x6e,0x74,0x65,0x72,0x3b,0x66,0x6f,0x6e,0x74,0x2d,
    0x73,0x69,0x7a,0x65,0x3a,0x31,0x33,0x70,0x78,0x3b,0x66,0x6f,0x6e,0x74,0x2d,0x77,
    0x65,0x69,0x67,0x68,0x74,0x3a,0x36,0x30,0x30,0x7d,0x2e,0x62,0x74,0x6e,0x3a,0x68,
    0x6f,0x76,0x65,0x72,0x7b,0x6f,0x70,0x61,0x63,0x69,0x74,0x79,0x3a,0x2e,0x38,0x35,
    0x7d,0x2e,0x62,0x74,0x6e,0x2e,0x73,0x7b,0x62,0x61,0x63,0x6b,0x67,0x72,0x6f,0x75,
    0x6e,0x64,0x3a,0x23,0x33,0x30,0x33,0x36,0x33,0x64,0x3b,0x63,0x6f,0x6c,0x6f,0x72,
    0x3a,0x23,0x63,0x39,0x64,0x31,0x64,0x39,0x7d,0x2e,0x63,0x64,0x7b,0x62,0x61,0x63,
    0x6b,0x67,0x72,0x6f,0x75,0x6e,0x64,0x3a,0x23,0x30,0x65,0x31,0x31,0x31,0x37,0x3b,
    0x62,0x6f,0x72,0x64,0x65,0x72,0x3a,0x31,0x70,0x78,0x20,0x73,0x6f,0x6c,0x69,0x64,
    0x20,0x23,0x33,0x30,0x33,0x36,0x33,0x64,0x3b,0x62,0x6f,0x72,0x64,0x65,0x72,0x2d,
    0x72,0x61,0x64,0x69,0x75,0x73,0x3a,0x36,0x70,0x78,0x3b,0x70,0x61,0x64,0x64,0x69,
    0x6e,0x67,0x3a,0x31,0x30,0x70,0x78,0x3b,0x6d,0x61,0x72,0x67,0x69,0x6e,0x2d,0x62,
    0x6f,0x74,0x74,0x6f,0x6d,0x3a,0x38,0x70,0x78,0x7d,0x2e,0x63,0x68,0x7b,0x64,0x69,
    0x73,0x70,0x6c,0x61,0x79,0x3a,0x66,0x6c,0x65,0x78,0x3b,0x6a,0x75,0x73,0x74,0x69,
    0x66,0x79,0x2d,0x63,0x6f,0x6e,0x74,0x65,0x6e,0x74,0x3a,0x73,0x70,0x61,0x63,0x65,
    0x2d,0x62,0x65,0x74,0x77,0x65,0x65,0x6e,0x3b,0x61,0x6c,0x69,0x67,0x6e,0x2d,0x69,
    0x74,0x65,0x6d,0x73,0x3a,0x63,0x65,0x6e,0x74,0x65,0x72,0x3b,0x6d,0x61,0x72,0x67,
    0x69,0x6e,0x2d,0x62,0x6f,0x74,0x74,0x6f,0x6d,0x3a,0x38,0x70,0x78,0x7d,0x2e,0x74,
    0x61,0x62,0x73,0x7b,0x64,0x69,0x73,0x70,0x6c,0x61,0x79,0x3a,0x66,0x6c,0x65,0x78,
    0x3b,0x67,0x61,0x70,0x3a,0x34,0x70,0x78,0x3b,0x6d,0x61,0x72,0x67,0x69,0x6e,0x2d,
    0x62,0x6f,0x74,0x74,0x6f,0x6d,0x3a,0x31,0x30,0x70,0x78,0x7d,0x2e,0x74,0x61,0x62,
    0x7b,0x70,0x61,0x64,0x64,0x69,0x6e,0x67,0x3a,0x35,0x70,0x78,0x20,0x31,0x32,0x70,
    0x78,0x3b,0x62,0x6f,0x72,0x64,0x65,0x72,0x2d,0x72,0x61,0x64,0x69,0x75,0x73,0x3a,
    0x35,0x70,0x78,0x3b,0x63,0x75,0x72,0x73,0x6f,0x72,0x3a,0x70,0x6f,0x69,0x6e,0x74,
    0x65,0x72,0x3b,0x66,0x6f,0x6e,0x74,0x2d,0x73,0x69,0x7a,0x65,0x3a,0x31,0x32,0x70,
    0x78,0x3b,0x62,0x61,0x63,0x6b,0x67,0x72,0x6f,0x75,0x6e,0x64,0x3a,0x23,0x30,0x65,
    0x31,0x31,0x31,0x37,0x3b,0x62,0x6f,0x72,0x64,0x65,0x72,0x3a,0x31,0x70,0x78,0x20,
    0x73,0x6f,0x6c,0x69,0x64,0x20,0x23,0x33,0x30,0x33,0x36,0x33,0x64,0x3b,0x63,0x6f,
    0x6c,0x6f,0x72,0x3a,0x23,0x63,0x39,0x64,0x31,0x64,0x39,0x7d,0x2e,0x74,0x61,0x62,
    0x2e,0x61,0x63,0x74,0x7b,0x62,0x61,0x63,0x6b,0x67,0x72,0x6f,0x75,0x6e,0x64,0x3a,
    0x23,0x32,0x64,0x64,0x34,0x62,0x66,0x3b,0x63,0x6f,0x6c,0x6f,0x72,0x3a,0x23,0x30,
    0x65,0x31,0x31,0x31,0x37,0x3b,0x62,0x6f,0x72,0x64,0x65,0x72,0x2d,0x63,0x6f,0x6c,
    0x6f,0x72,0x3a,0x23,0x32,0x64,0x64,0x34,0x62,0x66,0x3b,0x66,0x6f,0x6e,0x74,0x2d,
    0x77,0x65,0x69,0x67,0x68,0x74,0x3a,0x36,0x30,0x30,0x7d,0x2e,0x74,0x70,0x7b,0x64,
    0x69,0x73,0x70,0x6c,0x61,0x79,0x3a,0x6e,0x6f,0x6e,0x65,0x7d,0x2e,0x74,0x70,0x2e,
    0x61,0x63,0x74,0x7b,0x64,0x69,0x73,0x70,0x6c,0x61,0x79,0x3a,0x62,0x6c,0x6f,0x63,
    0x6b,0x7d,0x2e,0x62,0x61,0x72,0x7b,0x70,0x6f,0x73,0x69,0x74,0x69,0x6f,0x6e,0x3a,
    0x66,0x69,0x78,0x65,0x64,0x3b,0x62,0x6f,0x74,0x74,0x6f,0x6d,0x3a,0x30,0x3b,0x6c,
    0x65,0x66,0x74,0x3a,0x30,0x3b,0x72,0x69,0x67,0x68,0x74,0x3a,0x30,0x3b,0x62,0x61,
    0x63,0x6b,0x67,0x72,0x6f,0x75,0x6e,0x64,0x3a,0x23,0x31,0x36,0x31,0x62,0x32,0x32,
    0x3b,0x62,0x6f,0x72,0x64,0x65,0x72,0x2d,0x74,0x6f,0x70,0x3a,0x31,0x70,0x78,0x20,
    0x73,0x6f,0x6c,0x69,0x64,0x20,0x23,0x33,0x30,0x33,0x36,0x33,0x64,0x3b,0x70,0x61,
    0x64,0x64,0x69,0x6e,0x67,0x3a,0x31,0x30,0x70,0x78,0x20,0x31,0x36,0x70,0x78,0x3b,
    0x64,0x69,0x73,0x70,0x6c,0x61,0x79,0x3a,0x66,0x6c,0x65,0x78,0x3b,0x67,0x61,0x70,
    0x3a,0x38,0x70,0x78,0x3b,0x7a,0x2d,0x69,0x6e,0x64,0x65,0x78,0x3a,0x39,0x39,0x7d,
    0x2e,0x64,0x72,0x7b,0x64,0x69,0x73,0x70,0x6c,0x61,0x79,0x3a,0x66,0x6c,0x65,0x78,
    0x3b,0x61,0x6c,0x69,0x67,0x6e,0x2d,0x69,0x74,0x65,0x6d,0x73,0x3a,0x63,0x65,0x6e,
    0x74,0x65,0x72,0x3b,0x67,0x61,0x70,0x3a,0x36,0x70,0x78,0x3b,0x62,0x61,0x63,0x6b,
    0x67,0x72,0x6f,0x75,0x6e,0x64,0x3a,0x23,0x30,0x65,0x31,0x31,0x31,0x37,0x3b,0x62,
    0x6f,0x72,0x64,0x65,0x72,0x3a,0x31,0x70,0x78,0x20,0x73,0x6f,0x6c,0x69,0x64,0x20,
    0x23,0x33,0x30,0x33,0x36,0x33,0x64,0x3b,0x62,0x6f,0x72,0x64,0x65,0x72,0x2d,0x72,
    0x61,0x64,0x69,0x75,0x73,0x3a,0x35,0x70,0x78,0x3b,0x70,0x61,0x64,0x64,0x69,0x6e,
    0x67,0x3a,0x35,0x70,0x78,0x20,0x38,0x70,0x78,0x3b,0x6d,0x61,0x72,0x67,0x69,0x6e,
    0x2d,0x62,0x6f,0x74,0x74,0x6f,0x6d,0x3a,0x35,0x70,0x78,0x7d,0x2e,0x64,0x72,0x20,
    0x73,0x70,0x61,0x6e,0x7b,0x66,0x6c,0x65,0x78,0x3a,0x31,0x3b,0x66,0x6f,0x6e,0x74,
    0x2d,0x73,0x69,0x7a,0x65,0x3a,0x31,0x32,0x70,0x78,0x7d,0x2e,0x64,0x72,0x20,0x62,
    0x75,0x74,0x74,0x6f,0x6e,0x7b,0x62,0x61,0x63,0x6b,0x67,0x72,0x6f,0x75,0x6e,0x64,
    0x3a,0x6e,0x6f,0x6e,0x65,0x3b,0x62,0x6f,0x72,0x64,0x65,0x72,0x3a,0x6e,0x6f,0x6e,
    0x65,0x3b,0x63,0x6f,0x6c,0x6f,0x72,0x3a,0x23,0x38,0x62,0x39,0x34,0x39,0x65,0x3b,
    0x63,0x75,0x72,0x73,0x6f,0x72,0x3a,0x70,0x6f,0x69,0x6e,0x74,0x65,0x72,0x3b,0x66,
    0x6f,0x6e,0x74,0x2d,0x73,0x69,0x7a,0x65,0x3a,0x31,0x34,0x70,0x78,0x3b,0x70,0x61,
    0x64,0x64,0x69,0x6e,0x67,0x3a,0x30,0x20,0x32,0x70,0x78,0x7d,0x2e,0x64,0x72,0x20,
    0x62,0x75,0x74,0x74,0x6f,0x6e,0x3a,0x68,0x6f,0x76,0x65,0x72,0x7b,0x63,0x6f,0x6c,
    0x6f,0x72,0x3a,0x23,0x32,0x64,0x64,0x34,0x62,0x66,0x7d,0x74,0x61,0x62,0x6c,0x65,
    0x7b,0x77,0x69,0x64,0x74,0x68,0x3a,0x31,0x30,0x30,0x25,0x3b,0x62,0x6f,0x72,0x64,
    0x65,0x72,0x2d,0x63,0x6f,0x6c,0x6c,0x61,0x70,0x73,0x65,0x3a,0x63,0x6f,0x6c,0x6c,
    0x61,0x70,0x73,0x65,0x3b,0x66,0x6f,0x6e,0x74,0x2d,0x73,0x69,0x7a,0x65,0x3a,0x31,
    0x32,0x70,0x78,0x7d,0x74,0x68,0x7b,0x62,0x61,0x63,0x6b,0x67,0x72,0x6f,0x75,0x6e,
    0x64,0x3a,0x23,0x30,0x65,0x31,0x31,0x31,0x37,0x3b,0x63,0x6f,0x6c,0x6f,0x72,0x3a,
    0x23,0x38,0x62,0x39,0x34,0x39,0x65,0x3b,0x70,0x61,0x64,0x64,0x69,0x6e,0x67,0x3a,
    0x35,0x70,0x78,0x20,0x36,0x70,0x78,0x3b,0x74,0x65,0x78,0x74,0x2d,0x61,0x6c,0x69,
    0x67,0x6e,0x3a,0x6c,0x65,0x66,0x74,0x3b,0x62,0x6f,0x72,0x64,0x65,0x72,0x2d,0x62,
    0x6f,0x74,0x74,0x6f,0x6d,0x3a,0x31,0x70,0x78,0x20,0x73,0x6f,0x6c,0x69,0x64,0x20,
    0x23,0x33,0x30,0x33,0x36,0x33,0x64,0x7d,0x74,0x64,0x7b,0x70,0x61,0x64,0x64,0x69,
    0x6e,0x67,0x3a,0x34,0x70,0x78,0x20,0x35,0x70,0x78,0x3b,0x62,0x6f,0x72,0x64,0x65,
    0x72,0x2d,0x62,0x6f,0x74,0x74,0x6f,0x6d,0x3a,0x31,0x70,0x78,0x20,0x73,0x6f,0x6c,
    0x69,0x64,0x20,0x23,0x31,0x63,0x32,0x31,0x32,0x38,0x7d,0x74,0x64,0x20,0x69,0x6e,
    0x70,0x75,0x74,0x2c,0x74,0x64,0x20,0x73,0x65,0x6c,0x65,0x63,0x74,0x7b,0x70,0x61,
    0x64,0x64,0x69,0x6e,0x67,0x3a,0x33,0x70,0x78,0x20,0x35,0x70,0x78,0x3b,0x66,0x6f,
    0x6e,0x74,0x2d,0x73,0x69,0x7a,0x65,0x3a,0x31,0x32,0x70,0x78,0x7d,0x2e,0x6d,0x73,
    0x67,0x7b,0x64,0x69,0x73,0x70,0x6c,0x61,0x79,0x3a,0x6e,0x6f,0x6e,0x65,0x3b,0x70,
    0x61,0x64,0x64,0x69,0x6e,0x67,0x3a,0x36,0x70,0x78,0x20,0x31,0x32,0x70,0x78,0x3b,
    0x62,0x6f,0x72,0x64,0x65,0x72,0x2d,0x72,0x61,0x64,0x69,0x75,0x73,0x3a,0x35,0x70,
    0x78,0x3b,0x66,0x6f,0x6e,0x74,0x2d,0x73,0x69,0x7a,0x65,0x3a,0x31,0x33,0x70,0x78,
    0x3b,0x66,0x6f,0x6e,0x74,0x2d,0x77,0x65,0x69,0x67,0x68,0x74,0x3a,0x36,0x30,0x30,
    0x7d,0x2e,0x6f,0x6b,0x7b,0x62,0x61,0x63,0x6b,0x67,0x72,0x6f,0x75,0x6e,0x64,0x3a,
    0x23,0x31,0x61,0x33,0x61,0x32,0x65,0x3b,0x63,0x6f,0x6c,0x6f,0x72,0x3a,0x23,0x32,
    0x64,0x64,0x34,0x62,0x66,0x7d,0x2e,0x65,0x72,0x7b,0x62,0x61,0x63,0x6b,0x67,0x72,
    0x6f,0x75,0x6e,0x64,0x3a,0x23,0x33,0x61,0x31,0x61,0x31,0x61,0x3b,0x63,0x6f,0x6c,
    0x6f,0x72,0x3a,0x23,0x66,0x38,0x37,0x31,0x37,0x31,0x7d,0x2e,0x77,0x61,0x72,0x6e,
    0x7b,0x62,0x61,0x63,0x6b,0x67,0x72,0x6f,0x75,0x6e,0x64,0x3a,0x23,0x32,0x61,0x32,
    0x32,0x30,0x30,0x3b,0x63,0x6f,0x6c,0x6f,0x72,0x3a,0x23,0x65,0x33,0x62,0x33,0x34,
    0x31,0x7d,0x2e,0x73,0x68,0x7b,0x66,0x6f,0x6e,0x74,0x2d,0x73,0x69,0x7a,0x65,0x3a,
    0x31,0x32,0x70,0x78,0x3b,0x63,0x6f,0x6c,0x6f,0x72,0x3a,0x23,0x38,0x62,0x39,0x34,
    0x39,0x65,0x3b,0x6d,0x61,0x72,0x67,0x69,0x6e,0x3a,0x38,0x70,0x78,0x20,0x30,0x20,
    0x34,0x70,0x78,0x3b,0x66,0x6f,0x6e,0x74,0x2d,0x77,0x65,0x69,0x67,0x68,0x74,0x3a,
    0x36,0x30,0x30,0x7d,0x0a,0x0a,0x2f,0x2a,0x20,0xe2,0x94,0x80,0xe2,0x94,0x80,0x20,
    0x6c,0x61,0x79,0x6f,0x75,0x74,0x20,0x73,0x68,0x65,0x6c,0x6c,0x20,0x28,0x73,0x69,
    0x64,0x65,0x62,0x61,0x72,0x20,0x2b,0x20,0x77,0x72,0x61,0x70,0x29,0x20,0xe2,0x94,
    0x80,0xe2,0x94,0x80,0xe2,0x94,0x80,0xe2,0x94,0x80,0xe2,0x94,0x80,0xe2,0x94,0x80,
    0xe2,0x94,0x80,0xe2,0x94,0x80,0xe2,0x94,0x80,0xe2,0x94,0x80,0xe2,0x94,0x80,0xe2,
    0x94,0x80,0xe2,0x94,0x80,0xe2,0x94,0x80,0xe2,0x94,0x80,0xe2,0x94,0x80,0xe2,0x94,
    0x80,0xe2,0x94,0x80,0xe2,0x94,0x80,0x20,0x2a,0x2f,0x0a,0x62,0x6f,0x64,0x79,0x7b,
    0x70,0x61,0x64,0x64,0x69,0x6e,0x67,0x3a,0x30,0x3b,0x64,0x69,0x73,0x70,0x6c,0x61,
    0x79,0x3a,0x66,0x6c,0x65,0x78,0x3b,0x66,0x6c,0x65,0x78,0x2d,0x64,0x69,0x72,0x65,
    0x63,0x74,0x69,0x6f,0x6e,0x3a,0x72,0x6f,0x77,0x3b,0x6d,0x69,0x6e,0x2d,0x68,0x65,
    0x69,0x67,0x68,0x74,0x3a,0x31,0x30,0x30,0x64,0x76,0x68,0x7d,0x0a,0x0a,0x2e,0x73,
    0x69,0x64,0x65,0x62,0x61,0x72,0x7b,0x0a,0x20,0x20,0x77,0x69,0x64,0x74,0x68,0x3a,
    0x35,0x32,0x70,0x78,0x3b,0x6d,0x69,0x6e,0x2d,0x77,0x69,0x64,0x74,0x68,0x3a,0x35,
    0x32,0x70,0x78,0x3b,0x0a,0x20,0x20,0x62,0x61,0x63,0x6b,0x67,0x72,0x6f,0x75,0x6e,
    0x64,0x3a,0x23,0x31,0x36,0x31,0x62,0x32,0x32,0x3b,0x0a,0x20,0x20,0x62,0x6f,0x72,
    0x64,0x65,0x72,0x2d,0x72,0x69,0x67,0x68,0x74,0x3a,0x31,0x70,0x78,0x20,0x73,0x6f,
    0x6c,0x69,0x64,0x20,0x23,0x33,0x30,0x33,0x36,0x33,0x64,0x3b,0x0a,0x20,0x20,0x64,
    0x69,0x73,0x70,0x6c,0x61,0x79,0x3a,0x66,0x6c,0x65,0x78,0x3b,0x66,0x6c,0x65,0x78,
    0x2d,0x64,0x69,0x72,0x65,0x63,0x74,0x69,0x6f,0x6e,0x3a,0x63,0x6f,0x6c,0x75,0x6d,
    0x6e,0x3b,0x61,0x6c,0x69,0x67,0x6e,0x2d,0x69,0x74,0x65,0x6d,0x73,0x3a,0x63,0x65,
    0x6e,0x74,0x65,0x72,0x3b,0x0a,0x20,0x20,0x70,0x61,0x64,0x64,0x69,0x6e,0x67,0x3a,
    0x31,0x30,0x70,0x78,0x20,0x30,0x3b,0x67,0x61,0x70,0x3a,0x32,0x70,0x78,0x3b,0x0a,
    0x20,0x20,0x70,0x6f,0x73,0x69,0x74,0x69,0x6f,0x6e,0x3a,0x73,0x74,0x69,0x63,0x6b,
    0x79,0x3b,0x74,0x6f,0x70,0x3a,0x30,0x3b,0x68,0x65,0x69,0x67,0x68,0x74,0x3a,0x31,
    0x30,0x30,0x64,0x76,0x68,0x3b,0x0a,0x20,0x20,0x66,0x6c,0x65,0x78,0x2d,0x73,0x68,
    0x72,0x69,0x6e,0x6b,0x3a,0x30,0x3b,0x0a,0x7d,0x0a,0x2e,0x73,0x69,0x64,0x65,0x62,
    0x61,0x72,0x2d,0x6c,0x6f,0x67,0x6f,0x7b,0x0a,0x20,0x20,0x77,0x69,0x64,0x74,0x68,
    0x3a,0x33,0x32,0x70,0x78,0x3b,0x68,0x65,0x69,0x67,0x68,0x74,0x3a,0x33,0x32,0x70,
    0x78,0x3b,0x6d,0x61,0x72,0x67,0x69,0x6e,0x2d,0x62,0x6f,0x74,0x74,0x6f,0x6d,0x3a,
    0x31,0x32,0x70,0x78,0x3b,0x0a,0x20,0x20,0x64,0x69,0x73,0x70,0x6c,0x61,0x79,0x3a,
    0x66,0x6c,0x65,0x78,0x3b,0x61,0x6c,0x69,0x67,0x6e,0x2d,0x69,0x74,0x65,0x6d,0x73,
    0x3a,0x63,0x65,0x6e,0x74,0x65,0x72,0x3b,0x6a,0x75,0x73,0x74,0x69,0x66,0x79,0x2d,
    0x63,0x6f,0x6e,0x74,0x65,0x6e,0x74,0x3a,0x63,0x65,0x6e,0x74,0x65,0x72,0x3b,0x0a,
    0x20,0x20,0x63,0x6f,0x6c,0x6f,0x72,0x3a,0x23,0x32,0x64,0x64,0x34,0x62,0x66,0x3b,
    0x0a,0x7d,0x0a,0x2e,0x73,0x69,0x64,0x65,0x62,0x61,0x72,0x20,0x61,0x7b,0x0a,0x20,
    0x20,0x77,0x69,0x64,0x74,0x68,0x3a,0x33,0x38,0x70,0x78,0x3b,0x68,0x65,0x69,0x67,
    0x68,0x74,0x3a,0x33,0x38,0x70,0x78,0x3b,0x62,0x6f,0x72,0x64,0x65,0x72,0x2d,0x72,
    0x61,0x64,0x69,0x75,0x73,0x3a,0x36,0x70,0x78,0x3b,0x0a,0x20,0x20,0x64,0x69,0x73,
    0x70,0x6c,0x61,0x79,0x3a,0x66,0x6c,0x65,0x78,0x3b,0x61,0x6c,0x69,0x67,0x6e,0x2d,
    0x69,0x74,0x65,0x6d,0x73,0x3a,0x63,0x65,0x6e,0x74,0x65,0x72,0x3b,0x6a,0x75,0x73,
    0x74,0x69,0x66,0x79,0x2d,0x63,0x6f,0x6e,0x74,0x65,0x6e,0x74,0x3a,0x63,0x65,0x6e,
    0x74,0x65,0x72,0x3b,0x0a,0x20,0x20,0x63,0x6f,0x6c,0x6f,0x72,0x3a,0x23,0x38,0x62,
    0x39,0x34,0x39,0x65,0x3b,0x74,0x65,0x78,0x74,0x2d,0x64,0x65,0x63,0x6f,0x72,0x61,
    0x74,0x69,0x6f,0x6e,0x3a,0x6e,0x6f,0x6e,0x65,0x3b,0x0a,0x20,0x20,0x74,0x72,0x61,
    0x6e,0x73,0x69,0x74,0x69,0x6f,0x6e,0x3a,0x63,0x6f,0x6c,0x6f,0x72,0x20,0x2e,0x31,
    0x35,0x73,0x2c,0x62,0x61,0x63,0x6b,0x67,0x72,0x6f,0x75,0x6e,0x64,0x20,0x2e,0x31,
    0x35,0x73,0x3b,0x0a,0x20,0x20,0x70,0x6f,0x73,0x69,0x74,0x69,0x6f,0x6e,0x3a,0x72,
    0x65,0x6c,0x61,0x74,0x69,0x76,0x65,0x3b,0x0a,0x7d,0x0a,0x2e,0x73,0x69,0x64,0x65,
    0x62,0x61,0x72,0x20,0x61,0x3a,0x68,0x6f,0x76,0x65,0x72,0x7b,0x63,0x6f,0x6c,0x6f,
    0x72,0x3a,0x23,0x63,0x39,0x64,0x31,0x64,0x39,0x3b,0x62,0x61,0x63,0x6b,0x67,0x72,
    0x6f,0x75,0x6e,0x64,0x3a,0x23,0x32,0x31,0x32,0x36,0x32,0x64,0x7d,0x0a,0x2e,0x73,
    0x69,0x64,0x65,0x62,0x61,0x72,0x20,0x61,0x2e,0x61,0x63,0x74,0x7b,0x0a,0x20,0x20,
    0x63,0x6f,0x6c,0x6f,0x72,0x3a,0x23,0x30,0x65,0x31,0x31,0x31,0x37,0x3b,0x62,0x61,
    0x63,0x6b,0x67,0x72,0x6f,0x75,0x6e,0x64,0x3a,0x23,0x32,0x64,0x64,0x34,0x62,0x66,
    0x3b,0x0a,0x7d,0x0a,0x2e,0x73,0x69,0x64,0x65,0x62,0x61,0x72,0x20,0x61,0x2e,0x61,
    0x63,0x74,0x3a,0x3a,0x61,0x66,0x74,0x65,0x72,0x7b,0x0a,0x20,0x20,0x63,0x6f,0x6e,
    0x74,0x65,0x6e,0x74,0x3a,0x61,0x74,0x74,0x72,0x28,0x74,0x69,0x74,0x6c,0x65,0x29,
    0x3b,0x0a,0x20,0x20,0x70,0x6f,0x73,0x69,0x74,0x69,0x6f,0x6e,0x3a,0x61,0x62,0x73,
    0x6f,0x6c,0x75,0x74,0x65,0x3b,0x6c,0x65,0x66,0x74,0x3a,0x34,0x38,0x70,0x78,0x3b,
    0x0a,0x20,0x20,0x62,0x61,0x63,0x6b,0x67,0x72,0x6f,0x75,0x6e,0x64,0x3a,0x23,0x31,
    0x36,0x31,0x62,0x32,0x32,0x3b,0x63,0x6f,0x6c,0x6f,0x72,0x3a,0x23,0x32,0x64,0x64,
    0x34,0x62,0x66,0x3b,0x0a,0x20,0x20,0x66,0x6f,0x6e,0x74,0x2d,0x73,0x69,0x7a,0x65,
    0x3a,0x31,0x31,0x70,0x78,0x3b,0x66,0x6f,0x6e,0x74,0x2d,0x77,0x65,0x69,0x67,0x68,
    0x74,0x3a,0x36,0x30,0x30,0x3b,0x0a,0x20,0x20,0x70,0x61,0x64,0x64,0x69,0x6e,0x67,
    0x3a,0x33,0x70,0x78,0x20,0x38,0x70,0x78,0x3b,0x62,0x6f,0x72,0x64,0x65,0x72,0x2d,
    0x72,0x61,0x64,0x69,0x75,0x73,0x3a,0x34,0x70,0x78,0x3b,0x0a,0x20,0x20,0x62,0x6f,
    0x72,0x64,0x65,0x72,0x3a,0x31,0x70,0x78,0x20,0x73,0x6f,0x6c,0x69,0x64,0x20,0x23,
    0x33,0x30,0x33,0x36,0x33,0x64,0x3b,0x0a,0x20,0x20,0x77,0x68,0x69,0x74,0x65,0x2d,
    0x73,0x70,0x61,0x63,0x65,0x3a,0x6e,0x6f,0x77,0x72,0x61,0x70,0x3b,0x70,0x6f,0x69,
    0x6e,0x74,0x65,0x72,0x2d,0x65,0x76,0x65,0x6e,0x74,0x73,0x3a,0x6e,0x6f,0x6e,0x65,
    0x3b,0x0a,0x20,0x20,0x6f,0x70,0x61,0x63,0x69,0x74,0x79,0x3a,0x30,0x3b,0x74,0x72,
    0x61,0x6e,0x73,0x69,0x74,0x69,0x6f,0x6e,0x3a,0x6f,0x70,0x61,0x63,0x69,0x74,0x79,
    0x20,0x2e,0x31,0x35,0x73,0x3b,0x0a,0x20,0x20,0x7a,0x2d,0x69,0x6e,0x64,0x65,0x78,
    0x3a,0x31,0x30,0x30,0x3b,0x0a,0x7d,0x0a,0x2e,0x73,0x69,0x64,0x65,0x62,0x61,0x72,
    0x20,0x61,0x3a,0x68,0x6f,0x76,0x65,0x72,0x3a,0x3a,0x61,0x66,0x74,0x65,0x72,0x7b,
    0x0a,0x20,0x20,0x63,0x6f,0x6e,0x74,0x65,0x6e,0x74,0x3a,0x61,0x74,0x74,0x72,0x28,
    0x74,0x69,0x74,0x6c,0x65,0x29,0x3b,0x0a,0x20,0x20,0x70,0x6f,0x73,0x69,0x74,0x69,
    0x6f,0x6e,0x3a,0x61,0x62,0x73,0x6f,0x6c,0x75,0x74,0x65,0x3b,0x6c,0x65,0x66,0x74,
    0x3a,0x34,0x38,0x70,0x78,0x3b,0x0a,0x20,0x20,0x62,0x61,0x63,0x6b,0x67,0x72,0x6f,
    0x75,0x6e,0x64,0x3a,0x23,0x31,0x36,0x31,0x62,0x32,0x32,0x3b,0x63,0x6f,0x6c,0x6f,
    0x72,0x3a,0x23,0x63,0x39,0x64,0x31,0x64,0x39,0x3b,0x0a,0x20,0x20,0x66,0x6f,0x6e,
    0x74,0x2d,0x73,0x69,0x7a,0x65,0x3a,0x31,0x31,0x70,0x78,0x3b,0x70,0x61,0x64,0x64,
    0x69,0x6e,0x67,0x3a,0x33,0x70,0x78,0x20,0x38,0x70,0x78,0x3b,0x62,0x6f,0x72,0x64,
    0x65,0x72,0x2d,0x72,0x61,0x64,0x69,0x75,0x73,0x3a,0x34,0x70,0x78,0x3b,0x0a,0x20,
    0x20,0x62,0x6f,0x72,0x64,0x65,0x72,0x3a,0x31,0x70,0x78,0x20,0x73,0x6f,0x6c,0x69,
    0x64,0x20,0x23,0x33,0x30,0x33,0x36,0x33,0x64,0x3b,0x0a,0x20,0x20,0x77,0x68,0x69,
    0x74,0x65,0x2d,0x73,0x70,0x61,0x63,0x65,0x3a,0x6e,0x6f,0x77,0x72,0x61,0x70,0x3b,
    0x70,0x6f,0x69,0x6e,0x74,0x65,0x72,0x2d,0x65,0x76,0x65,0x6e,0x74,0x73,0x3a,0x6e,
    0x6f,0x6e,0x65,0x3b,0x0a,0x20,0x20,0x6f,0x70,0x61,0x63,0x69,0x74,0x79,0x3a,0x31,
    0x3b,0x7a,0x2d,0x69,0x6e,0x64,0x65,0x78,0x3a,0x31,0x30,0x30,0x3b,0x0a,0x7d,0x0a,
    0x2e,0x73,0x69,0x64,0x65,0x62,0x61,0x72,0x2d,0x73,0x70,0x61,0x63,0x65,0x72,0x7b,
    0x66,0x6c,0x65,0x78,0x3a,0x31,0x7d,0x0a,0x2e,0x73,0x69,0x64,0x65,0x62,0x61,0x72,
    0x2d,0x76,0x65,0x72,0x7b,0x0a,0x20,0x20,0x66,0x6f,0x6e,0x74,0x2d,0x73,0x69,0x7a,
    0x65,0x3a,0x31,0x30,0x70,0x78,0x3b,0x63,0x6f,0x6c,0x6f,0x72,0x3a,0x23,0x34,0x38,
    0x34,0x66,0x35,0x38,0x3b,0x0a,0x20,0x20,0x77,0x72,0x69,0x74,0x69,0x6e,0x67,0x2d,
    0x6d,0x6f,0x64,0x65,0x3a,0x76,0x65,0x72,0x74,0x69,0x63,0x61,0x6c,0x2d,0x72,0x6c,
    0x3b,0x0a,0x20,0x20,0x70,0x61,0x64,0x64,0x69,0x6e,0x67,0x2d,0x62,0x6f,0x74,0x74,
    0x6f,0x6d,0x3a,0x36,0x70,0x78,0x3b,0x6c,0x65,0x74,0x74,0x65,0x72,0x2d,0x73,0x70,
    0x61,0x63,0x69,0x6e,0x67,0x3a,0x2e,0x31,0x65,0x6d,0x3b,0x0a,0x7d,0x0a,0x0a,0x2e,
    0x77,0x72,0x61,0x70,0x7b,0x66,0x6c,0x65,0x78,0x3a,0x31,0x3b,0x64,0x69,0x73,0x70,
    0x6c,0x61,0x79,0x3a,0x66,0x6c,0x65,0x78,0x3b,0x66,0x6c,0x65,0x78,0x2d,0x64,0x69,
    0x72,0x65,0x63,0x74,0x69,0x6f,0x6e,0x3a,0x63,0x6f,0x6c,0x75,0x6d,0x6e,0x3b,0x6d,
    0x69,0x6e,0x2d,0x77,0x69,0x64,0x74,0x68,0x3a,0x30,0x3b,0x6f,0x76,0x65,0x72,0x66,
    0x6c,0x6f,0x77,0x3a,0x68,0x69,0x64,0x64,0x65,0x6e,0x7d,0x0a,0x0a,0x2f,0x2a,0x20,
    0x74,0x6f,0x70,0x62,0x61,0x72,0x20,0xe2,0x80,0x94,0x20,0xd1,0x82,0xd0,0xbe,0xd0,
    0xbd,0xd0,0xba,0xd0,0xb0,0xd1,0x8f,0x20,0xd0,0xbf,0xd0,0xbe,0xd0,0xbb,0xd0,0xbe,
    0xd1,0x81,0xd0,0xba,0xd0,0xb0,0x20,0xd1,0x81,0x20,0x49,0x50,0x20,0x2a,0x2f,0x0a,
    0x2e,0x74,0x6f,0x70,0x62,0x61,0x72,0x7b,0x0a,0x20,0x20,0x62,0x61,0x63,0x6b,0x67,
    0x72,0x6f,0x75,0x6e,0x64,0x3a,0x23,0x31,0x36,0x31,0x62,0x32,0x32,0x3b,0x62,0x6f,
    0x72,0x64,0x65,0x72,0x2d,0x62,0x6f,0x74,0x74,0x6f,0x6d,0x3a,0x31,0x70,0x78,0x20,
    0x73,0x6f,0x6c,0x69,0x64,0x20,0x23,0x33,0x30,0x33,0x36,0x33,0x64,0x3b,0x0a,0x20,
    0x20,0x68,0x65,0x69,0x67,0x68,0x74,0x3a,0x34,0x30,0x70,0x78,0x3b,0x64,0x69,0x73,
    0x70,0x6c,0x61,0x79,0x3a,0x66,0x6c,0x65,0x78,0x3b,0x61,0x6c,0x69,0x67,0x6e,0x2d,
    0x69,0x74,0x65,0x6d,0x73,0x3a,0x63,0x65,0x6e,0x74,0x65,0x72,0x3b,0x0a,0x20,0x20,
    0x70,0x61,0x64,0x64,0x69,0x6e,0x67,0x3a,0x30,0x20,0x31,0x36,0x70,0x78,0x3b,0x67,
    0x61,0x70,0x3a,0x31,0x32,0x70,0x78,0x3b,0x66,0x6c,0x65,0x78,0x2d,0x73,0x68,0x72,
    0x69,0x6e,0x6b,0x3a,0x30,0x3b,0x0a,0x7d,0x0a,0x2e,0x74,0x6f,0x70,0x62,0x61,0x72,
    0x2d,0x74,0x69,0x74,0x6c,0x65,0x7b,0x66,0x6f,0x6e,0x74,0x2d,0x73,0x69,0x7a,0x65,
    0x3a,0x31,0x33,0x70,0x78,0x3b,0x66,0x6f,0x6e,0x74,0x2d,0x77,0x65,0x69,0x67,0x68,
    0x74,0x3a,0x36,0x30,0x30,0x3b,0x63,0x6f,0x6c,0x6f,0x72,0x3a,0x23,0x32,0x64,0x64,
    0x34,0x62,0x66,0x3b,0x66,0x6c,0x65,0x78,0x3a,0x31,0x7d,0x0a,0x2e,0x74,0x6f,0x70,
    0x62,0x61,0x72,0x2d,0x69,0x70,0x7b,0x66,0x6f,0x6e,0x74,0x2d,0x73,0x69,0x7a,0x65,
    0x3a,0x31,0x32,0x70,0x78,0x3b,0x63,0x6f,0x6c,0x6f,0x72,0x3a,0x23,0x38,0x62,0x39,
    0x34,0x39,0x65,0x3b,0x66,0x6f,0x6e,0x74,0x2d,0x66,0x61,0x6d,0x69,0x6c,0x79,0x3a,
    0x6d,0x6f,0x6e,0x6f,0x73,0x70,0x61,0x63,0x65,0x7d,0x0a,0x0a,0x2f,0x2a,0x20,0x77,
    0x72,0x61,0x70,0x20,0x3e,0x20,0x6d,0x61,0x69,0x6e,0x20,0x2a,0x2f,0x0a,0x2e,0x77,
    0x72,0x61,0x70,0x20,0x6d,0x61,0x69,0x6e,0x2c,0x20,0x2e,0x77,0x72,0x61,0x70,0x20,
    0x3e,0x20,0x64,0x69,0x76,0x3a,0x6e,0x6f,0x74,0x28,0x2e,0x74,0x6f,0x70,0x62,0x61,
    0x72,0x29,0x7b,0x70,0x61,0x64,0x64,0x69,0x6e,0x67,0x3a,0x30,0x7d,0x0a,0x0a,0x2f,
    0x2a,0x20,0xe2,0x94,0x80,0xe2,0x94,0x80,0x20,0xd0,0xb4,0xd0,0xbe,0xd0,0xbf,0x2e,
    0x20,0xd0,0xba,0xd0,0xbb,0xd0,0xb0,0xd1,0x81,0xd1,0x81,0xd1,0x8b,0x20,0xd0,0xb8,
    0xd0,0xb7,0x20,0x69,0x6e,0x64,0x65,0x78,0x2e,0x68,0x74,0x6d,0x6c,0x20,0xe2,0x94,
    0x80,0xe2,0x94,0x80,0xe2,0x94,0x80,0xe2,0x94,0x80,0xe2,0x94,0x80,0xe2,0x94,0x80,
    0xe2,0x94,0x80,0xe2,0x94,0x80,0xe2,0x94,0x80,0xe2,0x94,0x80,0xe2,0x94,0x80,0xe2,
    0x94,0x80,0xe2,0x94,0x80,0xe2,0x94,0x80,0xe2,0x94,0x80,0xe2,0x94,0x80,0xe2,0x94,
    0x80,0xe2,0x94,0x80,0xe2,0x94,0x80,0xe2,0x94,0x80,0xe2,0x94,0x80,0xe2,0x94,0x80,
    0xe2,0x94,0x80,0xe2,0x94,0x80,0x20,0x2a,0x2f,0x0a,0x3a,0x72,0x6f,0x6f,0x74,0x7b,
    0x2d,0x2d,0x74,0x65,0x61,0x6c,0x3a,0x23,0x32,0x64,0x64,0x34,0x62,0x66,0x3b,0x2d,
    0x2d,0x62,0x67,0x3a,0x23,0x30,0x65,0x31,0x31,0x31,0x37,0x3b,0x2d,0x2d,0x73,0x75,
    0x72,0x66,0x61,0x63,0x65,0x3a,0x23,0x31,0x36,0x31,0x62,0x32,0x32,0x3b,0x2d,0x2d,
    0x62,0x6f,0x72,0x64,0x65,0x72,0x3a,0x23,0x33,0x30,0x33,0x36,0x33,0x64,0x3b,0x2d,
    0x2d,0x74,0x65,0x78,0x74,0x3a,0x23,0x63,0x39,0x64,0x31,0x64,0x39,0x3b,0x2d,0x2d,
    0x6d,0x75,0x74,0x65,0x64,0x3a,0x23,0x38,0x62,0x39,0x34,0x39,0x65,0x7d,0x0a,0x2e,
    0x70,0x61,0x67,0x65,0x2d,0x74,0x69,0x74,0x6c,0x65,0x7b,0x66,0x6f,0x6e,0x74,0x2d,
    0x73,0x69,0x7a,0x65,0x3a,0x31,0x38,0x70,0x78,0x3b,0x66,0x6f,0x6e,0x74,0x2d,0x77,
    0x65,0x69,0x67,0x68,0x74,0x3a,0x37,0x30,0x30,0x3b,0x63,0x6f,0x6c,0x6f,0x72,0x3a,
    0x23,0x32,0x64,0x64,0x34,0x62,0x66,0x3b,0x70,0x61,0x64,0x64,0x69,0x6e,0x67,0x3a,
    0x31,0x34,0x70,0x78,0x20,0x31,0x36,0x70,0x78,0x20,0x30,0x3b,0x6d,0x61,0x72,0x67,
    0x69,0x6e,0x2d,0x62,0x6f,0x74,0x74,0x6f,0x6d,0x3a,0x31,0x34,0x70,0x78,0x7d,0x0a,
    0x2e,0x63,0x61,0x72,0x64,0x7b,0x62,0x61,0x63,0x6b,0x67,0x72,0x6f,0x75,0x6e,0x64,
    0x3a,0x23,0x31,0x36,0x31,0x62,0x32,0x32,0x3b,0x62,0x6f,0x72,0x64,0x65,0x72,0x3a,
    0x31,0x70,0x78,0x20,0x73,0x6f,0x6c,0x69,0x64,0x20,0x23,0x33,0x30,0x33,0x36,0x33,
    0x64,0x3b,0x62,0x6f,0x72,0x64,0x65,0x72,0x2d,0x72,0x61,0x64,0x69,0x75,0x73,0x3a,
    0x38,0x70,0x78,0x3b,0x70,0x61,0x64,0x64,0x69,0x6e,0x67,0x3a,0x31,0x36,0x70,0x78,
    0x3b,0x6d,0x61,0x72,0x67,0x69,0x6e,0x3a,0x31,0x30,0x70,0x78,0x7d,0x0a,0x2e,0x63,
    0x61,0x72,0x64,0x2b,0x2e,0x63,0x61,0x72,0x64,0x7b,0x6d,0x61,0x72,0x67,0x69,0x6e,
    0x2d,0x74,0x6f,0x70,0x3a,0x30,0x7d,0x0a,0x2e,0x63,0x61,0x72,0x64,0x2d,0x74,0x69,
    0x74,0x6c,0x65,0x7b,0x66,0x6f,0x6e,0x74,0x2d,0x73,0x69,0x7a,0x65,0x3a,0x31,0x31,
    0x70,0x78,0x3b,0x66,0x6f,0x6e,0x74,0x2d,0x77,0x65,0x69,0x67,0x68,0x74,0x3a,0x36,
    0x30,0x30,0x3b,0x63,0x6f,0x6c,0x6f,0x72,0x3a,0x23,0x38,0x62,0x39,0x34,0x39,0x65,
    0x3b,0x74,0x65,0x78,0x74,0x2d,0x74,0x72,0x61,0x6e,0x73,0x66,0x6f,0x72,0x6d,0x3a,
    0x75,0x70,0x70,0x65,0x72,0x63,0x61,0x73,0x65,0x3b,0x6c,0x65,0x74,0x74,0x65,0x72,
    0x2d,0x73,0x70,0x61,0x63,0x69,0x6e,0x67,0x3a,0x2e,0x30,0x39,0x65,0x6d,0x3b,0x6d,
    0x61,0x72,0x67,0x69,0x6e,0x2d,0x62,0x6f,0x74,0x74,0x6f,0x6d,0x3a,0x31,0x32,0x70,
    0x78,0x7d,0x0a,0x2e,0x74,0x77,0x6f,0x2d,0x63,0x6f,0x6c,0x7b,0x64,0x69,0x73,0x70,
    0x6c,0x61,0x79,0x3a,0x67,0x72,0x69,0x64,0x3b,0x67,0x72,0x69,0x64,0x2d,0x74,0x65,
    0x6d,0x70,0x6c,0x61,0x74,0x65,0x2d,0x63,0x6f,0x6c,0x75,0x6d,0x6e,0x73,0x3a,0x31,
    0x66,0x72,0x20,0x31,0x66,0x72,0x3b,0x67,0x61,0x70,0x3a,0x31,0x30,0x70,0x78,0x3b,
    0x6d,0x61,0x72,0x67,0x69,0x6e,0x3a,0x31,0x30,0x70,0x78,0x7d,0x0a,0x2e,0x73,0x74,
    0x61,0x74,0x2d,0x72,0x6f,0x77,0x7b,0x64,0x69,0x73,0x70,0x6c,0x61,0x79,0x3a,0x66,
    0x6c,0x65,0x78,0x3b,0x6a,0x75,0x73,0x74,0x69,0x66,0x79,0x2d,0x63,0x6f,0x6e,0x74,
    0x65,0x6e,0x74,0x3a,0x73,0x70,0x61,0x63,0x65,0x2d,0x62,0x65,0x74,0x77,0x65,0x65,
    0x6e,0x3b,0x61,0x6c,0x69,0x67,0x6e,0x2d,0x69,0x74,0x65,0x6d,0x73,0x3a,0x63,0x65,
    0x6e,0x74,0x65,0x72,0x3b,0x70,0x61,0x64,0x64,0x69,0x6e,0x67,0x3a,0x35,0x70,0x78,
    0x20,0x30,0x3b,0x62,0x6f,0x72,0x64,0x65,0x72,0x2d,0x62,0x6f,0x74,0x74,0x6f,0x6d,
    0x3a,0x31,0x70,0x78,0x20,0x73,0x6f,0x6c,0x69,0x64,0x20,0x23,0x31,0x63,0x32,0x31,
    0x32,0x38,0x7d,0x0a,0x2e,0x73,0x74,0x61,0x74,0x2d,0x72,0x6f,0x77,0x3a,0x6c,0x61,
    0x73,0x74,0x2d,0x63,0x68,0x69,0x6c,0x64,0x7b,0x62,0x6f,0x72,0x64,0x65,0x72,0x2d,
    0x62,0x6f,0x74,0x74,0x6f,0x6d,0x3a,0x6e,0x6f,0x6e,0x65,0x7d,0x0a,0x2e,0x73,0x74,
    0x61,0x74,0x2d,0x6b,0x65,0x79,0x7b,0x66,0x6f,0x6e,0x74,0x2d,0x73,0x69,0x7a,0x65,
    0x3a,0x31,0x32,0x70,0x78,0x3b,0x63,0x6f,0x6c,0x6f,0x72,0x3a,0x23,0x38,0x62,0x39,
    0x34,0x39,0x65,0x7d,0x0a,0x2e,0x73,0x74,0x61,0x74,0x2d,0x76,0x61,0x6c,0x7b,0x66,
    0x6f,0x6e,0x74,0x2d,0x73,0x69,0x7a,0x65,0x3a,0x31,0x32,0x70,0x78,0x3b,0x63,0x6f,
    0x6c,0x6f,0x72,0x3a,0x23,0x63,0x39,0x64,0x31,0x64,0x39,0x3b,0x66,0x6f,0x6e,0x74,
    0x2d,0x66,0x61,0x6d,0x69,0x6c,0x79,0x3a,0x6d,0x6f,0x6e,0x6f,0x73,0x70,0x61,0x63,
    0x65,0x3b,0x74,0x65,0x78,0x74,0x2d,0x61,0x6c,0x69,0x67,0x6e,0x3a,0x72,0x69,0x67,
    0x68,0x74,0x7d,0x0a,0x2e,0x6b,0x70,0x69,0x2d,0x67,0x72,0x69,0x64,0x7b,0x64,0x69,
    0x73,0x70,0x6c,0x61,0x79,0x3a,0x67,0x72,0x69,0x64,0x3b,0x67,0x72,0x69,0x64,0x2d,
    0x74,0x65,0x6d,0x70,0x6c,0x61,0x74,0x65,0x2d,0x63,0x6f,0x6c,0x75,0x6d,0x6e,0x73,
    0x3a,0x72,0x65,0x70,0x65,0x61,0x74,0x28,0x61,0x75,0x74,0x6f,0x2d,0x66,0x69,0x6c,
    0x6c,0x2c,0x6d,0x69,0x6e,0x6d,0x61,0x78,0x28,0x31,0x36,0x30,0x70,0x78,0x2c,0x31,
    0x66,0x72,0x29,0x29,0x3b,0x67,0x61,0x70,0x3a,0x31,0x30,0x70,0x78,0x3b,0x6d,0x61,
    0x72,0x67,0x69,0x6e,0x3a,0x31,0x30,0x70,0x78,0x7d,0x0a,0x2e,0x6b,0x70,0x69,0x7b,
    0x62,0x61,0x63,0x6b,0x67,0x72,0x6f,0x75,0x6e,0x64,0x3a,0x23,0x31,0x36,0x31,0x62,
    0x32,0x32,0x3b,0x62,0x6f,0x72,0x64,0x65,0x72,0x3a,0x31,0x70,0x78,0x20,0x73,0x6f,
    0x6c,0x69,0x64,0x20,0x23,0x33,0x30,0x33,0x36,0x33,0x64,0x3b,0x62,0x6f,0x72,0x64,
    0x65,0x72,0x2d,0x72,0x61,0x64,0x69,0x75,0x73,0x3a,0x38,0x70,0x78,0x3b,0x70,0x61,
    0x64,0x64,0x69,0x6e,0x67,0x3a,0x31,0x34,0x70,0x78,0x20,0x31,0x36,0x70,0x78,0x7d,
    0x0a,0x2e,0x6b,0x70,0x69,0x2d,0x6c,0x61,0x62,0x65,0x6c,0x7b,0x66,0x6f,0x6e,0x74,
    0x2d,0x73,0x69,0x7a,0x65,0x3a,0x31,0x31,0x70,0x78,0x3b,0x63,0x6f,0x6c,0x6f,0x72,
    0x3a,0x23,0x38,0x62,0x39,0x34,0x39,0x65,0x3b,0x66,0x6f,0x6e,0x74,0x2d,0x77,0x65,
    0x69,0x67,0x68,0x74,0x3a,0x35,0x30,0x30,0x3b,0x74,0x65,0x78,0x74,0x2d,0x74,0x72,
    0x61,0x6e,0x73,0x66,0x6f,0x72,0x6d,0x3a,0x75,0x70,0x70,0x65,0x72,0x63,0x61,0x73,
    0x65,0x3b,0x6c,0x65,0x74,0x74,0x65,0x72,0x2d,0x73,0x70,0x61,0x63,0x69,0x6e,0x67,
    0x3a,0x2e,0x30,0x37,0x65,0x6d,0x3b,0x6d,0x61,0x72,0x67,0x69,0x6e,0x2d,0x62,0x6f,
    0x74,0x74,0x6f,0x6d,0x3a,0x36,0x70,0x78,0x7d,0x0a,0x2e,0x6b,0x70,0x69,0x2d,0x76,
    0x61,0x6c,0x75,0x65,0x7b,0x66,0x6f,0x6e,0x74,0x2d,0x73,0x69,0x7a,0x65,0x3a,0x32,
    0x36,0x70,0x78,0x3b,0x66,0x6f,0x6e,0x74,0x2d,0x77,0x65,0x69,0x67,0x68,0x74,0x3a,
    0x37,0x30,0x30,0x3b,0x66,0x6f,0x6e,0x74,0x2d,0x66,0x61,0x6d,0x69,0x6c,0x79,0x3a,
    0x6d,0x6f,0x6e,0x6f,0x73,0x70,0x61,0x63,0x65,0x3b,0x63,0x6f,0x6c,0x6f,0x72,0x3a,
    0x23,0x63,0x39,0x64,0x31,0x64,0x39,0x7d,0x0a,0x2e,0x6b,0x70,0x69,0x2d,0x76,0x61,
    0x6c,0x75,0x65,0x2e,0x6f,0x6b,0x7b,0x63,0x6f,0x6c,0x6f,0x72,0x3a,0x23,0x32,0x64,
    0x64,0x34,0x62,0x66,0x7d,0x2e,0x6b,0x70,0x69,0x2d,0x76,0x61,0x6c,0x75,0x65,0x2e,
    0x77,0x61,0x72,0x6e,0x7b,0x63,0x6f,0x6c,0x6f,0x72,0x3a,0x23,0x65,0x33,0x62,0x33,
    0x34,0x31,0x7d,0x2e,0x6b,0x70,0x69,0x2d,0x76,0x61,0x6c,0x75,0x65,0x2e,0x65,0x72,
    0x72,0x7b,0x63,0x6f,0x6c,0x6f,0x72,0x3a,0x23,0x66,0x38,0x37,0x31,0x37,0x31,0x7d,
    0x0a,0x2e,0x6b,0x70,0x69,0x2d,0x75,0x6e,0x69,0x74,0x7b,0x66,0x6f,0x6e,0x74,0x2d,
    0x73,0x69,0x7a,0x65,0x3a,0x31,0x32,0x70,0x78,0x3b,0x63,0x6f,0x6c,0x6f,0x72,0x3a,
    0x23,0x38,0x62,0x39,0x34,0x39,0x65,0x3b,0x6d,0x61,0x72,0x67,0x69,0x6e,0x2d,0x74,
    0x6f,0x70,0x3a,0x33,0x70,0x78,0x7d,0x0a,0x2e,0x62,0x61,0x64,0x67,0x65,0x7b,0x64,
    0x69,0x73,0x70,0x6c,0x61,0x79,0x3a,0x69,0x6e,0x6c,0x69,0x6e,0x65,0x2d,0x66,0x6c,
    0x65,0x78,0x3b,0x61,0x6c,0x69,0x67,0x6e,0x2d,0x69,0x74,0x65,0x6d,0x73,0x3a,0x63,
    0x65,0x6e,0x74,0x65,0x72,0x3b,0x67,0x61,0x70,0x3a,0x34,0x70,0x78,0x3b,0x70,0x61,
    0x64,0x64,0x69,0x6e,0x67,0x3a,0x32,0x70,0x78,0x20,0x38,0x70,0x78,0x3b,0x62,0x6f,
    0x72,0x64,0x65,0x72,0x2d,0x72,0x61,0x64,0x69,0x75,0x73,0x3a,0x39,0x39,0x39,0x70,
    0x78,0x3b,0x66,0x6f,0x6e,0x74,0x2d,0x73,0x69,0x7a,0x65,0x3a,0x31,0x31,0x70,0x78,
    0x3b,0x66,0x6f,0x6e,0x74,0x2d,0x77,0x65,0x69,0x67,0x68,0x74,0x3a,0x36,0x30,0x30,
    0x7d,0x0a,0x2e,0x62,0x61,0x64,0x67,0x65,0x2d,0x6f,0x6b,0x7b,0x62,0x61,0x63,0x6b,
    0x67,0x72,0x6f,0x75,0x6e,0x64,0x3a,0x23,0x31,0x61,0x33,0x61,0x32,0x65,0x3b,0x63,
    0x6f,0x6c,0x6f,0x72,0x3a,0x23,0x32,0x64,0x64,0x34,0x62,0x66,0x7d,0x0a,0x2e,0x62,
    0x61,0x64,0x67,0x65,0x2d,0x77,0x61,0x72,0x6e,0x7b,0x62,0x61,0x63,0x6b,0x67,0x72,
    0x6f,0x75,0x6e,0x64,0x3a,0x23,0x32,0x61,0x32,0x32,0x30,0x30,0x3b,0x63,0x6f,0x6c,
    0x6f,0x72,0x3a,0x23,0x65,0x33,0x62,0x33,0x34,0x31,0x7d,0x0a,0x2e,0x62,0x61,0x64,
    0x67,0x65,0x2d,0x65,0x72,0x72,0x7b,0x62,0x61,0x63,0x6b,0x67,0x72,0x6f,0x75,0x6e,
    0x64,0x3a,0x23,0x33,0x61,0x31,0x61,0x31,0x61,0x3b,0x63,0x6f,0x6c,0x6f,0x72,0x3a,
    0x23,0x66,0x38,0x37,0x31,0x37,0x31,0x7d,0x0a,0x2e,0x62,0x74,0x6e,0x2d,0x70,0x72,
    0x69,0x6d,0x61,0x72,0x79,0x7b,0x62,0x61,0x63,0x6b,0x67,0x72,0x6f,0x75,0x6e,0x64,
    0x3a,0x23,0x32,0x64,0x64,0x34,0x62,0x66,0x3b,0x63,0x6f,0x6c,0x6f,0x72,0x3a,0x23,
    0x30,0x65,0x31,0x31,0x31,0x37,0x3b,0x62,0x6f,0x72,0x64,0x65,0x72,0x3a,0x6e,0x6f,
    0x6e,0x65,0x3b,0x62,0x6f,0x72,0x64,0x65,0x72,0x2d,0x72,0x61,0x64,0x69,0x75,0x73,
    0x3a,0x36,0x70,0x78,0x3b,0x70,0x61,0x64,0x64,0x69,0x6e,0x67,0x3a,0x36,0x70,0x78,
    0x20,0x31,0x34,0x70,0x78,0x3b,0x63,0x75,0x72,0x73,0x6f,0x72,0x3a,0x70,0x6f,0x69,
    0x6e,0x74,0x65,0x72,0x3b,0x66,0x6f,0x6e,0x74,0x2d,0x73,0x69,0x7a,0x65,0x3a,0x31,
    0x33,0x70,0x78,0x3b,0x66,0x6f,0x6e,0x74,0x2d,0x77,0x65,0x69,0x67,0x68,0x74,0x3a,
    0x36,0x30,0x30,0x7d,0x0a,0x2e,0x62,0x74,0x6e,0x2d,0x70,0x72,0x69,0x6d,0x61,0x72,
    0x79,0x3a,0x68,0x6f,0x76,0x65,0x72,0x7b,0x6f,0x70,0x61,0x63,0x69,0x74,0x79,0x3a,
    0x2e,0x38,0x35,0x7d,0x0a,0x2e,0x62,0x74,0x6e,0x2d,0x67,0x68,0x6f,0x73,0x74,0x7b,
    0x62,0x61,0x63,0x6b,0x67,0x72,0x6f,0x75,0x6e,0x64,0x3a,0x23,0x32,0x31,0x32,0x36,
    0x32,0x64,0x3b,0x63,0x6f,0x6c,0x6f,0x72,0x3a,0x23,0x63,0x39,0x64,0x31,0x64,0x39,
    0x3b,0x62,0x6f,0x72,0x64,0x65,0x72,0x3a,0x31,0x70,0x78,0x20,0x73,0x6f,0x6c,0x69,
    0x64,0x20,0x23,0x33,0x30,0x33,0x36,0x33,0x64,0x3b,0x62,0x6f,0x72,0x64,0x65,0x72,
    0x2d,0x72,0x61,0x64,0x69,0x75,0x73,0x3a,0x36,0x70,0x78,0x3b,0x70,0x61,0x64,0x64,
    0x69,0x6e,0x67,0x3a,0x36,0x70,0x78,0x20,0x31,0x34,0x70,0x78,0x3b,0x63,0x75,0x72,
    0x73,0x6f,0x72,0x3a,0x70,0x6f,0x69,0x6e,0x74,0x65,0x72,0x3b,0x66,0x6f,0x6e,0x74,
    0x2d,0x73,0x69,0x7a,0x65,0x3a,0x31,0x33,0x70,0x78,0x7d,0x0a,0x2e,0x62,0x74,0x6e,
    0x2d,0x67,0x68,0x6f,0x73,0x74,0x3a,0x68,0x6f,0x76,0x65,0x72,0x7b,0x62,0x6f,0x72,
    0x64,0x65,0x72,0x2d,0x63,0x6f,0x6c,0x6f,0x72,0x3a,0x23,0x32,0x64,0x64,0x34,0x62,
    0x66,0x3b,0x63,0x6f,0x6c,0x6f,0x72,0x3a,0x23,0x32,0x64,0x64,0x34,0x62,0x66,0x7d,
    0x0a,0x2e,0x62,0x74,0x6e,0x2d,0x64,0x61,0x6e,0x67,0x65,0x72,0x7b,0x62,0x61,0x63,
    0x6b,0x67,0x72,0x6f,0x75,0x6e,0x64,0x3a,0x23,0x33,0x61,0x31,0x61,0x31,0x61,0x3b,
    0x63,0x6f,0x6c,0x6f,0x72,0x3a,0x23,0x66,0x38,0x37,0x31,0x37,0x31,0x3b,0x62,0x6f,
    0x72,0x64,0x65,0x72,0x3a,0x31,0x70,0x78,0x20,0x73,0x6f,0x6c,0x69,0x64,0x20,0x23,
    0x35,0x61,0x32,0x30,0x32,0x30,0x3b,0x62,0x6f,0x72,0x64,0x65,0x72,0x2d,0x72,0x61,
    0x64,0x69,0x75,0x73,0x3a,0x36,0x70,0x78,0x3b,0x70,0x61,0x64,0x64,0x69,0x6e,0x67,
    0x3a,0x36,0x70,0x78,0x20,0x31,0x34,0x70,0x78,0x3b,0x63,0x75,0x72,0x73,0x6f,0x72,
    0x3a,0x70,0x6f,0x69,0x6e,0x74,0x65,0x72,0x3b,0x66,0x6f,0x6e,0x74,0x2d,0x73,0x69,
    0x7a,0x65,0x3a,0x31,0x33,0x70,0x78,0x7d,0x0a,0x2e,0x62,0x74,0x6e,0x2d,0x73,0x6d,
    0x7b,0x70,0x61,0x64,0x64,0x69,0x6e,0x67,0x3a,0x34,0x70,0x78,0x20,0x31,0x30,0x70,
    0x78,0x3b,0x66,0x6f,0x6e,0x74,0x2d,0x73,0x69,0x7a,0x65,0x3a,0x31,0x32,0x70,0x78,
    0x7d,0x0a,0x23,0x6c,0x6f,0x67,0x2d,0x6f,0x75,0x74,0x70,0x75,0x74,0x7b,0x62,0x61,
    0x63,0x6b,0x67,0x72,0x6f,0x75,0x6e,0x64,0x3a,0x23,0x30,0x65,0x31,0x31,0x31,0x37,
    0x3b,0x62,0x6f,0x72,0x64,0x65,0x72,0x3a,0x31,0x70,0x78,0x20,0x73,0x6f,0x6c,0x69,
    0x64,0x20,0x23,0x33,0x30,0x33,0x36,0x33,0x64,0x3b,0x62,0x6f,0x72,0x64,0x65,0x72,
    0x2d,0x72,0x61,0x64,0x69,0x75,0x73,0x3a,0x36,0x70,0x78,0x3b,0x70,0x61,0x64,0x64,
    0x69,0x6e,0x67,0x3a,0x31,0x32,0x70,0x78,0x20,0x31,0x34,0x70,0x78,0x3b,0x66,0x6f,
    0x6e,0x74,0x2d,0x66,0x61,0x6d,0x69,0x6c,0x79,0x3a,0x6d,0x6f,0x6e,0x6f,0x73,0x70,
    0x61,0x63,0x65,0x3b,0x66,0x6f,0x6e,0x74,0x2d,0x73,0x69,0x7a,0x65,0x3a,0x31,0x32,
    0x70,0x78,0x3b,0x6c,0x69,0x6e,0x65,0x2d,0x68,0x65,0x69,0x67,0x68,0x74,0x3a,0x31,
    0x2e,0x37,0x3b,0x68,0x65,0x69,0x67,0x68,0x74,0x3a,0x35,0x32,0x30,0x70,0x78,0x3b,
    0x6f,0x76,0x65,0x72,0x66,0x6c,0x6f,0x77,0x2d,0x79,0x3a,0x61,0x75,0x74,0x6f,0x3b,
    0x6d,0x61,0x72,0x67,0x69,0x6e,0x3a,0x31,0x30,0x70,0x78,0x7d,0x0a,0x2e,0x6c,0x6f,
    0x67,0x2d,0x69,0x6e,0x66,0x6f,0x7b,0x63,0x6f,0x6c,0x6f,0x72,0x3a,0x23,0x37,0x39,
    0x63,0x30,0x66,0x66,0x7d,0x2e,0x6c,0x6f,0x67,0x2d,0x77,0x61,0x72,0x6e,0x7b,0x63,
    0x6f,0x6c,0x6f,0x72,0x3a,0x23,0x65,0x33,0x62,0x33,0x34,0x31,0x7d,0x2e,0x6c,0x6f,
    0x67,0x2d,0x65,0x72,0x72,0x6f,0x72,0x7b,0x63,0x6f,0x6c,0x6f,0x72,0x3a,0x23,0x66,
    0x38,0x37,0x31,0x37,0x31,0x7d,0x2e,0x6c,0x6f,0x67,0x2d,0x64,0x61,0x74,0x61,0x7b,
    0x63,0x6f,0x6c,0x6f,0x72,0x3a,0x23,0x32,0x64,0x64,0x34,0x62,0x66,0x7d,0x2e,0x6c,
    0x6f,0x67,0x2d,0x64,0x65,0x62,0x75,0x67,0x7b,0x63,0x6f,0x6c,0x6f,0x72,0x3a,0x23,
    0x38,0x62,0x39,0x34,0x39,0x65,0x7d,0x0a,0x2e,0x6c,0x6f,0x67,0x2d,0x74,0x6f,0x6f,
    0x6c,0x62,0x61,0x72,0x7b,0x64,0x69,0x73,0x70,0x6c,0x61,0x79,0x3a,0x66,0x6c,0x65,
    0x78,0x3b,0x61,0x6c,0x69,0x67,0x6e,0x2d,0x69,0x74,0x65,0x6d,0x73,0x3a,0x63,0x65,
    0x6e,0x74,0x65,0x72,0x3b,0x67,0x61,0x70,0x3a,0x31,0x30,0x70,0x78,0x3b,0x66,0x6c,
    0x65,0x78,0x2d,0x77,0x72,0x61,0x70,0x3a,0x77,0x72,0x61,0x70,0x3b,0x6d,0x61,0x72,
    0x67,0x69,0x6e,0x3a,0x31,0x30,0x70,0x78,0x7d,0x0a,0x2e,0x66,0x69,0x6c,0x65,0x2d,
    0x74,0x61,0x62,0x6c,0x65,0x7b,0x77,0x69,0x64,0x74,0x68,0x3a,0x31,0x30,0x30,0x25,
    0x3b,0x62,0x6f,0x72,0x64,0x65,0x72,0x2d,0x63,0x6f,0x6c,0x6c,0x61,0x70,0x73,0x65,
    0x3a,0x63,0x6f,0x6c,0x6c,0x61,0x70,0x73,0x65,0x3b,0x66,0x6f,0x6e,0x74,0x2d,0x73,
    0x69,0x7a,0x65,0x3a,0x31,0x33,0x70,0x78,0x7d,0x0a,0x2e,0x66,0x69,0x6c,0x65,0x2d,
    0x74,0x61,0x62,0x6c,0x65,0x20,0x74,0x68,0x7b,0x62,0x61,0x63,0x6b,0x67,0x72,0x6f,
    0x75,0x6e,0x64,0x3a,0x23,0x30,0x65,0x31,0x31,0x31,0x37,0x3b,0x63,0x6f,0x6c,0x6f,
    0x72,0x3a,0x23,0x38,0x62,0x39,0x34,0x39,0x65,0x3b,0x70,0x61,0x64,0x64,0x69,0x6e,
    0x67,0x3a,0x36,0x70,0x78,0x20,0x31,0x30,0x70,0x78,0x3b,0x74,0x65,0x78,0x74,0x2d,
    0x61,0x6c,0x69,0x67,0x6e,0x3a,0x6c,0x65,0x66,0x74,0x3b,0x62,0x6f,0x72,0x64,0x65,
    0x72,0x2d,0x62,0x6f,0x74,0x74,0x6f,0x6d,0x3a,0x31,0x70,0x78,0x20,0x73,0x6f,0x6c,
    0x69,0x64,0x20,0x23,0x33,0x30,0x33,0x36,0x33,0x64,0x3b,0x66,0x6f,0x6e,0x74,0x2d,
    0x73,0x69,0x7a,0x65,0x3a,0x31,0x31,0x70,0x78,0x3b,0x66,0x6f,0x6e,0x74,0x2d,0x77,
    0x65,0x69,0x67,0x68,0x74,0x3a,0x36,0x30,0x30,0x3b,0x74,0x65,0x78,0x74,0x2d,0x74,
    0x72,0x61,0x6e,0x73,0x66,0x6f,0x72,0x6d,0x3a,0x75,0x70,0x70,0x65,0x72,0x63,0x61,
    0x73,0x65,0x3b,0x6c,0x65,0x74,0x74,0x65,0x72,0x2d,0x73,0x70,0x61,0x63,0x69,0x6e,
    0x67,0x3a,0x2e,0x30,0x37,0x65,0x6d,0x7d,0x0a,0x2e,0x66,0x69,0x6c,0x65,0x2d,0x74,
    0x61,0x62,0x6c,0x65,0x20,0x74,0x64,0x7b,0x70,0x61,0x64,0x64,0x69,0x6e,0x67,0x3a,
    0x36,0x70,0x78,0x20,0x31,0x30,0x70,0x78,0x3b,0x62,0x6f,0x72,0x64,0x65,0x72,0x2d,
    0x62,0x6f,0x74,0x74,0x6f,0x6d,0x3a,0x31,0x70,0x78,0x20,0x73,0x6f,0x6c,0x69,0x64,
    0x20,0x23,0x31,0x63,0x32,0x31,0x32,0x38,0x3b,0x63,0x6f,0x6c,0x6f,0x72,0x3a,0x23,
    0x63,0x39,0x64,0x31,0x64,0x39,0x7d,0x0a,0x2e,0x66,0x69,0x6c,0x65,0x2d,0x74,0x61,
    0x62,0x6c,0x65,0x20,0x74,0x72,0x3a,0x68,0x6f,0x76,0x65,0x72,0x20,0x74,0x64,0x7b,
    0x62,0x61,0x63,0x6b,0x67,0x72,0x6f,0x75,0x6e,0x64,0x3a,0x23,0x31,0x36,0x31,0x62,
    0x32,0x32,0x7d,0x0a,0x23,0x74,0x6f,0x61,0x73,0x74,0x7b,0x70,0x6f,0x73,0x69,0x74,
    0x69,0x6f,0x6e,0x3a,0x66,0x69,0x78,0x65,0x64,0x3b,0x62,0x6f,0x74,0x74,0x6f,0x6d,
    0x3a,0x32,0x34,0x70,0x78,0x3b,0x6c,0x65,0x66,0x74,0x3a,0x35,0x30,0x25,0x3b,0x74,
    0x72,0x61,0x6e,0x73,0x66,0x6f,0x72,0x6d,0x3a,0x74,0x72,0x61,0x6e,0x73,0x6c,0x61,
    0x74,0x65,0x58,0x28,0x2d,0x35,0x30,0x25,0x29,0x20,0x74,0x72,0x61,0x6e,0x73,0x6c,
    0x61,0x74,0x65,0x59,0x28,0x38,0x30,0x70,0x78,0x29,0x3b,0x70,0x61,0x64,0x64,0x69,
    0x6e,0x67,0x3a,0x31,0x30,0x70,0x78,0x20,0x32,0x30,0x70,0x78,0x3b,0x62,0x6f,0x72,
    0x64,0x65,0x72,0x2d,0x72,0x61,0x64,0x69,0x75,0x73,0x3a,0x36,0x70,0x78,0x3b,0x66,
    0x6f,0x6e,0x74,0x2d,0x73,0x69,0x7a,0x65,0x3a,0x31,0x33,0x70,0x78,0x3b,0x66,0x6f,
    0x6e,0x74,0x2d,0x77,0x65,0x69,0x67,0x68,0x74,0x3a,0x36,0x30,0x30,0x3b,0x62,0x6f,
    0x78,0x2d,0x73,0x68,0x61,0x64,0x6f,0x77,0x3a,0x30,0x20,0x34,0x70,0x78,0x20,0x32,
    0x30,0x70,0x78,0x20,0x72,0x67,0x62,0x61,0x28,0x30,0x2c,0x30,0x2c,0x30,0x2c,0x2e,
    0x35,0x29,0x3b,0x74,0x72,0x61,0x6e,0x73,0x69,0x74,0x69,0x6f,0x6e,0x3a,0x74,0x72,
    0x61,0x6e,0x73,0x66,0x6f,0x72,0x6d,0x20,0x2e,0x32,0x35,0x73,0x2c,0x6f,0x70,0x61,
    0x63,0x69,0x74,0x79,0x20,0x2e,0x32,0x35,0x73,0x3b,0x6f,0x70,0x61,0x63,0x69,0x74,
    0x79,0x3a,0x30,0x3b,0x7a,0x2d,0x69,0x6e,0x64,0x65,0x78,0x3a,0x39,0x39,0x39,0x39,
    0x7d,0x0a,0x23,0x74,0x6f,0x61,0x73,0x74,0x2e,0x73,0x68,0x6f,0x77,0x7b,0x74,0x72,
    0x61,0x6e,0x73,0x66,0x6f,0x72,0x6d,0x3a,0x74,0x72,0x61,0x6e,0x73,0x6c,0x61,0x74,
    0x65,0x58,0x28,0x2d,0x35,0x30,0x25,0x29,0x20,0x74,0x72,0x61,0x6e,0x73,0x6c,0x61,
    0x74,0x65,0x59,0x28,0x30,0x29,0x3b,0x6f,0x70,0x61,0x63,0x69,0x74,0x79,0x3a,0x31,
    0x7d,0x0a,0x23,0x74,0x6f,0x61,0x73,0x74,0x2e,0x6f,0x6b,0x7b,0x62,0x61,0x63,0x6b,
    0x67,0x72,0x6f,0x75,0x6e,0x64,0x3a,0x23,0x31,0x61,0x33,0x61,0x32,0x65,0x3b,0x63,
    0x6f,0x6c,0x6f,0x72,0x3a,0x23,0x32,0x64,0x64,0x34,0x62,0x66,0x3b,0x62,0x6f,0x72,
    0x64,0x65,0x72,0x3a,0x31,0x70,0x78,0x20,0x73,0x6f,0x6c,0x69,0x64,0x20,0x23,0x32,
    0x64,0x64,0x34,0x62,0x66,0x34,0x34,0x7d,0x0a,0x23,0x74,0x6f,0x61,0x73,0x74,0x2e,
    0x77,0x61,0x72,0x6e,0x7b,0x62,0x61,0x63,0x6b,0x67,0x72,0x6f,0x75,0x6e,0x64,0x3a,
    0x23,0x32,0x61,0x32,0x32,0x30,0x30,0x3b,0x63,0x6f,0x6c,0x6f,0x72,0x3a,0x23,0x65,
    0x33,0x62,0x33,0x34,0x31,0x3b,0x62,0x6f,0x72,0x64,0x65,0x72,0x3a,0x31,0x70,0x78,
    0x20,0x73,0x6f,0x6c,0x69,0x64,0x20,0x23,0x65,0x33,0x62,0x33,0x34,0x31,0x34,0x34,
    0x7d,0x0a,0x23,0x74,0x6f,0x61,0x73,0x74,0x2e,0x65,0x72,0x72,0x7b,0x62,0x61,0x63,
    0x6b,0x67,0x72,0x6f,0x75,0x6e,0x64,0x3a,0x23,0x33,0x61,0x31,0x61,0x31,0x61,0x3b,
    0x63,0x6f,0x6c,0x6f,0x72,0x3a,0x23,0x66,0x38,0x37,0x31,0x37,0x31,0x3b,0x62,0x6f,
    0x72,0x64,0x65,0x72,0x3a,0x31,0x70,0x78,0x20,0x73,0x6f,0x6c,0x69,0x64,0x20,0x23,
    0x66,0x38,0x37,0x31,0x37,0x31,0x34,0x34,0x7d,0x0a,0x40,0x6d,0x65,0x64,0x69,0x61,
    0x28,0x6d,0x61,0x78,0x2d,0x77,0x69,0x64,0x74,0x68,0x3a,0x36,0x30,0x30,0x70,0x78,
    0x29,0x7b,0x2e,0x74,0x77,0x6f,0x2d,0x63,0x6f,0x6c,0x2c,0x2e,0x6b,0x70,0x69,0x2d,
    0x67,0x72,0x69,0x64,0x7b,0x67,0x72,0x69,0x64,0x2d,0x74,0x65,0x6d,0x70,0x6c,0x61,
    0x74,0x65,0x2d,0x63,0x6f,0x6c,0x75,0x6d,0x6e,0x73,0x3a,0x31,0x66,0x72,0x7d,0x2e,
    0x73,0x69,0x64,0x65,0x62,0x61,0x72,0x7b,0x77,0x69,0x64,0x74,0x68,0x3a,0x34,0x34,
    0x70,0x78,0x3b,0x6d,0x69,0x6e,0x2d,0x77,0x69,0x64,0x74,0x68,0x3a,0x34,0x34,0x70,
    0x78,0x7d,0x7d,0x0a,0x3c,0x2f,0x73,0x74,0x79,0x6c,0x65,0x3e,0x0a,0x3c,0x2f,0x68,
    0x65,0x61,0x64,0x3e,0x0a,0x3c,0x62,0x6f,0x64,0x79,0x3e,0x0a,0x3c,0x61,0x73,0x69,
    0x64,0x65,0x20,0x63,0x6c,0x61,0x73,0x73,0x3d,0x22,0x73,0x69,0x64,0x65,0x62,0x61,
    0x72,0x22,0x3e,0x0a,0x3c,0x64,0x69,0x76,0x20,0x63,0x6c,0x61,0x73,0x73,0x3d,0x22,
    0x73,0x69,0x64,0x65,0x62,0x61,0x72,0x2d,0x6c,0x6f,0x67,0x6f,0x22,0x3e,0x3c,0x73,
    0x76,0x67,0x20,0x77,0x69,0x64,0x74,0x68,0x3d,0x22,0x32,0x36,0x22,0x20,0x68,0x65,
    0x69,0x67,0x68,0x74,0x3d,0x22,0x32,0x36,0x22,0x20,0x76,0x69,0x65,0x77,0x42,0x6f,
    0x78,0x3d,0x22,0x30,0x20,0x30,0x20,0x32,0x34,0x20,0x32,0x34,0x22,0x20,0x66,0x69,
    0x6c,0x6c,0x3d,0x22,0x6e,0x6f,0x6e,0x65,0x22,0x3e,0x3c,0x70,0x6f,0x6c,0x79,0x67,
    0x6f,0x6e,0x20,0x70,0x6f,0x69,0x6e,0x74,0x73,0x3d,0x22,0x31,0x32,0x2c,0x32,0x20,
    0x31,0x35,0x2e,0x35,0x2c,0x38,0x2e,0x35,0x20,0x32,0x32,0x2c,0x39,0x2e,0x35,0x20,
    0x31,0x37,0x2c,0x31,0x34,0x2e,0x35,0x20,0x31,0x38,0x2e,0x35,0x2c,0x32,0x31,0x20,
    0x31,0x32,0x2c,0x31,0x37,0x2e,0x35,0x20,0x35,0x2e,0x35,0x2c,0x32,0x31,0x20,0x37,
    0x2c,0x31,0x34,0x2e,0x35,0x20,0x32,0x2c,0x39,0x2e,0x35,0x20,0x38,0x2e,0x35,0x2c,
    0x38,0x2e,0x35,0x22,0x20,0x73,0x74,0x72,0x6f,0x6b,0x65,0x3d,0x22,0x23,0x32,0x64,
    0x64,0x34,0x62,0x66,0x22,0x20,0x73,0x74,0x72,0x6f,0x6b,0x65,0x2d,0x77,0x69,0x64,
    0x74,0x68,0x3d,0x22,0x31,0x2e,0x35,0x22,0x20,0x66,0x69,0x6c,0x6c,0x3d,0x22,0x72,
    0x67,0x62,0x61,0x28,0x34,0x35,0x2c,0x32,0x31,0x32,0x2c,0x31,0x39,0x31,0x2c,0x30,
    0x2e,0x31,0x29,0x22,0x2f,0x3e,0x3c,0x2f,0x73,0x76,0x67,0x3e,0x3c,0x2f,0x64,0x69,
    0x76,0x3e,0x0a,0x3c,0x61,0x20,0x68,0x72,0x65,0x66,0x3d,0x22,0x2f,0x22,0x20,0x63,
    0x6c,0x61,0x73,0x73,0x3d,0x22,0x61,0x63,0x74,0x22,0x20,0x74,0x69,0x74,0x6c,0x65,
    0x3d,0x22,0x44,0x61,0x73,0x68,0x62,0x6f,0x61,0x72,0x64,0x22,0x3e,0x3c,0x73,0x76,
    0x67,0x20,0x77,0x69,0x64,0x74,0x68,0x3d,0x22,0x31,0x37,0x22,0x20,0x68,0x65,0x69,
    0x67,0x68,0x74,0x3d,0x22,0x31,0x37,0x22,0x20,0x76,0x69,0x65,0x77,0x42,0x6f,0x78,
    0x3d,0x22,0x30,0x20,0x30,0x20,0x32,0x34,0x20,0x32,0x34,0x22,0x20,0x66,0x69,0x6c,
    0x6c,0x3d,0x22,0x6e,0x6f,0x6e,0x65,0x22,0x20,0x73,0x74,0x72,0x6f,0x6b,0x65,0x3d,
    0x22,0x63,0x75,0x72,0x72,0x65,0x6e,0x74,0x43,0x6f,0x6c,0x6f,0x72,0x22,0x20,0x73,
    0x74,0x72,0x6f,0x6b,0x65,0x2d,0x77,0x69,0x64,0x74,0x68,0x3d,0x22,0x31,0x2e,0x39,
    0x22,0x20,0x73,0x74,0x72,0x6f,0x6b,0x65,0x2d,0x6c,0x69,0x6e,0x65,0x63,0x61,0x70,
    0x3d,0x22,0x72,0x6f,0x75,0x6e,0x64,0x22,0x20,0x73,0x74,0x72,0x6f,0x6b,0x65,0x2d,
    0x6c,0x69,0x6e,0x65,0x6a,0x6f,0x69,0x6e,0x3d,0x22,0x72,0x6f,0x75,0x6e,0x64,0x22,
    0x3e,0x3c,0x70,0x61,0x74,0x68,0x20,0x64,0x3d,0x22,0x4d,0x33,0x20,0x31,0x32,0x6c,
    0x32,0x2d,0x32,0x6d,0x30,0x20,0x30,0x6c,0x37,0x2d,0x37,0x20,0x37,0x20,0x37,0x4d,
    0x35,0x20,0x31,0x30,0x76,0x31,0x30,0x61,0x31,0x20,0x31,0x20,0x30,0x20,0x30,0x30,
    0x31,0x20,0x31,0x68,0x33,0x6d,0x31,0x30,0x2d,0x31,0x31,0x6c,0x32,0x20,0x32,0x6d,
    0x2d,0x32,0x2d,0x32,0x76,0x31,0x30,0x61,0x31,0x20,0x31,0x20,0x30,0x20,0x30,0x31,
    0x2d,0x31,0x20,0x31,0x68,0x2d,0x33,0x6d,0x2d,0x36,0x20,0x30,0x61,0x31,0x20,0x31,
    0x20,0x30,0x20,0x30,0x30,0x31,0x2d,0x31,0x76,0x2d,0x34,0x61,0x31,0x20,0x31,0x20,
    0x30,0x20,0x30,0x31,0x31,0x2d,0x31,0x68,0x32,0x61,0x31,0x20,0x31,0x20,0x30,0x20,
    0x30,0x31,0x31,0x20,0x31,0x76,0x34,0x61,0x31,0x20,0x31,0x20,0x30,0x20,0x30,0x30,
    0x31,0x20,0x31,0x6d,0x2d,0x36,0x20,0x30,0x68,0x36,0x22,0x2f,0x3e,0x3c,0x2f,0x73,
    0x76,0x67,0x3e,0x3c,0x2f,0x61,0x3e,0x3c,0x61,0x20,0x68,0x72,0x65,0x66,0x3d,0x22,
    0x2f,0x63,0x6f,0x6e,0x66,0x69,0x67,0x22,0x20,0x74,0x69,0x74,0x6c,0x65,0x3d,0x22,
    0x43,0x6f,0x6e,0x66,0x69,0x67,0x22,0x3e,0x3c,0x73,0x76,0x67,0x20,0x77,0x69,0x64,
    0x74,0x68,0x3d,0x22,0x31,0x37,0x22,0x20,0x68,0x65,0x69,0x67,0x68,0x74,0x3d,0x22,
    0x31,0x37,0x22,0x20,0x76,0x69,0x65,0x77,0x42,0x6f,0x78,0x3d,0x22,0x30,0x20,0x30,
    0x20,0x32,0x34,0x20,0x32,0x34,0x22,0x20,0x66,0x69,0x6c,0x6c,0x3d,0x22,0x6e,0x6f,
    0x6e,0x65,0x22,0x20,0x73,0x74,0x72,0x6f,0x6b,0x65,0x3d,0x22,0x63,0x75,0x72,0x72,
    0x65,0x6e,0x74,0x43,0x6f,0x6c,0x6f,0x72,0x22,0x20,0x73,0x74,0x72,0x6f,0x6b,0x65,
    0x2d,0x77,0x69,0x64,0x74,0x68,0x3d,0x22,0x31,0x2e,0x39,0x22,0x20,0x73,0x74,0x72,
    0x6f,0x6b,0x65,0x2d,0x6c,0x69,0x6e,0x65,0x63,0x61,0x70,0x3d,0x22,0x72,0x6f,0x75,
    0x6e,0x64,0x22,0x20,0x73,0x74,0x72,0x6f,0x6b,0x65,0x2d,0x6c,0x69,0x6e,0x65,0x6a,
    0x6f,0x69,0x6e,0x3d,0x22,0x72,0x6f,0x75,0x6e,0x64,0x22,0x3e,0x3c,0x70,0x61,0x74,
    0x68,0x20,0x64,0x3d,0x22,0x4d,0x31,0x32,0x20,0x31,0x35,0x61,0x33,0x20,0x33,0x20,
    0x30,0x20,0x31,0x30,0x30,0x2d,0x36,0x20,0x33,0x20,0x33,0x20,0x30,0x20,0x30,0x30,
    0x30,0x20,0x36,0x7a,0x20,0x4d,0x31,0x39,0x2e,0x34,0x20,0x31,0x35,0x61,0x31,0x2e,
    0x36,0x35,0x20,0x31,0x2e,0x36,0x35,0x20,0x30,0x20,0x30,0x30,0x2e,0x33,0x33,0x20,
    0x31,0x2e,0x38,0x32,0x6c,0x2e,0x30,0x36,0x2e,0x30,0x36,0x61,0x32,0x20,0x32,0x20,
    0x30,0x20,0x30,0x31,0x30,0x20,0x32,0x2e,0x38,0x33,0x20,0x32,0x20,0x32,0x20,0x30,
    0x20,0x30,0x31,0x2d,0x32,0x2e,0x38,0x33,0x20,0x30,0x6c,0x2d,0x2e,0x30,0x36,0x2d,
    0x2e,0x30,0x36,0x61,0x31,0x2e,0x36,0x35,0x20,0x31,0x2e,0x36,0x35,0x20,0x30,0x20,
    0x30,0x30,0x2d,0x31,0x2e,0x38,0x32,0x2d,0x2e,0x33,0x33,0x20,0x31,0x2e,0x36,0x35,
    0x20,0x31,0x2e,0x36,0x35,0x20,0x30,0x20,0x30,0x30,0x2d,0x31,0x20,0x31,0x2e,0x35,
    0x31,0x56,0x32,0x31,0x61,0x32,0x20,0x32,0x20,0x30,0x20,0x30,0x31,0x2d,0x34,0x20,
    0x30,0x76,0x2d,0x2e,0x30,0x39,0x41,0x31,0x2e,0x36,0x35,0x20,0x31,0x2e,0x36,0x35,
    0x20,0x30,0x20,0x30,0x30,0x39,0x20,0x31,0x39,0x2e,0x34,0x61,0x31,0x2e,0x36,0x35,
    0x20,0x31,0x2e,0x36,0x35,0x20,0x30,0x20,0x30,0x30,0x2d,0x31,0x2e,0x38,0x32,0x2e,
    0x33,0x33,0x6c,0x2d,0x2e,0x30,0x36,0x2e,0x30,0x36,0x61,0x32,0x20,0x32,0x20,0x30,
    0x20,0x30,0x31,0x2d,0x32,0x2e,0x38,0x33,0x2d,0x32,0x2e,0x38,0x33,0x6c,0x2e,0x30,
    0x36,0x2d,0x2e,0x30,0x36,0x41,0x31,0x2e,0x36,0x35,0x20,0x31,0x2e,0x36,0x35,0x20,
    0x30,0x20,0x30,0x30,0x34,0x2e,0x36,0x38,0x20,0x31,0x35,0x61,0x31,0x2e,0x36,0x35,
    0x20,0x31,0x2e,0x36,0x35,0x20,0x30,0x20,0x30,0x30,0x2d,0x31,0x2e,0x35,0x31,0x2d,
    0x31,0x48,0x33,0x61,0x32,0x20,0x32,0x20,0x30,0x20,0x30,0x31,0x30,0x2d,0x34,0x68,
    0x2e,0x30,0x39,0x41,0x31,0x2e,0x36,0x35,0x20,0x31,0x2e,0x36,0x35,0x20,0x30,0x20,
    0x30,0x30,0x34,0x2e,0x36,0x20,0x39,0x61,0x31,0x2e,0x36,0x35,0x20,0x31,0x2e,0x36,
    0x35,0x20,0x30,0x20,0x30,0x30,0x2d,0x2e,0x33,0x33,0x2d,0x31,0x2e,0x38,0x32,0x6c,
    0x2d,0x2e,0x30,0x36,0x2d,0x2e,0x30,0x36,0x61,0x32,0x20,0x32,0x20,0x30,0x20,0x30,
    0x31,0x32,0x2e,0x38,0x33,0x2d,0x32,0x2e,0x38,0x33,0x6c,0x2e,0x30,0x36,0x2e,0x30,
    0x36,0x41,0x31,0x2e,0x36,0x35,0x20,0x31,0x2e,0x36,0x35,0x20,0x30,0x20,0x30,0x30,
    0x39,0x20,0x34,0x2e,0x36,0x38,0x61,0x31,0x2e,0x36,0x35,0x20,0x31,0x2e,0x36,0x35,
    0x20,0x30,0x20,0x30,0x30,0x31,0x2d,0x31,0x2e,0x35,0x31,0x56,0x33,0x61,0x32,0x20,
    0x32,0x20,0x30,0x20,0x30,0x31,0x34,0x20,0x30,0x76,0x2e,0x30,0x39,0x61,0x31,0x2e,
    0x36,0x35,0x20,0x31,0x2e,0x36,0x35,0x20,0x30,0x20,0x30,0x30,0x31,0x20,0x31,0x2e,
    0x35,0x31,0x20,0x31,0x2e,0x36,0x35,0x20,0x31,0x2e,0x36,0x35,0x20,0x30,0x20,0x30,
    0x30,0x31,0x2e,0x38,0x32,0x2d,0x2e,0x33,0x33,0x6c,0x2e,0x30,0x36,0x2d,0x2e,0x30,
    0x36,0x61,0x32,0x20,0x32,0x20,0x30,0x20,0x30,0x31,0x32,0x2e,0x38,0x33,0x20,0x32,
    0x2e,0x38,0x33,0x6c,0x2d,0x2e,0x30,0x36,0x2e,0x30,0x36,0x41,0x31,0x2e,0x36,0x35,
    0x20,0x31,0x2e,0x36,0x35,0x20,0x30,0x20,0x30,0x30,0x31,0x39,0x2e,0x34,0x20,0x39,
    0x61,0x31,0x2e,0x36,0x35,0x20,0x31,0x2e,0x36,0x35,0x20,0x30,0x20,0x30,0x30,0x31,
    0x2e,0x35,0x31,0x20,0x31,0x48,0x32,0x31,0x61,0x32,0x20,0x32,0x20,0x30,0x20,0x30,
    0x31,0x30,0x20,0x34,0x68,0x2d,0x2e,0x30,0x39,0x61,0x31,0x2e,0x36,0x35,0x20,0x31,
    0x2e,0x36,0x35,0x20,0x30,0x20,0x30,0x30,0x2d,0x31,0x2e,0x35,0x31,0x20,0x31,0x7a,
    0x22,0x2f,0x3e,0x3c,0x2f,0x73,0x76,0x67,0x3e,0x3c,0x2f,0x61,0x3e,0x3c,0x61,0x20,
    0x68,0x72,0x65,0x66,0x3d,0x22,0x2f,0x6c,0x6f,0x67,0x73,0x22,0x20,0x74,0x69,0x74,
    0x6c,0x65,0x3d,0x22,0x4c,0x6f,0x67,0x73,0x22,0x3e,0x3c,0x73,0x76,0x67,0x20,0x77,
    0x69,0x64,0x74,0x68,0x3d,0x22,0x31,0x37,0x22,0x20,0x68,0x65,0x69,0x67,0x68,0x74,
    0x3d,0x22,0x31,0x37,0x22,0x20,0x76,0x69,0x65,0x77,0x42,0x6f,0x78,0x3d,0x22,0x30,
    0x20,0x30,0x20,0x32,0x34,0x20,0x32,0x34,0x22,0x20,0x66,0x69,0x6c,0x6c,0x3d,0x22,
    0x6e,0x6f,0x6e,0x65,0x22,0x20,0x73,0x74,0x72,0x6f,0x6b,0x65,0x3d,0x22,0x63,0x75,
    0x72,0x72,0x65,0x6e,0x74,0x43,0x6f,0x6c,0x6f,0x72,0x22,0x20,0x73,0x74,0x72,0x6f,
    0x6b,0x65,0x2d,0x77,0x69,0x64,0x74,0x68,0x3d,0x22,0x31,0x2e,0x39,0x22,0x20,0x73,
    0x74,0x72,0x6f,0x6b,0x65,0x2d,0x6c,0x69,0x6e,0x65,0x63,0x61,0x70,0x3d,0x22,0x72,
    0x6f,0x75,0x6e,0x64,0x22,0x20,0x73,0x74,0x72,0x6f,0x6b,0x65,0x2d,0x6c,0x69,0x6e,
    0x65,0x6a,0x6f,0x69,0x6e,0x3d,0x22,0x72,0x6f,0x75,0x6e,0x64,0x22,0x3e,0x3c,0x70,
    0x61,0x74,0x68,0x20,0x64,0x3d,0x22,0x4d,0x39,0x20,0x35,0x48,0x37,0x61,0x32,0x20,
    0x32,0x20,0x30,0x20,0x30,0x30,0x2d,0x32,0x20,0x32,0x76,0x31,0x32,0x61,0x32,0x20,
    0x32,0x20,0x30,0x20,0x30,0x30,0x32,0x20,0x32,0x68,0x31,0x30,0x61,0x32,0x20,0x32,
    0x20,0x30,0x20,0x30,0x30,0x32,0x2d,0x32,0x56,0x37,0x61,0x32,0x20,0x32,0x20,0x30,
    0x20,0x30,0x30,0x2d,0x32,0x2d,0x32,0x68,0x2d,0x32,0x4d,0x39,0x20,0x35,0x61,0x32,
    0x20,0x32,0x20,0x30,0x20,0x30,0x30,0x32,0x20,0x32,0x68,0x32,0x61,0x32,0x20,0x32,
    0x20,0x30,0x20,0x30,0x30,0x32,0x2d,0x32,0x4d,0x39,0x20,0x35,0x61,0x32,0x20,0x32,
    0x20,0x30,0x20,0x30,0x31,0x32,0x2d,0x32,0x68,0x32,0x61,0x32,0x20,0x32,0x20,0x30,
    0x20,0x30,0x31,0x32,0x20,0x32,0x4d,0x39,0x20,0x31,0x32,0x68,0x36,0x4d,0x39,0x20,
    0x31,0x36,0x68,0x34,0x22,0x2f,0x3e,0x3c,0x2f,0x73,0x76,0x67,0x3e,0x3c,0x2f,0x61,
    0x3e,0x3c,0x61,0x20,0x68,0x72,0x65,0x66,0x3d,0x22,0x2f,0x66,0x69,0x6c,0x65,0x73,
    0x22,0x20,0x74,0x69,0x74,0x6c,0x65,0x3d,0x22,0x46,0x69,0x6c,0x65,0x73,0x22,0x3e,
    0x3c,0x73,0x76,0x67,0x20,0x77,0x69,0x64,0x74,0x68,0x3d,0x22,0x31,0x37,0x22,0x20,
    0x68,0x65,0x69,0x67,0x68,0x74,0x3d,0x22,0x31,0x37,0x22,0x20,0x76,0x69,0x65,0x77,
    0x42,0x6f,0x78,0x3d,0x22,0x30,0x20,0x30,0x20,0x32,0x34,0x20,0x32,0x34,0x22,0x20,
    0x66,0x69,0x6c,0x6c,0x3d,0x22,0x6e,0x6f,0x6e,0x65,0x22,0x20,0x73,0x74,0x72,0x6f,
    0x6b,0x65,0x3d,0x22,0x63,0x75,0x72,0x72,0x65,0x6e,0x74,0x43,0x6f,0x6c,0x6f,0x72,
    0x22,0x20,0x73,0x74,0x72,0x6f,0x6b,0x65,0x2d,0x77,0x69,0x64,0x74,0x68,0x3d,0x22,
    0x31,0x2e,0x39,0x22,0x20,0x73,0x74,0x72,0x6f,0x6b,0x65,0x2d,0x6c,0x69,0x6e,0x65,
    0x63,0x61,0x70,0x3d,0x22,0x72,0x6f,0x75,0x6e,0x64,0x22,0x20,0x73,0x74,0x72,0x6f,
    0x6b,0x65,0x2d,0x6c,0x69,0x6e,0x65,0x6a,0x6f,0x69,0x6e,0x3d,0x22,0x72,0x6f,0x75,
    0x6e,0x64,0x22,0x3e,0x3c,0x70,0x61,0x74,0x68,0x20,0x64,0x3d,0x22,0x4d,0x33,0x20,
    0x37,0x76,0x31,0x30,0x61,0x32,0x20,0x32,0x20,0x30,0x20,0x30,0x30,0x32,0x20,0x32,
    0x68,0x31,0x34,0x61,0x32,0x20,0x32,0x20,0x30,0x20,0x30,0x30,0x32,0x2d,0x32,0x56,
    0x39,0x61,0x32,0x20,0x32,0x20,0x30,0x20,0x30,0x30,0x2d,0x32,0x2d,0x32,0x68,0x2d,
    0x36,0x6c,0x2d,0x32,0x2d,0x32,0x48,0x35,0x61,0x32,0x20,0x32,0x20,0x30,0x20,0x30,
    0x30,0x2d,0x32,0x20,0x32,0x7a,0x22,0x2f,0x3e,0x3c,0x2f,0x73,0x76,0x67,0x3e,0x3c,
    0x2f,0x61,0x3e,0x0a,0x3c,0x64,0x69,0x76,0x20,0x63,0x6c,0x61,0x73,0x73,0x3d,0x22,
    0x73,0x69,0x64,0x65,0x62,0x61,0x72,0x2d,0x73,0x70,0x61,0x63,0x65,0x72,0x22,0x3e,
    0x3c,0x2f,0x64,0x69,0x76,0x3e,0x0a,0x3c,0x73,0x70,0x61,0x6e,0x20,0x63,0x6c,0x61,
    0x73,0x73,0x3d,0x22,0x73,0x69,0x64,0x65,0x62,0x61,0x72,0x2d,0x76,0x65,0x72,0x22,
    0x3e,0x76,0x32,0x3c,0x2f,0x73,0x70,0x61,0x6e,0x3e,0x0a,0x3c,0x2f,0x61,0x73,0x69,
    0x64,0x65,0x3e,0x0a,0x3c,0x64,0x69,0x76,0x20,0x63,0x6c,0x61,0x73,0x73,0x3d,0x22,
    0x77,0x72,0x61,0x70,0x22,0x3e,0x0a,0x3c,0x64,0x69,0x76,0x20,0x63,0x6c,0x61,0x73,
    0x73,0x3d,0x22,0x74,0x6f,0x70,0x62,0x61,0x72,0x22,0x3e,0x0a,0x3c,0x73,0x70,0x61,
    0x6e,0x20,0x63,0x6c,0x61,0x73,0x73,0x3d,0x22,0x74,0x6f,0x70,0x62,0x61,0x72,0x2d,
    0x74,0x69,0x74,0x6c,0x65,0x22,0x3e,0x44,0x61,0x73,0x68,0x62,0x6f,0x61,0x72,0x64,
    0x3c,0x2f,0x73,0x70,0x61,0x6e,0x3e,0x0a,0x3c,0x73,0x70,0x61,0x6e,0x20,0x63,0x6c,
    0x61,0x73,0x73,0x3d,0x22,0x74,0x6f,0x70,0x62,0x61,0x72,0x2d,0x69,0x70,0x22,0x20,
    0x69,0x64,0x3d,0x22,0x6e,0x61,0x76,0x2d,0x69,0x70,0x22,0x3e,0xe2,0x80,0x94,0x3c,
    0x2f,0x73,0x70,0x61,0x6e,0x3e,0x0a,0x3c,0x2f,0x64,0x69,0x76,0x3e,0x0a,0x3c,0x6d,
    0x61,0x69,0x6e,0x3e,0x0a,0x20,0x20,0x3c,0x68,0x31,0x20,0x63,0x6c,0x61,0x73,0x73,
    0x3d,0x22,0x70,0x61,0x67,0x65,0x2d,0x74,0x69,0x74,0x6c,0x65,0x22,0x3e,0x44,0x61,
    0x73,0x68,0x62,0x6f,0x61,0x72,0x64,0x3c,0x2f,0x68,0x31,0x3e,0x0a,0x20,0x20,0x3c,
    0x64,0x69,0x76,0x20,0x63,0x6c,0x61,0x73,0x73,0x3d,0x22,0x6b,0x70,0x69,0x2d,0x67,
    0x72,0x69,0x64,0x22,0x20,0x69,0x64,0x3d,0x22,0x6b,0x70,0x69,0x2d,0x67,0x72,0x69,
    0x64,0x22,0x3e,0x0a,0x20,0x20,0x20,0x20,0x3c,0x64,0x69,0x76,0x20,0x63,0x6c,0x61,
    0x73,0x73,0x3d,0x22,0x6b,0x70,0x69,0x22,0x3e,0x3c,0x64,0x69,0x76,0x20,0x63,0x6c,
    0x61,0x73,0x73,0x3d,0x22,0x6b,0x70,0x69,0x2d,0x6c,0x61,0x62,0x65,0x6c,0x22,0x3e,
    0x55,0x70,0x74,0x69,0x6d,0x65,0x3c,0x2f,0x64,0x69,0x76,0x3e,0x3c,0x64,0x69,0x76,
    0x20,0x63,0x6c,0x61,0x73,0x73,0x3d,0x22,0x6b,0x70,0x69,0x2d,0x76,0x61,0x6c,0x75,
    0x65,0x22,0x20,0x69,0x64,0x3d,0x22,0x6b,0x70,0x69,0x2d,0x75,0x70,0x74,0x69,0x6d,
    0x65,0x22,0x3e,0xe2,0x80,0x94,0x3c,0x2f,0x64,0x69,0x76,0x3e,0x3c,0x64,0x69,0x76,
    0x20,0x63,0x6c,0x61,0x73,0x73,0x3d,0x22,0x6b,0x70,0x69,0x2d,0x75,0x6e,0x69,0x74,
    0x22,0x3e,0x68,0x68,0x3a,0x6d,0x6d,0x3a,0x73,0x73,0x3c,0x2f,0x64,0x69,0x76,0x3e,
    0x3c,0x2f,0x64,0x69,0x76,0x3e,0x0a,0x20,0x20,0x20,0x20,0x3c,0x64,0x69,0x76,0x20,
    0x63,0x6c,0x61,0x73,0x73,0x3d,0x22,0x6b,0x70,0x69,0x22,0x3e,0x3c,0x64,0x69,0x76,
    0x20,0x63,0x6c,0x61,0x73,0x73,0x3d,0x22,0x6b,0x70,0x69,0x2d,0x6c,0x61,0x62,0x65,
    0x6c,0x22,0x3e,0x53,0x44,0x20,0x43,0x61,0x72,0x64,0x3c,0x2f,0x64,0x69,0x76,0x3e,
    0x3c,0x64,0x69,0x76,0x20,0x63,0x6c,0x61,0x73,0x73,0x3d,0x22,0x6b,0x70,0x69,0x2d,
    0x76,0x61,0x6c,0x75,0x65,0x22,0x20,0x69,0x64,0x3d,0x22,0x6b,0x70,0x69,0x2d,0x73,
    0x64,0x22,0x3e,0xe2,0x80,0x94,0x3c,0x2f,0x64,0x69,0x76,0x3e,0x3c,0x64,0x69,0x76,
    0x20,0x63,0x6c,0x61,0x73,0x73,0x3d,0x22,0x6b,0x70,0x69,0x2d,0x75,0x6e,0x69,0x74,
    0x22,0x20,0x69,0x64,0x3d,0x22,0x6b,0x70,0x69,0x2d,0x73,0x64,0x2d,0x73,0x69,0x7a,
    0x65,0x22,0x3e,0xe2,0x80,0x94,0x3c,0x2f,0x64,0x69,0x76,0x3e,0x3c,0x2f,0x64,0x69,
    0x76,0x3e,0x0a,0x20,0x20,0x20,0x20,0x3c,0x64,0x69,0x76,0x20,0x63,0x6c,0x61,0x73,
    0x73,0x3d,0x22,0x6b,0x70,0x69,0x22,0x3e,0x3c,0x64,0x69,0x76,0x20,0x63,0x6c,0x61,
    0x73,0x73,0x3d,0x22,0x6b,0x70,0x69,0x2d,0x6c,0x61,0x62,0x65,0x6c,0x22,0x3e,0x46,
    0x72,0x65,0x65,0x20,0x48,0x65,0x61,0x70,0x3c,0x2f,0x64,0x69,0x76,0x3e,0x3c,0x64,
    0x69,0x76,0x20,0x63,0x6c,0x61,0x73,0x73,0x3d,0x22,0x6b,0x70,0x69,0x2d,0x76,0x61,
    0x6c,0x75,0x65,0x22,0x20,0x69,0x64,0x3d,0x22,0x6b,0x70,0x69,0x2d,0x68,0x65,0x61,
    0x70,0x22,0x3e,0xe2,0x80,0x94,0x3c,0x2f,0x64,0x69,0x76,0x3e,0x3c,0x64,0x69,0x76,
    0x20,0x63,0x6c,0x61,0x73,0x73,0x3d,0x22,0x6b,0x70,0x69,0x2d,0x75,0x6e,0x69,0x74,
    0x22,0x3e,0x62,0x79,0x74,0x65,0x73,0x3c,0x2f,0x64,0x69,0x76,0x3e,0x3c,0x2f,0x64,
    0x69,0x76,0x3e,0x0a,0x20,0x20,0x20,0x20,0x3c,0x64,0x69,0x76,0x20,0x63,0x6c,0x61,
    0x73,0x73,0x3d,0x22,0x6b,0x70,0x69,0x22,0x3e,0x3c,0x64,0x69,0x76,0x20,0x63,0x6c,
    0x61,0x73,0x73,0x3d,0x22,0x6b,0x70,0x69,0x2d,0x6c,0x61,0x62,0x65,0x6c,0x22,0x3e,
    0x49,0x50,0x20,0x41,0x64,0x64,0x72,0x65,0x73,0x73,0x3c,0x2f,0x64,0x69,0x76,0x3e,
    0x3c,0x64,0x69,0x76,0x20,0x63,0x6c,0x61,0x73,0x73,0x3d,0x22,0x6b,0x70,0x69,0x2d,
    0x76,0x61,0x6c,0x75,0x65,0x22,0x20,0x69,0x64,0x3d,0x22,0x6b,0x70,0x69,0x2d,0x69,
    0x70,0x22,0x20,0x73,0x74,0x79,0x6c,0x65,0x3d,0x22,0x66,0x6f,0x6e,0x74,0x2d,0x73,
    0x69,0x7a,0x65,0x3a,0x31,0x36,0x70,0x78,0x22,0x3e,0xe2,0x80,0x94,0x3c,0x2f,0x64,
    0x69,0x76,0x3e,0x3c,0x64,0x69,0x76,0x20,0x63,0x6c,0x61,0x73,0x73,0x3d,0x22,0x6b,
    0x70,0x69,0x2d,0x75,0x6e,0x69,0x74,0x22,0x20,0x69,0x64,0x3d,0x22,0x6b,0x70,0x69,
    0x2d,0x6e,0x65,0x74,0x2d,0x6d,0x6f,0x64,0x65,0x22,0x3e,0xe2,0x80,0x94,0x3c,0x2f,
    0x64,0x69,0x76,0x3e,0x3c,0x2f,0x64,0x69,0x76,0x3e,0x0a,0x20,0x20,0x20,0x20,0x3c,
    0x64,0x69,0x76,0x20,0x63,0x6c,0x61,0x73,0x73,0x3d,0x22,0x6b,0x70,0x69,0x22,0x3e,
    0x3c,0x64,0x69,0x76,0x20,0x63,0x6c,0x61,0x73,0x73,0x3d,0x22,0x6b,0x70,0x69,0x2d,
    0x6c,0x61,0x62,0x65,0x6c,0x22,0x3e,0x52,0x53,0x53,0x49,0x3c,0x2f,0x64,0x69,0x76,
    0x3e,0x3c,0x64,0x69,0x76,0x20,0x63,0x6c,0x61,0x73,0x73,0x3d,0x22,0x6b,0x70,0x69,
    0x2d,0x76,0x61,0x6c,0x75,0x65,0x22,0x20,0x69,0x64,0x3d,0x22,0x6b,0x70,0x69,0x2d,
    0x72,0x73,0x73,0x69,0x22,0x3e,0xe2,0x80,0x94,0x3c,0x2f,0x64,0x69,0x76,0x3e,0x3c,
    0x64,0x69,0x76,0x20,0x63,0x6c,0x61,0x73,0x73,0x3d,0x22,0x6b,0x70,0x69,0x2d,0x75,
    0x6e,0x69,0x74,0x22,0x3e,0x64,0x42,0x6d,0x3c,0x2f,0x64,0x69,0x76,0x3e,0x3c,0x2f,
    0x64,0x69,0x76,0x3e,0x0a,0x20,0x20,0x20,0x20,0x3c,0x64,0x69,0x76,0x20,0x63,0x6c,
    0x61,0x73,0x73,0x3d,0x22,0x6b,0x70,0x69,0x22,0x3e,0x3c,0x64,0x69,0x76,0x20,0x63,
    0x6c,0x61,0x73,0x73,0x3d,0x22,0x6b,0x70,0x69,0x2d,0x6c,0x61,0x62,0x65,0x6c,0x22,
    0x3e,0x4c,0x61,0x73,0x74,0x20,0x53,0x61,0x76,0x65,0x3c,0x2f,0x64,0x69,0x76,0x3e,
    0x3c,0x64,0x69,0x76,0x20,0x63,0x6c,0x61,0x73,0x73,0x3d,0x22,0x6b,0x70,0x69,0x2d,
    0x76,0x61,0x6c,0x75,0x65,0x22,0x20,0x69,0x64,0x3d,0x22,0x6b,0x70,0x69,0x2d,0x73,
    0x61,0x76,0x65,0x22,0x20,0x73,0x74,0x79,0x6c,0x65,0x3d,0x22,0x66,0x6f,0x6e,0x74,
    0x2d,0x73,0x69,0x7a,0x65,0x3a,0x31,0x34,0x70,0x78,0x22,0x3e,0xe2,0x80,0x94,0x3c,
    0x2f,0x64,0x69,0x76,0x3e,0x3c,0x64,0x69,0x76,0x20,0x63,0x6c,0x61,0x73,0x73,0x3d,
    0x22,0x6b,0x70,0x69,0x2d,0x75,0x6e,0x69,0x74,0x22,0x20,0x69,0x64,0x3d,0x22,0x6b,
    0x70,0x69,0x2d,0x73,0x61,0x76,0x65,0x2d,0x73,0x74,0x61,0x74,0x75,0x73,0x22,0x3e,
    0xe2,0x80,0x94,0x3c,0x2f,0x64,0x69,0x76,0x3e,0x3c,0x2f,0x64,0x69,0x76,0x3e,0x0a,
    0x20,0x20,0x3c,0x2f,0x64,0x69,0x76,0x3e,0x0a,0x20,0x20,0x3c,0x64,0x69,0x76,0x20,
    0x63,0x6c,0x61,0x73,0x73,0x3d,0x22,0x74,0x77,0x6f,0x2d,0x63,0x6f,0x6c,0x22,0x3e,
    0x0a,0x20,0x20,0x20,0x20,0x3c,0x64,0x69,0x76,0x20,0x63,0x6c,0x61,0x73,0x73,0x3d,
    0x22,0x63,0x61,0x72,0x64,0x22,0x3e,0x0a,0x20,0x20,0x20,0x20,0x20,0x20,0x3c,0x64,
    0x69,0x76,0x20,0x63,0x6c,0x61,0x73,0x73,0x3d,0x22,0x63,0x61,0x72,0x64,0x2d,0x74,
    0x69,0x74,0x6c,0x65,0x22,0x3e,0xd0,0xa1,0xd0,0xb5,0xd1,0x82,0xd1,0x8c,0x3c,0x2f,
    0x64,0x69,0x76,0x3e,0x0a,0x20,0x20,0x20,0x20,0x20,0x20,0x3c,0x64,0x69,0x76,0x20,
    0x63,0x6c,0x61,0x73,0x73,0x3d,0x22,0x73,0x74,0x61,0x74,0x2d,0x72,0x6f,0x77,0x22,
    0x3e,0x3c,0x73,0x70,0x61,0x6e,0x20,0x63,0x6c,0x61,0x73,0x73,0x3d,0x22,0x73,0x74,
    0x61,0x74,0x2d,0x6b,0x65,0x79,0x22,0x3e,0x53,0x53,0x49,0x44,0x3c,0x2f,0x73,0x70,
    0x61,0x6e,0x3e,0x3c,0x73,0x70,0x61,0x6e,0x20,0x63,0x6c,0x61,0x73,0x73,0x3d,0x22,
    0x73,0x74,0x61,0x74,0x2d,0x76,0x61,0x6c,0x22,0x20,0x69,0x64,0x3d,0x22,0x73,0x2d,
    0x73,0x73,0x69,0x64,0x22,0x3e,0xe2,0x80,0x94,0x3c,0x2f,0x73,0x70,0x61,0x6e,0x3e,
    0x3c,0x2f,0x64,0x69,0x76,0x3e,0x0a,0x20,0x20,0x20,0x20,0x20,0x20,0x3c,0x64,0x69,
    0x76,0x20,0x63,0x6c,0x61,0x73,0x73,0x3d,0x22,0x73,0x74,0x61,0x74,0x2d,0x72,0x6f,
    0x77,0x22,0x3e,0x3c,0x73,0x70,0x61,0x6e,0x20,0x63,0x6c,0x61,0x73,0x73,0x3d,0x22,
    0x73,0x74,0x61,0x74,0x2d,0x6b,0x65,0x79,0x22,0x3e,0x4d,0x41,0x43,0x3c,0x2f,0x73,
    0x70,0x61,0x6e,0x3e,0x3c,0x73,0x70,0x61,0x6e,0x20,0x63,0x6c,0x61,0x73,0x73,0x3d,
    0x22,0x73,0x74,0x61,0x74,0x2d,0x76,0x61,0x6c,0x22,0x20,0x69,0x64,0x3d,0x22,0x73,
    0x2d,0x6d,0x61,0x63,0x22,0x3e,0xe2,0x80,0x94,0x3c,0x2f,0x73,0x70,0x61,0x6e,0x3e,
    0x3c,0x2f,0x64,0x69,0x76,0x3e,0x0a,0x20,0x20,0x20,0x20,0x20,0x20,0x3c,0x64,0x69,
    0x76,0x20,0x63,0x6c,0x61,0x73,0x73,0x3d,0x22,0x73,0x74,0x61,0x74,0x2d,0x72,0x6f,
    0x77,0x22,0x3e,0x3c,0x73,0x70,0x61,0x6e,0x20,0x63,0x6c,0x61,0x73,0x73,0x3d,0x22,
    0x73,0x74,0x61,0x74,0x2d,0x6b,0x65,0x79,0x22,0x3e,0x47,0x61,0x74,0x65,0x77,0x61,
    0x79,0x3c,0x2f,0x73,0x70,0x61,0x6e,0x3e,0x3c,0x73,0x70,0x61,0x6e,0x20,0x63,0x6c,
    0x61,0x73,0x73,0x3d,0x22,0x73,0x74,0x61,0x74,0x2d,0x76,0x61,0x6c,0x22,0x20,0x69,
    0x64,0x3d,0x22,0x73,0x2d,0x67,0x77,0x22,0x3e,0xe2,0x80,0x94,0x3c,0x2f,0x73,0x70,
    0x61,0x6e,0x3e,0x3c,0x2f,0x64,0x69,0x76,0x3e,0x0a,0x20,0x20,0x20,0x20,0x20,0x20,
    0x3c,0x64,0x69,0x76,0x20,0x63,0x6c,0x61,0x73,0x73,0x3d,0x22,0x73,0x74,0x61,0x74,
    0x2d,0x72,0x6f,0x77,0x22,0x3e,0x3c,0x73,0x70,0x61,0x6e,0x20,0x63,0x6c,0x61,0x73,
    0x73,0x3d,0x22,0x73,0x74,0x61,0x74,0x2d,0x6b,0x65,0x79,0x22,0x3e,0x44,0x4e,0x53,
    0x3c,0x2f,0x73,0x70,0x61,0x6e,0x3e,0x3c,0x73,0x70,0x61,0x6e,0x20,0x63,0x6c,0x61,
    0x73,0x73,0x3d,0x22,0x73,0x74,0x61,0x74,0x2d,0x76,0x61,0x6c,0x22,0x20,0x69,0x64,
    0x3d,0x22,0x73,0x2d,0x64,0x6e,0x73,0x22,0x3e,0xe2,0x80,0x94,0x3c,0x2f,0x73,0x70,
    0x61,0x6e,0x3e,0x3c,0x2f,0x64,0x69,0x76,0x3e,0x0a,0x20,0x20,0x20,0x20,0x20,0x20,
    0x3c,0x64,0x69,0x76,0x20,0x63,0x6c,0x61,0x73,0x73,0x3d,0x22,0x73,0x74,0x61,0x74,
    0x2d,0x72,0x6f,0x77,0x22,0x3e,0x3c,0x73,0x70,0x61,0x6e,0x20,0x63,0x6c,0x61,0x73,
    0x73,0x3d,0x22,0x73,0x74,0x61,0x74,0x2d,0x6b,0x65,0x79,0x22,0x3e,0xd0,0xa1,0xd0,
    0xbe,0xd0,0xb5,0xd0,0xb4,0xd0,0xb8,0xd0,0xbd,0xd0,0xb5,0xd0,0xbd,0xd0,0xb8,0xd0,
    0xb9,0x3c,0x2f,0x73,0x70,0x61,0x6e,0x3e,0x3c,0x73,0x70,0x61,0x6e,0x20,0x63,0x6c,
    0x61,0x73,0x73,0x3d,0x22,0x73,0x74,0x61,0x74,0x2d,0x76,0x61,0x6c,0x22,0x20,0x69,
    0x64,0x3d,0x22,0x73,0x2d,0x63,0x6f,0x6e,0x6e,0x22,0x3e,0xe2,0x80,0x94,0x3c,0x2f,
    0x73,0x70,0x61,0x6e,0x3e,0x3c,0x2f,0x64,0x69,0x76,0x3e,0x0a,0x20,0x20,0x20,0x20,
    0x20,0x20,0x3c,0x64,0x69,0x76,0x20,0x63,0x6c,0x61,0x73,0x73,0x3d,0x22,0x73,0x74,
    0x61,0x74,0x2d,0x72,0x6f,0x77,0x22,0x3e,0x3c,0x73,0x70,0x61,0x6e,0x20,0x63,0x6c,
    0x61,0x73,0x73,0x3d,0x22,0x73,0x74,0x61,0x74,0x2d,0x6b,0x65,0x79,0x22,0x3e,0x52,
    0x78,0x20,0x2f,0x20,0x54,0x78,0x3c,0x2f,0x73,0x70,0x61,0x6e,0x3e,0x3c,0x73,0x70,
    0x61,0x6e,0x20,0x63,0x6c,0x61,0x73,0x73,0x3d,0x22,0x73,0x74,0x61,0x74,0x2d,0x76,
    0x61,0x6c,0x22,0x20,0x69,0x64,0x3d,0x22,0x73,0x2d,0x72,0x78,0x74,0x78,0x22,0x3e,
    0xe2,0x80,0x94,0x3c,0x2f,0x73,0x70,0x61,0x6e,0x3e,0x3c,0x2f,0x64,0x69,0x76,0x3e,
    0x0a,0x20,0x20,0x20,0x20,0x3c,0x2f,0x64,0x69,0x76,0x3e,0x0a,0x20,0x20,0x20,0x20,
    0x3c,0x64,0x69,0x76,0x20,0x63,0x6c,0x61,0x73,0x73,0x3d,0x22,0x63,0x61,0x72,0x64,
    0x22,0x3e,0x0a,0x20,0x20,0x20,0x20,0x20,0x20,0x3c,0x64,0x69,0x76,0x20,0x63,0x6c,
    0x61,0x73,0x73,0x3d,0x22,0x63,0x61,0x72,0x64,0x2d,0x74,0x69,0x74,0x6c,0x65,0x22,
    0x3e,0xd0,0xa1,0xd0,0xb8,0xd1,0x81,0xd1,0x82,0xd0,0xb5,0xd0,0xbc,0xd0,0xb0,0x3c,
    0x2f,0x64,0x69,0x76,0x3e,0x0a,0x20,0x20,0x20,0x20,0x20,0x20,0x3c,0x64,0x69,0x76,
    0x20,0x63,0x6c,0x61,0x73,0x73,0x3d,0x22,0x73,0x74,0x61,0x74,0x2d,0x72,0x6f,0x77,
    0x22,0x3e,0x3c,0x73,0x70,0x61,0x6e,0x20,0x63,0x6c,0x61,0x73,0x73,0x3d,0x22,0x73,
    0x74,0x61,0x74,0x2d,0x6b,0x65,0x79,0x22,0x3e,0x43,0x50,0x55,0x3c,0x2f,0x73,0x70,
    0x61,0x6e,0x3e,0x3c,0x73,0x70,0x61,0x6e,0x20,0x63,0x6c,0x61,0x73,0x73,0x3d,0x22,
    0x73,0x74,0x61,0x74,0x2d,0x76,0x61,0x6c,0x22,0x20,0x69,0x64,0x3d,0x22,0x73,0x2d,
    0x63,0x70,0x75,0x22,0x3e,0xe2,0x80,0x94,0x3c,0x2f,0x73,0x70,0x61,0x6e,0x3e,0x3c,
    0x2f,0x64,0x69,0x76,0x3e,0x0a,0x20,0x20,0x20,0x20,0x20,0x20,0x3c,0x64,0x69,0x76,
    0x20,0x63,0x6c,0x61,0x73,0x73,0x3d,0x22,0x73,0x74,0x61,0x74,0x2d,0x72,0x6f,0x77,
    0x22,0x3e,0x3c,0x73,0x70,0x61,0x6e,0x20,0x63,0x6c,0x61,0x73,0x73,0x3d,0x22,0x73,
    0x74,0x61,0x74,0x2d,0x6b,0x65,0x79,0x22,0x3e,0xd0,0xa2,0xd0,0xb5,0xd0,0xbc,0xd0,
    0xbf,0xd0,0xb5,0xd1,0x80,0xd0,0xb0,0xd1,0x82,0xd1,0x83,0xd1,0x80,0xd0,0xb0,0x3c,
    0x2f,0x73,0x70,0x61,0x6e,0x3e,0x3c,0x73,0x70,0x61,0x6e,0x20,0x63,0x6c,0x61,0x73,
    0x73,0x3d,0x22,0x73,0x74,0x61,0x74,0x2d,0x76,0x61,0x6c,0x22,0x20,0x69,0x64,0x3d,
    0x22,0x73,0x2d,0x74,0x65,0x6d,0x70,0x22,0x3e,0xe2,0x80,0x94,0x3c,0x2f,0x73,0x70,
    0x61,0x6e,0x3e,0x3c,0x2f,0x64,0x69,0x76,0x3e,0x0a,0x20,0x20,0x20,0x20,0x20,0x20,
    0x3c,0x64,0x69,0x76,0x20,0x63,0x6c,0x61,0x73,0x73,0x3d,0x22,0x73,0x74,0x61,0x74,
    0x2d,0x72,0x6f,0x77,0x22,0x3e,0x3c,0x73,0x70,0x61,0x6e,0x20,0x63,0x6c,0x61,0x73,
    0x73,0x3d,0x22,0x73,0x74,0x61,0x74,0x2d,0x6b,0x65,0x79,0x22,0x3e,0x53,0x44,0x20,
    0xd0,0xbf,0xd1,0x83,0xd1,0x82,0xd1,0x8c,0x20,0xd0,0xba,0xd0,0xbe,0xd0,0xbd,0xd1,
    0x84,0xd0,0xb8,0xd0,0xb3,0xd0,0xb0,0x3c,0x2f,0x73,0x70,0x61,0x6e,0x3e,0x3c,0x73,
    0x70,0x61,0x6e,0x20,0x63,0x6c,0x61,0x73,0x73,0x3d,0x22,0x73,0x74,0x61,0x74,0x2d,
    0x76,0x61,0x6c,0x22,0x20,0x69,0x64,0x3d,0x22,0x73,0x2d,0x63,0x66,0x67,0x70,0x61,
    0x74,0x68,0x22,0x3e,0xe2,0x80,0x94,0x3c,0x2f,0x73,0x70,0x61,0x6e,0x3e,0x3c,0x2f,
    0x64,0x69,0x76,0x3e,0x0a,0x20,0x20,0x20,0x20,0x20,0x20,0x3c,0x64,0x69,0x76,0x20,
    0x63,0x6c,0x61,0x73,0x73,0x3d,0x22,0x73,0x74,0x61,0x74,0x2d,0x72,0x6f,0x77,0x22,
    0x3e,0x3c,0x73,0x70,0x61,0x6e,0x20,0x63,0x6c,0x61,0x73,0x73,0x3d,0x22,0x73,0x74,
    0x61,0x74,0x2d,0x6b,0x65,0x79,0x22,0x3e,0x53,0x44,0x20,0xd0,0xb7,0xd0,0xb0,0xd0,
    0xbf,0xd0,0xb8,0xd1,0x81,0xd0,0xb5,0xd0,0xb9,0x3c,0x2f,0x73,0x70,0x61,0x6e,0x3e,
    0x3c,0x73,0x70,0x61,0x6e,0x20,0x63,0x6c,0x61,0x73,0x73,0x3d,0x22,0x73,0x74,0x61,
    0x74,0x2d,0x76,0x61,0x6c,0x22,0x20,0x69,0x64,0x3d,0x22,0x73,0x2d,0x73,0x64,0x77,
    0x72,0x69,0x74,0x65,0x73,0x22,0x3e,0xe2,0x80,0x94,0x3c,0x2f,0x73,0x70,0x61,0x6e,
    0x3e,0x3c,0x2f,0x64,0x69,0x76,0x3e,0x0a,0x20,0x20,0x20,0x20,0x20,0x20,0x3c,0x64,
    0x69,0x76,0x20,0x63,0x6c,0x61,0x73,0x73,0x3d,0x22,0x73,0x74,0x61,0x74,0x2d,0x72,
    0x6f,0x77,0x22,0x3e,0x3c,0x73,0x70,0x61,0x6e,0x20,0x63,0x6c,0x61,0x73,0x73,0x3d,
    0x22,0x73,0x74,0x61,0x74,0x2d,0x6b,0x65,0x79,0x22,0x3e,0xd0,0x9f,0xd1,0x80,0xd0,
    0xbe,0xd1,0x88,0xd0,0xb8,0xd0,0xb2,0xd0,0xba,0xd0,0xb0,0x3c,0x2f,0x73,0x70,0x61,
    0x6e,0x3e,0x3c,0x73,0x70,0x61,0x6e,0x20,0x63,0x6c,0x61,0x73,0x73,0x3d,0x22,0x73,
    0x74,0x61,0x74,0x2d,0x76,0x61,0x6c,0x22,0x20,0x69,0x64,0x3d,0x22,0x73,0x2d,0x66,
    0x77,0x22,0x3e,0xe2,0x80,0x94,0x3c,0x2f,0x73,0x70,0x61,0x6e,0x3e,0x3c,0x2f,0x64,
    0x69,0x76,0x3e,0x0a,0x20,0x20,0x20,0x20,0x20,0x20,0x3c,0x64,0x69,0x76,0x20,0x63,
    0x6c,0x61,0x73,0x73,0x3d,0x22,0x73,0x74,0x61,0x74,0x2d,0x72,0x6f,0x77,0x22,0x3e,
    0x3c,0x73,0x70,0x61,0x6e,0x20,0x63,0x6c,0x61,0x73,0x73,0x3d,0x22,0x73,0x74,0x61,
    0x74,0x2d,0x6b,0x65,0x79,0x22,0x3e,0xd0,0x94,0xd0,0xb0,0xd1,0x82,0xd0,0xb0,0x20,
    0xd1,0x81,0xd0,0xb1,0xd0,0xbe,0xd1,0x80,0xd0,0xba,0xd0,0xb8,0x3c,0x2f,0x73,0x70,
    0x61,0x6e,0x3e,0x3c,0x73,0x70,0x61,0x6e,0x20,0x63,0x6c,0x61,0x73,0x73,0x3d,0x22,
    0x73,0x74,0x61,0x74,0x2d,0x76,0x61,0x6c,0x22,0x20,0x69,0x64,0x3d,0x22,0x73,0x2d,
    0x62,0x75,0x69,0x6c,0x74,0x22,0x3e,0xe2,0x80,0x94,0x3c,0x2f,0x73,0x70,0x61,0x6e,
    0x3e,0x3c,0x2f,0x64,0x69,0x76,0x3e,0x0a,0x20,0x20,0x20,0x20,0x3c,0x2f,0x64,0x69,
    0x76,0x3e,0x0a,0x20,0x20,0x3c,0x2f,0x64,0x69,0x76,0x3e,0x0a,0x20,0x20,0x3c,0x64,
    0x69,0x76,0x20,0x63,0x6c,0x61,0x73,0x73,0x3d,0x22,0x63,0x61,0x72,0x64,0x22,0x20,
    0x73,0x74,0x79,0x6c,0x65,0x3d,0x22,0x6d,0x61,0x72,0x67,0x69,0x6e,0x2d,0x74,0x6f,
    0x70,0x3a,0x31,0x36,0x70,0x78,0x22,0x3e,0x0a,0x20,0x20,0x20,0x20,0x3c,0x64,0x69,
    0x76,0x20,0x73,0x74,0x79,0x6c,0x65,0x3d,0x22,0x64,0x69,0x73,0x70,0x6c,0x61,0x79,
    0x3a,0x66,0x6c,0x65,0x78,0x3b,0x6a,0x75,0x73,0x74,0x69,0x66,0x79,0x2d,0x63,0x6f,
    0x6e,0x74,0x65,0x6e,0x74,0x3a,0x73,0x70,0x61,0x63,0x65,0x2d,0x62,0x65,0x74,0x77,
    0x65,0x65,0x6e,0x3b,0x61,0x6c,0x69,0x67,0x6e,0x2d,0x69,0x74,0x65,0x6d,0x73,0x3a,
    0x63,0x65,0x6e,0x74,0x65,0x72,0x3b,0x6d,0x61,0x72,0x67,0x69,0x6e,0x2d,0x62,0x6f,
    0x74,0x74,0x6f,0x6d,0x3a,0x31,0x30,0x70,0x78,0x22,0x3e,0x0a,0x20,0x20,0x20,0x20,
    0x20,0x20,0x3c,0x64,0x69,0x76,0x20,0x63,0x6c,0x61,0x73,0x73,0x3d,0x22,0x63,0x61,
    0x72,0x64,0x2d,0x74,0x69,0x74,0x6c,0x65,0x22,0x20,0x73,0x74,0x79,0x6c,0x65,0x3d,
    0x22,0x6d,0x61,0x72,0x67,0x69,0x6e,0x2d,0x62,0x6f,0x74,0x74,0x6f,0x6d,0x3a,0x30,
    0x22,0x3e,0xd0,0x9f,0xd0,0xbe,0xd1,0x81,0xd0,0xbb,0xd0,0xb5,0xd0,0xb4,0xd0,0xbd,
    0xd0,0xb8,0xd0,0xb5,0x20,0xd1,0x81,0xd0,0xbe,0xd0,0xb1,0xd1,0x8b,0xd1,0x82,0xd0,
    0xb8,0xd1,0x8f,0x3c,0x2f,0x64,0x69,0x76,0x3e,0x0a,0x20,0x20,0x20,0x20,0x20,0x20,
    0x3c,0x61,0x20,0x68,0x72,0x65,0x66,0x3d,0x22,0x2f,0x6c,0x6f,0x67,0x73,0x22,0x20,
    0x73,0x74,0x79,0x6c,0x65,0x3d,0x22,0x66,0x6f,0x6e,0x74,0x2d,0x73,0x69,0x7a,0x65,
    0x3a,0x31,0x32,0x70,0x78,0x3b,0x63,0x6f,0x6c,0x6f,0x72,0x3a,0x76,0x61,0x72,0x28,
    0x2d,0x2d,0x67,0x6f,0x6c,0x64,0x29,0x22,0x3e,0xd0,0xb2,0xd1,0x81,0xd0,0xb5,0x20,
    0xd0,0xbb,0xd0,0xbe,0xd0,0xb3,0xd0,0xb8,0x20,0xe2,0x86,0x92,0x3c,0x2f,0x61,0x3e,
    0x0a,0x20,0x20,0x20,0x20,0x3c,0x2f,0x64,0x69,0x76,0x3e,0x0a,0x20,0x20,0x20,0x20,
    0x3c,0x64,0x69,0x76,0x20,0x69,0x64,0x3d,0x22,0x6d,0x69,0x6e,0x69,0x2d,0x6c,0x6f,
    0x67,0x22,0x3e,0x3c,0x2f,0x64,0x69,0x76,0x3e,0x0a,0x20,0x20,0x3c,0x2f,0x64,0x69,
    0x76,0x3e,0x0a,0x3c,0x2f,0x6d,0x61,0x69,0x6e,0x3e,0x0a,0x3c,0x64,0x69,0x76,0x20,
    0x69,0x64,0x3d,0x22,0x74,0x6f,0x61,0x73,0x74,0x22,0x3e,0x3c,0x2f,0x64,0x69,0x76,
    0x3e,0x0a,0x3c,0x2f,0x64,0x69,0x76,0x3e,0x0a,0x3c,0x64,0x69,0x76,0x20,0x69,0x64,
    0x3d,0x22,0x74,0x6f,0x61,0x73,0x74,0x22,0x3e,0x3c,0x2f,0x64,0x69,0x76,0x3e,0x0a,
    0x3c,0x73,0x63,0x72,0x69,0x70,0x74,0x3e,0x0a,0x0a,0x66,0x75,0x6e,0x63,0x74,0x69,
    0x6f,0x6e,0x20,0x74,0x6f,0x61,0x73,0x74,0x28,0x6d,0x73,0x67,0x2c,0x74,0x79,0x70,
    0x65,0x2c,0x6d,0x73,0x29,0x7b,0x0a,0x20,0x20,0x74,0x79,0x70,0x65,0x3d,0x74,0x79,
    0x70,0x65,0x7c,0x7c,0x27,0x6f,0x6b,0x27,0x3b,0x20,0x6d,0x73,0x3d,0x6d,0x73,0x7c,
    0x7c,0x36,0x30,0x30,0x30,0x3b,0x0a,0x20,0x20,0x76,0x61,0x72,0x20,0x74,0x3d,0x64,
    0x6f,0x63,0x75,0x6d,0x65,0x6e,0x74,0x2e,0x67,0x65,0x74,0x45,0x6c,0x65,0x6d,0x65,
    0x6e,0x74,0x42,0x79,0x49,0x64,0x28,0x27,0x74,0x6f,0x61,0x73,0x74,0x27,0x29,0x3b,
    0x0a,0x20,0x20,0x74,0x2e,0x74,0x65,0x78,0x74,0x43,0x6f,0x6e,0x74,0x65,0x6e,0x74,
    0x3d,0x6d,0x73,0x67,0x3b,0x20,0x74,0x2e,0x63,0x6c,0x61,0x73,0x73,0x4e,0x61,0x6d,
    0x65,0x3d,0x27,0x73,0x68,0x6f,0x77,0x20,0x27,0x2b,0x74,0x79,0x70,0x65,0x3b,0x0a,
    0x20,0x20,0x63,0x6c,0x65,0x61,0x72,0x54,0x69,0x6d,0x65,0x6f,0x75,0x74,0x28,0x74,
    0x2e,0x5f,0x74,0x69,0x64,0x29,0x3b,0x0a,0x20,0x20,0x74,0x2e,0x5f,0x74,0x69,0x64,
    0x3d,0x73,0x65,0x74,0x54,0x69,0x6d,0x65,0x6f,0x75,0x74,0x28,0x66,0x75,0x6e,0x63,
    0x74,0x69,0x6f,0x6e,0x28,0x29,0x7b,0x74,0x2e,0x63,0x6c,0x61,0x73,0x73,0x4e,0x61,
    0x6d,0x65,0x3d,0x74,0x79,0x70,0x65,0x3b,0x7d,0x2c,0x6d,0x73,0x29,0x3b,0x0a,0x7d,
    0x0a,0x0a,0x66,0x75,0x6e,0x63,0x74,0x69,0x6f,0x6e,0x20,0x63,0x6f,0x6c,0x6f,0x72,
    0x4b,0x70,0x69,0x28,0x69,0x64,0x2c,0x76,0x61,0x6c,0x2c,0x6f,0x6b,0x4d,0x69,0x6e,
    0x2c,0x77,0x61,0x72,0x6e,0x4d,0x69,0x6e,0x29,0x7b,0x0a,0x20,0x20,0x76,0x61,0x72,
    0x20,0x65,0x6c,0x3d,0x64,0x6f,0x63,0x75,0x6d,0x65,0x6e,0x74,0x2e,0x67,0x65,0x74,
    0x45,0x6c,0x65,0x6d,0x65,0x6e,0x74,0x42,0x79,0x49,0x64,0x28,0x69,0x64,0x29,0x3b,
    0x0a,0x20,0x20,0x69,0x66,0x28,0x21,0x65,0x6c,0x29,0x20,0x72,0x65,0x74,0x75,0x72,
    0x6e,0x3b,0x0a,0x20,0x20,0x76,0x61,0x72,0x20,0x63,0x6c,0x73,0x3d,0x27,0x65,0x72,
    0x72,0x27,0x3b,0x0a,0x20,0x20,0x69,0x66,0x28,0x76,0x61,0x6c,0x3e,0x3d,0x6f,0x6b,
    0x4d,0x69,0x6e,0x29,0x20,0x63,0x6c,0x73,0x3d,0x27,0x6f,0x6b,0x27,0x3b,0x0a,0x20,
    0x20,0x65,0x6c,0x73,0x65,0x20,0x69,0x66,0x28,0x76,0x61,0x6c,0x3e,0x3d,0x77,0x61,
    0x72,0x6e,0x4d,0x69,0x6e,0x29,0x20,0x63,0x6c,0x73,0x3d,0x27,0x77,0x61,0x72,0x6e,
    0x27,0x3b,0x0a,0x20,0x20,0x65,0x6c,0x2e,0x63,0x6c,0x61,0x73,0x73,0x4e,0x61,0x6d,
    0x65,0x3d,0x27,0x6b,0x70,0x69,0x2d,0x76,0x61,0x6c,0x75,0x65,0x20,0x27,0x2b,0x63,
    0x6c,0x73,0x3b,0x0a,0x7d,0x0a,0x66,0x75,0x6e,0x63,0x74,0x69,0x6f,0x6e,0x20,0x66,
    0x6d,0x74,0x28,0x73,0x29,0x7b,0x0a,0x20,0x20,0x69,0x66,0x28,0x73,0x3d,0x3d,0x3d,
    0x75,0x6e,0x64,0x65,0x66,0x69,0x6e,0x65,0x64,0x7c,0x7c,0x73,0x3d,0x3d,0x3d,0x6e,
    0x75,0x6c,0x6c,0x7c,0x7c,0x73,0x3d,0x3d,0x3d,0x27,0x27,0x29,0x20,0x72,0x65,0x74,
    0x75,0x72,0x6e,0x20,0x27,0xe2,0x80,0x94,0x27,0x3b,0x0a,0x20,0x20,0x72,0x65,0x74,
    0x75,0x72,0x6e,0x20,0x53,0x74,0x72,0x69,0x6e,0x67,0x28,0x73,0x29,0x3b,0x0a,0x7d,
    0x0a,0x66,0x75,0x6e,0x63,0x74,0x69,0x6f,0x6e,0x20,0x66,0x6d,0x74,0x55,0x70,0x74,
    0x69,0x6d,0x65,0x28,0x73,0x29,0x7b,0x0a,0x20,0x20,0x73,0x3d,0x70,0x61,0x72,0x73,
    0x65,0x49,0x6e,0x74,0x28,0x73,0x29,0x7c,0x7c,0x30,0x3b,0x0a,0x20,0x20,0x76,0x61,
    0x72,0x20,0x68,0x3d,0x4d,0x61,0x74,0x68,0x2e,0x66,0x6c,0x6f,0x6f,0x72,0x28,0x73,
    0x2f,0x33,0x36,0x30,0x30,0x29,0x2c,0x20,0x6d,0x3d,0x4d,0x61,0x74,0x68,0x2e,0x66,
    0x6c,0x6f,0x6f,0x72,0x28,0x73,0x25,0x33,0x36,0x30,0x30,0x2f,0x36,0x30,0x29,0x2c,
    0x20,0x73,0x65,0x63,0x3d,0x73,0x25,0x36,0x30,0x3b,0x0a,0x20,0x20,0x72,0x65,0x74,
    0x75,0x72,0x6e,0x20,0x28,0x68,0x3f,0x53,0x74,0x72,0x69,0x6e,0x67,0x28,0x68,0x29,
    0x2e,0x70,0x61,0x64,0x53,0x74,0x61,0x72,0x74,0x28,0x32,0x2c,0x27,0x30,0x27,0x29,
    0x2b,0x27,0x3a,0x27,0x3a,0x27,0x27,0x29,0x2b,0x53,0x74,0x72,0x69,0x6e,0x67,0x28,
    0x6d,0x29,0x2e,0x70,0x61,0x64,0x53,0x74,0x61,0x72,0x74,0x28,0x32,0x2c,0x27,0x30,
    0x27,0x29,0x2b,0x27,0x3a,0x27,0x2b,0x53,0x74,0x72,0x69,0x6e,0x67,0x28,0x73,0x65,
    0x63,0x29,0x2e,0x70,0x61,0x64,0x53,0x74,0x61,0x72,0x74,0x28,0x32,0x2c,0x27,0x30,
    0x27,0x29,0x3b,0x0a,0x7d,0x0a,0x66,0x75,0x6e,0x63,0x74,0x69,0x6f,0x6e,0x20,0x63,
    0x6f,0x6c,0x6f,0x72,0x4c,0x6f,0x67,0x28,0x6c,0x69,0x6e,0x65,0x29,0x7b,0x0a,0x20,
    0x20,0x69,0x66,0x28,0x2f,0x5c,0x5b,0x45,0x52,0x52,0x2f,0x69,0x2e,0x74,0x65,0x73,
    0x74,0x28,0x6c,0x69,0x6e,0x65,0x29,0x7c,0x7c,0x2f,0x45,0x52,0x52,0x4f,0x52,0x2f,
    0x69,0x2e,0x74,0x65,0x73,0x74,0x28,0x6c,0x69,0x6e,0x65,0x29,0x29,0x20,0x72,0x65,
    0x74,0x75,0x72,0x6e,0x20,0x27,0x3c,0x73,0x70,0x61,0x6e,0x20,0x63,0x6c,0x61,0x73,
    0x73,0x3d,0x22,0x6c,0x6f,0x67,0x2d,0x65,0x72,0x72,0x6f,0x72,0x22,0x3e,0x27,0x2b,
    0x6c,0x69,0x6e,0x65,0x2b,0x27,0x3c,0x2f,0x73,0x70,0x61,0x6e,0x3e,0x27,0x3b,0x0a,
    0x20,0x20,0x69,0x66,0x28,0x2f,0x5c,0x5b,0x57,0x52,0x4e,0x2f,0x69,0x2e,0x74,0x65,
    0x73,0x74,0x28,0x6c,0x69,0x6e,0x65,0x29,0x7c,0x7c,0x2f,0x57,0x41,0x52,0x4e,0x2f,
    0x69,0x2e,0x74,0x65,0x73,0x74,0x28,0x6c,0x69,0x6e,0x65,0x29,0x29,0x20,0x20,0x72,
    0x65,0x74,0x75,0x72,0x6e,0x20,0x27,0x3c,0x73,0x70,0x61,0x6e,0x20,0x63,0x6c,0x61,
    0x73,0x73,0x3d,0x22,0x6c,0x6f,0x67,0x2d,0x77,0x61,0x72,0x6e,0x22,0x3e,0x27,0x2b,
    0x6c,0x69,0x6e,0x65,0x2b,0x27,0x3c,0x2f,0x73,0x70,0x61,0x6e,0x3e,0x27,0x3b,0x0a,
    0x20,0x20,0x69,0x66,0x28,0x2f,0x5c,0x5b,0x44,0x41,0x54,0x41,0x2f,0x69,0x2e,0x74,
    0x65,0x73,0x74,0x28,0x6c,0x69,0x6e,0x65,0x29,0x29,0x20,0x20,0x72,0x65,0x74,0x75,
    0x72,0x6e,0x20,0x27,0x3c,0x73,0x70,0x61,0x6e,0x20,0x63,0x6c,0x61,0x73,0x73,0x3d,
    0x22,0x6c,0x6f,0x67,0x2d,0x64,0x61,0x74,0x61,0x22,0x3e,0x27,0x2b,0x6c,0x69,0x6e,
    0x65,0x2b,0x27,0x3c,0x2f,0x73,0x70,0x61,0x6e,0x3e,0x27,0x3b,0x0a,0x20,0x20,0x69,
    0x66,0x28,0x2f,0x5c,0x5b,0x44,0x42,0x47,0x2f,0x69,0x2e,0x74,0x65,0x73,0x74,0x28,
    0x6c,0x69,0x6e,0x65,0x29,0x29,0x20,0x20,0x20,0x72,0x65,0x74,0x75,0x72,0x6e,0x20,
    0x27,0x3c,0x73,0x70,0x61,0x6e,0x20,0x63,0x6c,0x61,0x73,0x73,0x3d,0x22,0x6c,0x6f,
    0x67,0x2d,0x64,0x65,0x62,0x75,0x67,0x22,0x3e,0x27,0x2b,0x6c,0x69,0x6e,0x65,0x2b,
    0x27,0x3c,0x2f,0x73,0x70,0x61,0x6e,0x3e,0x27,0x3b,0x0a,0x20,0x20,0x72,0x65,0x74,
    0x75,0x72,0x6e,0x20,0x27,0x3c,0x73,0x70,0x61,0x6e,0x20,0x63,0x6c,0x61,0x73,0x73,
    0x3d,0x22,0x6c,0x6f,0x67,0x2d,0x69,0x6e,0x66,0x6f,0x22,0x3e,0x27,0x2b,0x6c,0x69,
    0x6e,0x65,0x2b,0x27,0x3c,0x2f,0x73,0x70,0x61,0x6e,0x3e,0x27,0x3b,0x0a,0x7d,0x0a,
    0x66,0x75,0x6e,0x63,0x74,0x69,0x6f,0x6e,0x20,0x70,0x6f,0x6c,0x6c,0x28,0x29,0x7b,
    0x0a,0x20,0x20,0x66,0x65,0x74,0x63,0x68,0x28,0x27,0x2f,0x61,0x70,0x69,0x2f,0x73,
    0x74,0x61,0x74,0x75,0x73,0x27,0x29,0x2e,0x74,0x68,0x65,0x6e,0x28,0x72,0x3d,0x3e,
    0x72,0x2e,0x6a,0x73,0x6f,0x6e,0x28,0x29,0x29,0x2e,0x74,0x68,0x65,0x6e,0x28,0x66,
    0x75,0x6e,0x63,0x74,0x69,0x6f,0x6e,0x28,0x64,0x29,0x7b,0x0a,0x20,0x20,0x20,0x20,
    0x64,0x6f,0x63,0x75,0x6d,0x65,0x6e,0x74,0x2e,0x67,0x65,0x74,0x45,0x6c,0x65,0x6d,
    0x65,0x6e,0x74,0x42,0x79,0x49,0x64,0x28,0x27,0x6b,0x70,0x69,0x2d,0x75,0x70,0x74,
    0x69,0x6d,0x65,0x27,0x29,0x2e,0x74,0x65,0x78,0x74,0x43,0x6f,0x6e,0x74,0x65,0x6e,
    0x74,0x3d,0x66,0x6d,0x74,0x55,0x70,0x74,0x69,0x6d,0x65,0x28,0x64,0x2e,0x75,0x70,
    0x74,0x69,0x6d,0x65,0x5f,0x73,0x29,0x3b,0x0a,0x20,0x20,0x20,0x20,0x76,0x61,0x72,
    0x20,0x73,0x64,0x4f,0x6b,0x3d,0x64,0x2e,0x73,0x64,0x5f,0x6f,0x6b,0x7c,0x7c,0x64,
    0x2e,0x73,0x64,0x5f,0x73,0x74,0x61,0x74,0x75,0x73,0x3d,0x3d,0x3d,0x27,0x6f,0x6b,
    0x27,0x3b,0x0a,0x20,0x20,0x20,0x20,0x76,0x61,0x72,0x20,0x73,0x64,0x45,0x6c,0x3d,
    0x64,0x6f,0x63,0x75,0x6d,0x65,0x6e,0x74,0x2e,0x67,0x65,0x74,0x45,0x6c,0x65,0x6d,
    0x65,0x6e,0x74,0x42,0x79,0x49,0x64,0x28,0x27,0x6b,0x70,0x69,0x2d,0x73,0x64,0x27,
    0x29,0x3b,0x0a,0x20,0x20,0x20,0x20,0x73,0x64,0x45,0x6c,0x2e,0x74,0x65,0x78,0x74,
    0x43,0x6f,0x6e,0x74,0x65,0x6e,0x74,0x3d,0x73,0x64,0x4f,0x6b,0x3f,0x27,0x4f,0x4b,
    0x27,0x3a,0x27,0x46,0x41,0x49,0x4c,0x27,0x3b,0x0a,0x20,0x20,0x20,0x20,0x73,0x64,
    0x45,0x6c,0x2e,0x63,0x6c,0x61,0x73,0x73,0x4e,0x61,0x6d,0x65,0x3d,0x27,0x6b,0x70,
    0x69,0x2d,0x76,0x61,0x6c,0x75,0x65,0x20,0x27,0x2b,0x28,0x73,0x64,0x4f,0x6b,0x3f,
    0x27,0x6f,0x6b,0x27,0x3a,0x27,0x65,0x72,0x72,0x27,0x29,0x3b,0x0a,0x20,0x20,0x20,
    0x20,0x64,0x6f,0x63,0x75,0x6d,0x65,0x6e,0x74,0x2e,0x67,0x65,0x74,0x45,0x6c,0x65,
    0x6d,0x65,0x6e,0x74,0x42,0x79,0x49,0x64,0x28,0x27,0x6b,0x70,0x69,0x2d,0x73,0x64,
    0x2d,0x73,0x69,0x7a,0x65,0x27,0x29,0x2e,0x74,0x65,0x78,0x74,0x43,0x6f,0x6e,0x74,
    0x65,0x6e,0x74,0x3d,0x64,0x2e,0x73,0x64,0x5f,0x66,0x72,0x65,0x65,0x3f,0x64,0x2e,
    0x73,0x64,0x5f,0x66,0x72,0x65,0x65,0x2b,0x27,0x20,0x66,0x72,0x65,0x65,0x27,0x3a,
    0x27,0xe2,0x80,0x94,0x27,0x3b,0x0a,0x20,0x20,0x20,0x20,0x76,0x61,0x72,0x20,0x68,
    0x65,0x61,0x70,0x3d,0x70,0x61,0x72,0x73,0x65,0x49,0x6e,0x74,0x28,0x64,0x2e,0x66,
    0x72,0x65,0x65,0x5f,0x68,0x65,0x61,0x70,0x29,0x7c,0x7c,0x30,0x3b,0x0a,0x20,0x20,
    0x20,0x20,0x64,0x6f,0x63,0x75,0x6d,0x65,0x6e,0x74,0x2e,0x67,0x65,0x74,0x45,0x6c,
    0x65,0x6d,0x65,0x6e,0x74,0x42,0x79,0x49,0x64,0x28,0x27,0x6b,0x70,0x69,0x2d,0x68,
    0x65,0x61,0x70,0x27,0x29,0x2e,0x74,0x65,0x78,0x74,0x43,0x6f,0x6e,0x74,0x65,0x6e,
    0x74,0x3d,0x68,0x65,0x61,0x70,0x3f,0x68,0x65,0x61,0x70,0x2e,0x74,0x6f,0x4c,0x6f,
    0x63,0x61,0x6c,0x65,0x53,0x74,0x72,0x69,0x6e,0x67,0x28,0x29,0x3a,0x27,0xe2,0x80,
    0x94,0x27,0x3b,0x0a,0x20,0x20,0x20,0x20,0x63,0x6f,0x6c,0x6f,0x72,0x4b,0x70,0x69,
    0x28,0x27,0x6b,0x70,0x69,0x2d,0x68,0x65,0x61,0x70,0x27,0x2c,0x68,0x65,0x61,0x70,
    0x2c,0x34,0x30,0x30,0x30,0x30,0x2c,0x31,0x35,0x30,0x30,0x30,0x29,0x3b,0x0a,0x20,
    0x20,0x20,0x20,0x76,0x61,0x72,0x20,0x69,0x70,0x3d,0x64,0x2e,0x69,0x70,0x7c,0x7c,
    0x64,0x2e,0x69,0x70,0x5f,0x61,0x64,0x64,0x72,0x65,0x73,0x73,0x7c,0x7c,0x27,0xe2,
    0x80,0x94,0x27,0x3b,0x0a,0x20,0x20,0x20,0x20,0x64,0x6f,0x63,0x75,0x6d,0x65,0x6e,
    0x74,0x2e,0x67,0x65,0x74,0x45,0x6c,0x65,0x6d,0x65,0x6e,0x74,0x42,0x79,0x49,0x64,
    0x28,0x27,0x6b,0x70,0x69,0x2d,0x69,0x70,0x27,0x29,0x2e,0x74,0x65,0x78,0x74,0x43,
    0x6f,0x6e,0x74,0x65,0x6e,0x74,0x3d,0x69,0x70,0x3b,0x0a,0x20,0x20,0x20,0x20,0x64,
    0x6f,0x63,0x75,0x6d,0x65,0x6e,0x74,0x2e,0x67,0x65,0x74,0x45,0x6c,0x65,0x6d,0x65,
    0x6e,0x74,0x42,0x79,0x49,0x64,0x28,0x27,0x6b,0x70,0x69,0x2d,0x6e,0x65,0x74,0x2d,
    0x6d,0x6f,0x64,0x65,0x27,0x29,0x2e,0x74,0x65,0x78,0x74,0x43,0x6f,0x6e,0x74,0x65,
    0x6e,0x74,0x3d,0x64,0x2e,0x6e,0x65,0x74,0x5f,0x6d,0x6f,0x64,0x65,0x7c,0x7c,0x64,
    0x2e,0x6d,0x6f,0x64,0x65,0x7c,0x7c,0x27,0xe2,0x80,0x94,0x27,0x3b,0x0a,0x20,0x20,
    0x20,0x20,0x64,0x6f,0x63,0x75,0x6d,0x65,0x6e,0x74,0x2e,0x67,0x65,0x74,0x45,0x6c,
    0x65,0x6d,0x65,0x6e,0x74,0x42,0x79,0x49,0x64,0x28,0x27,0x6e,0x61,0x76,0x2d,0x69,
    0x70,0x27,0x29,0x2e,0x74,0x65,0x78,0x74,0x43,0x6f,0x6e,0x74,0x65,0x6e,0x74,0x3d,
    0x69,0x70,0x3b,0x0a,0x20,0x20,0x20,0x20,0x76,0x61,0x72,0x20,0x72,0x73,0x73,0x69,
    0x3d,0x70,0x61,0x72,0x73,0x65,0x49,0x6e,0x74,0x28,0x64,0x2e,0x72,0x73,0x73,0x69,
    0x29,0x7c,0x7c,0x30,0x3b,0x0a,0x20,0x20,0x20,0x20,0x64,0x6f,0x63,0x75,0x6d,0x65,
    0x6e,0x74,0x2e,0x67,0x65,0x74,0x45,0x6c,0x65,0x6d,0x65,0x6e,0x74,0x42,0x79,0x49,
    0x64,0x28,0x27,0x6b,0x70,0x69,0x2d,0x72,0x73,0x73,0x69,0x27,0x29,0x2e,0x74,0x65,
    0x78,0x74,0x43,0x6f,0x6e,0x74,0x65,0x6e,0x74,0x3d,0x72,0x73,0x73,0x69,0x3f,0x72,
    0x73,0x73,0x69,0x3a,0x27,0xe2,0x80,0x94,0x27,0x3b,0x0a,0x20,0x20,0x20,0x20,0x63,
    0x6f,0x6c,0x6f,0x72,0x4b,0x70,0x69,0x28,0x27,0x6b,0x70,0x69,0x2d,0x72,0x73,0x73,
    0x69,0x27,0x2c,0x72,0x73,0x73,0x69,0x2c,0x2d,0x36,0x30,0x2c,0x2d,0x38,0x30,0x29,
    0x3b,0x0a,0x20,0x20,0x20,0x20,0x64,0x6f,0x63,0x75,0x6d,0x65,0x6e,0x74,0x2e,0x67,
    0x65,0x74,0x45,0x6c,0x65,0x6d,0x65,0x6e,0x74,0x42,0x79,0x49,0x64,0x28,0x27,0x6b,
    0x70,0x69,0x2d,0x73,0x61,0x76,0x65,0x27,0x29,0x2e,0x74,0x65,0x78,0x74,0x43,0x6f,
    0x6e,0x74,0x65,0x6e,0x74,0x3d,0x64,0x2e,0x6c,0x61,0x73,0x74,0x5f,0x73,0x61,0x76,
    0x65,0x5f,0x74,0x69,0x6d,0x65,0x7c,0x7c,0x27,0xe2,0x80,0x94,0x27,0x3b,0x0a,0x20,
    0x20,0x20,0x20,0x64,0x6f,0x63,0x75,0x6d,0x65,0x6e,0x74,0x2e,0x67,0x65,0x74,0x45,
    0x6c,0x65,0x6d,0x65,0x6e,0x74,0x42,0x79,0x49,0x64,0x28,0x27,0x6b,0x70,0x69,0x2d,
    0x73,0x61,0x76,0x65,0x2d,0x73,0x74,0x61,0x74,0x75,0x73,0x27,0x29,0x2e,0x74,0x65,
    0x78,0x74,0x43,0x6f,0x6e,0x74,0x65,0x6e,0x74,0x3d,0x64,0x2e,0x6c,0x61,0x73,0x74,
    0x5f,0x73,0x61,0x76,0x65,0x5f,0x6f,0x6b,0x3f,0x27,0xd0,0xbd,0xd0,0xb0,0x20,0x53,
    0x44,0x27,0x3a,0x27,0xd0,0xb2,0x20,0x52,0x41,0x4d,0x27,0x3b,0x0a,0x20,0x20,0x20,
    0x20,0x64,0x6f,0x63,0x75,0x6d,0x65,0x6e,0x74,0x2e,0x67,0x65,0x74,0x45,0x6c,0x65,
    0x6d,0x65,0x6e,0x74,0x42,0x79,0x49,0x64,0x28,0x27,0x73,0x2d,0x73,0x73,0x69,0x64,
    0x27,0x29,0x2e,0x74,0x65,0x78,0x74,0x43,0x6f,0x6e,0x74,0x65,0x6e,0x74,0x3d,0x66,
    0x6d,0x74,0x28,0x64,0x2e,0x73,0x73,0x69,0x64,0x29,0x3b,0x0a,0x20,0x20,0x20,0x20,
    0x64,0x6f,0x63,0x75,0x6d,0x65,0x6e,0x74,0x2e,0x67,0x65,0x74,0x45,0x6c,0x65,0x6d,
    0x65,0x6e,0x74,0x42,0x79,0x49,0x64,0x28,0x27,0x73,0x2d,0x6d,0x61,0x63,0x27,0x29,
    0x2e,0x74,0x65,0x78,0x74,0x43,0x6f,0x6e,0x74,0x65,0x6e,0x74,0x3d,0x66,0x6d,0x74,
    0x28,0x64,0x2e,0x6d,0x61,0x63,0x29,0x3b,0x0a,0x20,0x20,0x20,0x20,0x64,0x6f,0x63,
    0x75,0x6d,0x65,0x6e,0x74,0x2e,0x67,0x65,0x74,0x45,0x6c,0x65,0x6d,0x65,0x6e,0x74,
    0x42,0x79,0x49,0x64,0x28,0x27,0x73,0x2d,0x67,0x77,0x27,0x29,0x2e,0x74,0x65,0x78,
    0x74,0x43,0x6f,0x6e,0x74,0x65,0x6e,0x74,0x3d,0x66,0x6d,0x74,0x28,0x64,0x2e,0x67,
    0x61,0x74,0x65,0x77,0x61,0x79,0x29,0x3b,0x0a,0x20,0x20,0x20,0x20,0x64,0x6f,0x63,
    0x75,0x6d,0x65,0x6e,0x74,0x2e,0x67,0x65,0x74,0x45,0x6c,0x65,0x6d,0x65,0x6e,0x74,
    0x42,0x79,0x49,0x64,0x28,0x27,0x73,0x2d,0x64,0x6e,0x73,0x27,0x29,0x2e,0x74,0x65,
    0x78,0x74,0x43,0x6f,0x6e,0x74,0x65,0x6e,0x74,0x3d,0x66,0x6d,0x74,0x28,0x64,0x2e,
    0x64,0x6e,0x73,0x29,0x3b,0x0a,0x20,0x20,0x20,0x20,0x64,0x6f,0x63,0x75,0x6d,0x65,
    0x6e,0x74,0x2e,0x67,0x65,0x74,0x45,0x6c,0x65,0x6d,0x65,0x6e,0x74,0x42,0x79,0x49,
    0x64,0x28,0x27,0x73,0x2d,0x63,0x6f,0x6e,0x6e,0x27,0x29,0x2e,0x74,0x65,0x78,0x74,
    0x43,0x6f,0x6e,0x74,0x65,0x6e,0x74,0x3d,0x66,0x6d,0x74,0x28,0x64,0x2e,0x63,0x6f,
    0x6e,0x6e,0x65,0x63,0x74,0x69,0x6f,0x6e,0x73,0x29,0x3b,0x0a,0x20,0x20,0x20,0x20,
    0x64,0x6f,0x63,0x75,0x6d,0x65,0x6e,0x74,0x2e,0x67,0x65,0x74,0x45,0x6c,0x65,0x6d,
    0x65,0x6e,0x74,0x42,0x79,0x49,0x64,0x28,0x27,0x73,0x2d,0x72,0x78,0x74,0x78,0x27,
    0x29,0x2e,0x74,0x65,0x78,0x74,0x43,0x6f,0x6e,0x74,0x65,0x6e,0x74,0x3d,0x28,0x64,
    0x2e,0x72,0x78,0x5f,0x62,0x79,0x74,0x65,0x73,0x7c,0x7c,0x27,0x3f,0x27,0x29,0x2b,
    0x27,0x20,0x2f,0x20,0x27,0x2b,0x28,0x64,0x2e,0x74,0x78,0x5f,0x62,0x79,0x74,0x65,
    0x73,0x7c,0x7c,0x27,0x3f,0x27,0x29,0x3b,0x0a,0x20,0x20,0x20,0x20,0x64,0x6f,0x63,
    0x75,0x6d,0x65,0x6e,0x74,0x2e,0x67,0x65,0x74,0x45,0x6c,0x65,0x6d,0x65,0x6e,0x74,
    0x42,0x79,0x49,0x64,0x28,0x27,0x73,0x2d,0x63,0x70,0x75,0x27,0x29,0x2e,0x74,0x65,
    0x78,0x74,0x43,0x6f,0x6e,0x74,0x65,0x6e,0x74,0x3d,0x64,0x2e,0x63,0x70,0x75,0x5f,
    0x6c,0x6f,0x61,0x64,0x21,0x3d,0x3d,0x75,0x6e,0x64,0x65,0x66,0x69,0x6e,0x65,0x64,
    0x3f,0x64,0x2e,0x63,0x70,0x75,0x5f,0x6c,0x6f,0x61,0x64,0x2b,0x27,0x25,0x27,0x3a,
    0x27,0xe2,0x80,0x94,0x27,0x3b,0x0a,0x20,0x20,0x20,0x20,0x64,0x6f,0x63,0x75,0x6d,
    0x65,0x6e,0x74,0x2e,0x67,0x65,0x74,0x45,0x6c,0x65,0x6d,0x65,0x6e,0x74,0x42,0x79,
    0x49,0x64,0x28,0x27,0x73,0x2d,0x74,0x65,0x6d,0x70,0x27,0x29,0x2e,0x74,0x65,0x78,
    0x74,0x43,0x6f,0x6e,0x74,0x65,0x6e,0x74,0x3d,0x64,0x2e,0x74,0x65,0x6d,0x70,0x5f,
    0x63,0x21,0x3d,0x3d,0x75,0x6e,0x64,0x65,0x66,0x69,0x6e,0x65,0x64,0x3f,0x64,0x2e,
    0x74,0x65,0x6d,0x70,0x5f,0x63,0x2b,0x27,0x20,0xc2,0xb0,0x43,0x27,0x3a,0x27,0xe2,
    0x80,0x94,0x27,0x3b,0x0a,0x20,0x20,0x20,0x20,0x64,0x6f,0x63,0x75,0x6d,0x65,0x6e,
    0x74,0x2e,0x67,0x65,0x74,0x45,0x6c,0x65,0x6d,0x65,0x6e,0x74,0x42,0x79,0x49,0x64,
    0x28,0x27,0x73,0x2d,0x63,0x66,0x67,0x70,0x61,0x74,0x68,0x27,0x29,0x2e,0x74,0x65,
    0x78,0x74,0x43,0x6f,0x6e,0x74,0x65,0x6e,0x74,0x3d,0x66,0x6d,0x74,0x28,0x64,0x2e,
    0x63,0x6f,0x6e,0x66,0x69,0x67,0x5f,0x70,0x61,0x74,0x68,0x29,0x3b,0x0a,0x20,0x20,
    0x20,0x20,0x64,0x6f,0x63,0x75,0x6d,0x65,0x6e,0x74,0x2e,0x67,0x65,0x74,0x45,0x6c,
    0x65,0x6d,0x65,0x6e,0x74,0x42,0x79,0x49,0x64,0x28,0x27,0x73,0x2d,0x73,0x64,0x77,
    0x72,0x69,0x74,0x65,0x73,0x27,0x29,0x2e,0x74,0x65,0x78,0x74,0x43,0x6f,0x6e,0x74,
    0x65,0x6e,0x74,0x3d,0x66,0x6d,0x74,0x28,0x64,0x2e,0x73,0x64,0x5f,0x77,0x72,0x69,
    0x74,0x65,0x73,0x29,0x3b,0x0a,0x20,0x20,0x20,0x20,0x64,0x6f,0x63,0x75,0x6d,0x65,
    0x6e,0x74,0x2e,0x67,0x65,0x74,0x45,0x6c,0x65,0x6d,0x65,0x6e,0x74,0x42,0x79,0x49,
    0x64,0x28,0x27,0x73,0x2d,0x66,0x77,0x27,0x29,0x2e,0x74,0x65,0x78,0x74,0x43,0x6f,
    0x6e,0x74,0x65,0x6e,0x74,0x3d,0x66,0x6d,0x74,0x28,0x64,0x2e,0x66,0x69,0x72,0x6d,
    0x77,0x61,0x72,0x65,0x29,0x3b,0x0a,0x20,0x20,0x20,0x20,0x64,0x6f,0x63,0x75,0x6d,
    0x65,0x6e,0x74,0x2e,0x67,0x65,0x74,0x45,0x6c,0x65,0x6d,0x65,0x6e,0x74,0x42,0x79,
    0x49,0x64,0x28,0x27,0x73,0x2d,0x62,0x75,0x69,0x6c,0x74,0x27,0x29,0x2e,0x74,0x65,
    0x78,0x74,0x43,0x6f,0x6e,0x74,0x65,0x6e,0x74,0x3d,0x66,0x6d,0x74,0x28,0x64,0x2e,
    0x62,0x75,0x69,0x6c,0x64,0x5f,0x64,0x61,0x74,0x65,0x29,0x3b,0x0a,0x20,0x20,0x20,
    0x20,0x76,0x61,0x72,0x20,0x6c,0x6f,0x67,0x3d,0x64,0x6f,0x63,0x75,0x6d,0x65,0x6e,
    0x74,0x2e,0x67,0x65,0x74,0x45,0x6c,0x65,0x6d,0x65,0x6e,0x74,0x42,0x79,0x49,0x64,
    0x28,0x27,0x6d,0x69,0x6e,0x69,0x2d,0x6c,0x6f,0x67,0x27,0x29,0x3b,0x0a,0x20,0x20,
    0x20,0x20,0x69,0x66,0x28,0x64,0x2e,0x6c,0x61,0x73,0x74,0x5f,0x6c,0x69,0x6e,0x65,
    0x73,0x26,0x26,0x41,0x72,0x72,0x61,0x79,0x2e,0x69,0x73,0x41,0x72,0x72,0x61,0x79,
    0x28,0x64,0x2e,0x6c,0x61,0x73,0x74,0x5f,0x6c,0x69,0x6e,0x65,0x73,0x29,0x29,0x7b,
    0x0a,0x20,0x20,0x20,0x20,0x20,0x20,0x6c,0x6f,0x67,0x2e,0x69,0x6e,0x6e,0x65,0x72,
    0x48,0x54,0x4d,0x4c,0x3d,0x64,0x2e,0x6c,0x61,0x73,0x74,0x5f,0x6c,0x69,0x6e,0x65,
    0x73,0x2e,0x73,0x6c,0x69,0x63,0x65,0x28,0x2d,0x36,0x29,0x2e,0x6d,0x61,0x70,0x28,
    0x63,0x6f,0x6c,0x6f,0x72,0x4c,0x6f,0x67,0x29,0x2e,0x6a,0x6f,0x69,0x6e,0x28,0x27,
    0x5c,0x6e,0x27,0x29,0x3b,0x0a,0x20,0x20,0x20,0x20,0x20,0x20,0x6c,0x6f,0x67,0x2e,
    0x73,0x63,0x72,0x6f,0x6c,0x6c,0x54,0x6f,0x70,0x3d,0x6c,0x6f,0x67,0x2e,0x73,0x63,
    0x72,0x6f,0x6c,0x6c,0x48,0x65,0x69,0x67,0x68,0x74,0x3b,0x0a,0x20,0x20,0x20,0x20,
    0x7d,0x0a,0x20,0x20,0x7d,0x29,0x2e,0x63,0x61,0x74,0x63,0x68,0x28,0x66,0x75,0x6e,
    0x63,0x74,0x69,0x6f,0x6e,0x28,0x29,0x7b,0x74,0x6f,0x61,0x73,0x74,0x28,0x27,0xd0,
    0x9d,0xd0,0xb5,0xd1,0x82,0x20,0xd1,0x81,0xd0,0xb2,0xd1,0x8f,0xd0,0xb7,0xd0,0xb8,
    0x20,0xd1,0x81,0x20,0xd1,0x83,0xd1,0x81,0xd1,0x82,0xd1,0x80,0xd0,0xbe,0xd0,0xb9,
    0xd1,0x81,0xd1,0x82,0xd0,0xb2,0xd0,0xbe,0xd0,0xbc,0x27,0x2c,0x27,0x65,0x72,0x72,
    0x27,0x29,0x3b,0x7d,0x29,0x3b,0x0a,0x7d,0x0a,0x70,0x6f,0x6c,0x6c,0x28,0x29,0x3b,
    0x20,0x73,0x65,0x74,0x49,0x6e,0x74,0x65,0x72,0x76,0x61,0x6c,0x28,0x70,0x6f,0x6c,
    0x6c,0x2c,0x35,0x30,0x30,0x30,0x29,0x3b,0x0a,0x3c,0x2f,0x73,0x63,0x72,0x69,0x70,
    0x74,0x3e,0x0a,0x3c,0x2f,0x62,0x6f,0x64,0x79,0x3e,0x0a,0x3c,0x2f,0x68,0x74,0x6d,
    0x6c,0x3e
};


static constexpr uint32_t s_config_html_len = 41336U;
static const uint8_t s_config_html[] = {
    0x3c,0x21,0x44,0x4f,0x43,0x54,0x59,0x50,0x45,0x20,0x68,0x74,0x6d,0x6c,0x3e,0x0a,
    0x3c,0x68,0x74,0x6d,0x6c,0x20,0x6c,0x61,0x6e,0x67,0x3d,0x22,0x72,0x75,0x22,0x3e,
    0x0a,0x3c,0x68,0x65,0x61,0x64,0x3e,0x0a,0x3c,0x6d,0x65,0x74,0x61,0x20,0x63,0x68,
    0x61,0x72,0x73,0x65,0x74,0x3d,0x22,0x55,0x54,0x46,0x2d,0x38,0x22,0x3e,0x0a,0x3c,
    0x6d,0x65,0x74,0x61,0x20,0x6e,0x61,0x6d,0x65,0x3d,0x22,0x76,0x69,0x65,0x77,0x70,
    0x6f,0x72,0x74,0x22,0x20,0x63,0x6f,0x6e,0x74,0x65,0x6e,0x74,0x3d,0x22,0x77,0x69,
    0x64,0x74,0x68,0x3d,0x64,0x65,0x76,0x69,0x63,0x65,0x2d,0x77,0x69,0x64,0x74,0x68,
    0x2c,0x69,0x6e,0x69,0x74,0x69,0x61,0x6c,0x2d,0x73,0x63,0x61,0x6c,0x65,0x3d,0x31,
    0x22,0x3e,0x0a,0x3c,0x74,0x69,0x74,0x6c,0x65,0x3e,0x4d,0x6f,0x6e,0x53,0x65,0x74,
    0x20,0xe2,0x80,0x94,0x20,0x43,0x6f,0x6e,0x66,0x69,0x67,0x3c,0x2f,0x74,0x69,0x74,
    0x6c,0x65,0x3e,0x0a,0x3c,0x73,0x74,0x79,0x6c,0x65,0x3e,0x2a,0x7b,0x62,0x6f,0x78,
    0x2d,0x73,0x69,0x7a,0x69,0x6e,0x67,0x3a,0x62,0x6f,0x72,0x64,0x65,0x72,0x2d,0x62,
    0x6f,0x78,0x3b,0x6d,0x61,0x72,0x67,0x69,0x6e,0x3a,0x30,0x3b,0x70,0x61,0x64,0x64,
    0x69,0x6e,0x67,0x3a,0x30,0x7d,0x62,0x6f,0x64,0x79,0x7b,0x62,0x61,0x63,0x6b,0x67,
    0x72,0x6f,0x75,0x6e,0x64,0x3a,0x23,0x30,0x65,0x31,0x31,0x31,0x37,0x3b,0x63,0x6f,
    0x6c,0x6f,0x72,0x3a,0x23,0x63,0x39,0x64,0x31,0x64,0x39,0x3b,0x66,0x6f,0x6e,0x74,
    0x3a,0x31,0x34,0x70,0x78,0x2f,0x31,0x2e,0x35,0x20,0x73,0x79,0x73,0x74,0x65,0x6d,
    0x2d,0x75,0x69,0x2c,0x73,0x61,0x6e,0x73,0x2d,0x73,0x65,0x72,0x69,0x66,0x3b,0x70,
    0x61,0x64,0x64,0x69,0x6e,0x67,0x2d,0x62,0x6f,0x74,0x74,0x6f,0x6d,0x3a,0x37,0x30,
    0x70,0x78,0x7d,0x61,0x7b,0x63,0x6f,0x6c,0x6f,0x72,0x3a,0x23,0x32,0x64,0x64,0x34,
    0x62,0x66,0x3b,0x74,0x65,0x78,0x74,0x2d,0x64,0x65,0x63,0x6f,0x72,0x61,0x74,0x69,
    0x6f,0x6e,0x3a,0x6e,0x6f,0x6e,0x65,0x7d,0x2e,0x6e,0x61,0x76,0x7b,0x62,0x61,0x63,
    0x6b,0x67,0x72,0x6f,0x75,0x6e,0x64,0x3a,0x23,0x31,0x36,0x31,0x62,0x32,0x32,0x3b,
    0x62,0x6f,0x72,0x64,0x65,0x72,0x2d,0x62,0x6f,0x74,0x74,0x6f,0x6d,0x3a,0x31,0x70,
    0x78,0x20,0x73,0x6f,0x6c,0x69,0x64,0x20,0x23,0x33,0x30,0x33,0x36,0x33,0x64,0x3b,
    0x64,0x69,0x73,0x70,0x6c,0x61,0x79,0x3a,0x66,0x6c,0x65,0x78,0x3b,0x67,0x61,0x70,
    0x3a,0x34,0x70,0x78,0x3b,0x70,0x61,0x64,0x64,0x69,0x6e,0x67,0x3a,0x38,0x70,0x78,
    0x20,0x31,0x32,0x70,0x78,0x7d,0x2e,0x6e,0x61,0x76,0x20,0x61,0x7b,0x70,0x61,0x64,
    0x64,0x69,0x6e,0x67,0x3a,0x36,0x70,0x78,0x20,0x31,0x34,0x70,0x78,0x3b,0x62,0x6f,
    0x72,0x64,0x65,0x72,0x2d,0x72,0x61,0x64,0x69,0x75,0x73,0x3a,0x36,0x70,0x78,0x3b,
    0x63,0x6f,0x6c,0x6f,0x72,0x3a,0x23,0x63,0x39,0x64,0x31,0x64,0x39,0x3b,0x66,0x6f,
    0x6e,0x74,0x2d,0x73,0x69,0x7a,0x65,0x3a,0x31,0x33,0x70,0x78,0x7d,0x2e,0x6e,0x61,
    0x76,0x20,0x61,0x2e,0x61,0x63,0x74,0x7b,0x62,0x61,0x63,0x6b,0x67,0x72,0x6f,0x75,
    0x6e,0x64,0x3a,0x23,0x32,0x64,0x64,0x34,0x62,0x66,0x3b,0x63,0x6f,0x6c,0x6f,0x72,
    0x3a,0x23,0x30,0x65,0x31,0x31,0x31,0x37,0x3b,0x66,0x6f,0x6e,0x74,0x2d,0x77,0x65,
    0x69,0x67,0x68,0x74,0x3a,0x36,0x30,0x30,0x7d,0x2e,0x68,0x64,0x72,0x7b,0x70,0x61,
    0x64,0x64,0x69,0x6e,0x67,0x3a,0x31,0x34,0x70,0x78,0x20,0x31,0x36,0x70,0x78,0x3b,
    0x62,0x6f,0x72,0x64,0x65,0x72,0x2d,0x62,0x6f,0x74,0x74,0x6f,0x6d,0x3a,0x31,0x70,
    0x78,0x20,0x73,0x6f,0x6c,0x69,0x64,0x20,0x23,0x33,0x30,0x33,0x36,0x33,0x64,0x3b,
    0x62,0x61,0x63,0x6b,0x67,0x72,0x6f,0x75,0x6e,0x64,0x3a,0x23,0x31,0x36,0x31,0x62,
    0x32,0x32,0x3b,0x66,0x6f,0x6e,0x74,0x2d,0x73,0x69,0x7a,0x65,0x3a,0x31,0x38,0x70,
    0x78,0x3b,0x66,0x6f,0x6e,0x74,0x2d,0x77,0x65,0x69,0x67,0x68,0x74,0x3a,0x37,0x30,
    0x30,0x3b,0x63,0x6f,0x6c,0x6f,0x72,0x3a,0x23,0x32,0x64,0x64,0x34,0x62,0x66,0x7d,
    0x64,0x65,0x74,0x61,0x69,0x6c,0x73,0x7b,0x62,0x61,0x63,0x6b,0x67,0x72,0x6f,0x75,
    0x6e,0x64,0x3a,0x23,0x31,0x36,0x31,0x62,0x32,0x32,0x3b,0x62,0x6f,0x72,0x64,0x65,
    0x72,0x3a,0x31,0x70,0x78,0x20,0x73,0x6f,0x6c,0x69,0x64,0x20,0x23,0x33,0x30,0x33,
    0x36,0x33,0x64,0x3b,0x62,0x6f,0x72,0x64,0x65,0x72,0x2d,0x72,0x61,0x64,0x69,0x75,
    0x73,0x3a,0x38,0x70,0x78,0x3b,0x6d,0x61,0x72,0x67,0x69,0x6e,0x3a,0x31,0x30,0x70,
    0x78,0x7d,0x73,0x75,0x6d,0x6d,0x61,0x72,0x79,0x7b,0x70,0x61,0x64,0x64,0x69,0x6e,
    0x67,0x3a,0x31,0x30,0x70,0x78,0x20,0x31,0x34,0x70,0x78,0x3b,0x63,0x75,0x72,0x73,
    0x6f,0x72,0x3a,0x70,0x6f,0x69,0x6e,0x74,0x65,0x72,0x3b,0x66,0x6f,0x6e,0x74,0x2d,
    0x77,0x65,0x69,0x67,0x68,0x74,0x3a,0x36,0x30,0x30,0x3b,0x66,0x6f,0x6e,0x74,0x2d,
    0x73,0x69,0x7a,0x65,0x3a,0x31,0x33,0x70,0x78,0x3b,0x63,0x6f,0x6c,0x6f,0x72,0x3a,
    0x23,0x32,0x64,0x64,0x34,0x62,0x66,0x3b,0x75,0x73,0x65,0x72,0x2d,0x73,0x65,0x6c,
    0x65,0x63,0x74,0x3a,0x6e,0x6f,0x6e,0x65,0x3b,0x6c,0x69,0x73,0x74,0x2d,0x73,0x74,
    0x79,0x6c,0x65,0x3a,0x6e,0x6f,0x6e,0x65,0x3b,0x64,0x69,0x73,0x70,0x6c,0x61,0x79,
    0x3a,0x66,0x6c,0x65,0x78,0x3b,0x61,0x6c,0x69,0x67,0x6e,0x2d,0x69,0x74,0x65,0x6d,
    0x73,0x3a,0x63,0x65,0x6e,0x74,0x65,0x72,0x3b,0x67,0x61,0x70,0x3a,0x36,0x70,0x78,
    0x7d,0x73,0x75,0x6d,0x6d,0x61,0x72,0x79,0x3a,0x3a,0x62,0x65,0x66,0x6f,0x72,0x65,
    0x7b,0x63,0x6f,0x6e,0x74,0x65,0x6e,0x74,0x3a,0x22,0xe2,0x96,0xb6,0x22,0x3b,0x66,
    0x6f,0x6e,0x74,0x2d,0x73,0x69,0x7a,0x65,0x3a,0x31,0x30,0x70,0x78,0x3b,0x74,0x72,
    0x61,0x6e,0x73,0x69,0x74,0x69,0x6f,0x6e,0x3a,0x74,0x72,0x61,0x6e,0x73,0x66,0x6f,
    0x72,0x6d,0x20,0x2e,0x32,0x73,0x7d,0x64,0x65,0x74,0x61,0x69,0x6c,0x73,0x5b,0x6f,
    0x70,0x65,0x6e,0x5d,0x3e,0x73,0x75,0x6d,0x6d,0x61,0x72,0x79,0x3a,0x3a,0x62,0x65,
    0x66,0x6f,0x72,0x65,0x7b,0x74,0x72,0x61,0x6e,0x73,0x66,0x6f,0x72,0x6d,0x3a,0x72,
    0x6f,0x74,0x61,0x74,0x65,0x28,0x39,0x30,0x64,0x65,0x67,0x29,0x7d,0x2e,0x73,0x63,
    0x7b,0x70,0x61,0x64,0x64,0x69,0x6e,0x67,0x3a,0x31,0x32,0x70,0x78,0x20,0x31,0x34,
    0x70,0x78,0x20,0x31,0x34,0x70,0x78,0x7d,0x2e,0x72,0x7b,0x64,0x69,0x73,0x70,0x6c,
    0x61,0x79,0x3a,0x66,0x6c,0x65,0x78,0x3b,0x66,0x6c,0x65,0x78,0x2d,0x77,0x72,0x61,
    0x70,0x3a,0x77,0x72,0x61,0x70,0x3b,0x67,0x61,0x70,0x3a,0x38,0x70,0x78,0x3b,0x6d,
    0x61,0x72,0x67,0x69,0x6e,0x2d,0x62,0x6f,0x74,0x74,0x6f,0x6d,0x3a,0x38,0x70,0x78,
    0x3b,0x61,0x6c,0x69,0x67,0x6e,0x2d,0x69,0x74,0x65,0x6d,0x73,0x3a,0x63,0x65,0x6e,
    0x74,0x65,0x72,0x7d,0x2e,0x66,0x7b,0x64,0x69,0x73,0x70,0x6c,0x61,0x79,0x3a,0x66,
    0x6c,0x65,0x78,0x3b,0x66,0x6c,0x65,0x78,0x2d,0x64,0x69,0x72,0x65,0x63,0x74,0x69,
    0x6f,0x6e,0x3a,0x63,0x6f,0x6c,0x75,0x6d,0x6e,0x3b,0x67,0x61,0x70,0x3a,0x33,0x70,
    0x78,0x3b,0x66,0x6c,0x65,0x78,0x3a,0x31,0x3b,0x6d,0x69,0x6e,0x2d,0x77,0x69,0x64,
    0x74,0x68,0x3a,0x31,0x32,0x30,0x70,0x78,0x7d,0x6c,0x61,0x62,0x65,0x6c,0x7b,0x66,
    0x6f,0x6e,0x74,0x2d,0x73,0x69,0x7a,0x65,0x3a,0x31,0x31,0x70,0x78,0x3b,0x63,0x6f,
    0x6c,0x6f,0x72,0x3a,0x23,0x38,0x62,0x39,0x34,0x39,0x65,0x7d,0x69,0x6e,0x70,0x75,
    0x74,0x5b,0x74,0x79,0x70,0x65,0x3d,0x74,0x65,0x78,0x74,0x5d,0x2c,0x69,0x6e,0x70,
    0x75,0x74,0x5b,0x74,0x79,0x70,0x65,0x3d,0x6e,0x75,0x6d,0x62,0x65,0x72,0x5d,0x2c,
    0x69,0x6e,0x70,0x75,0x74,0x5b,0x74,0x79,0x70,0x65,0x3d,0x70,0x61,0x73,0x73,0x77,
    0x6f,0x72,0x64,0x5d,0x2c,0x73,0x65,0x6c,0x65,0x63,0x74,0x7b,0x62,0x61,0x63,0x6b,
    0x67,0x72,0x6f,0x75,0x6e,0x64,0x3a,0x23,0x30,0x65,0x31,0x31,0x31,0x37,0x3b,0x62,
    0x6f,0x72,0x64,0x65,0x72,0x3a,0x31,0x70,0x78,0x20,0x73,0x6f,0x6c,0x69,0x64,0x20,
    0x23,0x33,0x30,0x33,0x36,0x33,0x64,0x3b,0x62,0x6f,0x72,0x64,0x65,0x72,0x2d,0x72,
    0x61,0x64,0x69,0x75,0x73,0x3a,0x35,0x70,0x78,0x3b,0x63,0x6f,0x6c,0x6f,0x72,0x3a,
    0x23,0x63,0x39,0x64,0x31,0x64,0x39,0x3b,0x70,0x61,0x64,0x64,0x69,0x6e,0x67,0x3a,
    0x35,0x70,0x78,0x20,0x38,0x70,0x78,0x3b,0x66,0x6f,0x6e,0x74,0x2d,0x73,0x69,0x7a,
    0x65,0x3a,0x31,0x33,0x70,0x78,0x3b,0x77,0x69,0x64,0x74,0x68,0x3a,0x31,0x30,0x30,
    0x25,0x7d,0x69,0x6e,0x70,0x75,0x74,0x3a,0x66,0x6f,0x63,0x75,0x73,0x2c,0x73,0x65,
    0x6c,0x65,0x63,0x74,0x3a,0x66,0x6f,0x63,0x75,0x73,0x7b,0x6f,0x75,0x74,0x6c,0x69,
    0x6e,0x65,0x3a,0x6e,0x6f,0x6e,0x65,0x3b,0x62,0x6f,0x72,0x64,0x65,0x72,0x2d,0x63,
    0x6f,0x6c,0x6f,0x72,0x3a,0x23,0x32,0x64,0x64,0x34,0x62,0x66,0x7d,0x2e,0x74,0x67,
    0x7b,0x64,0x69,0x73,0x70,0x6c,0x61,0x79,0x3a,0x66,0x6c,0x65,0x78,0x3b,0x61,0x6c,
    0x69,0x67,0x6e,0x2d,0x69,0x74,0x65,0x6d,0x73,0x3a,0x63,0x65,0x6e,0x74,0x65,0x72,
    0x3b,0x67,0x61,0x70,0x3a,0x38,0x70,0x78,0x7d,0x2e,0x74,0x67,0x20,0x69,0x6e,0x70,
    0x75,0x74,0x5b,0x74,0x79,0x70,0x65,0x3d,0x63,0x68,0x65,0x63,0x6b,0x62,0x6f,0x78,
    0x5d,0x7b,0x61,0x70,0x70,0x65,0x61,0x72,0x61,0x6e,0x63,0x65,0x3a,0x6e,0x6f,0x6e,
    0x65,0x3b,0x77,0x69,0x64,0x74,0x68,0x3a,0x33,0x36,0x70,0x78,0x3b,0x68,0x65,0x69,
    0x67,0x68,0x74,0x3a,0x32,0x30,0x70,0x78,0x3b,0x62,0x61,0x63,0x6b,0x67,0x72,0x6f,
    0x75,0x6e,0x64,0x3a,0x23,0x33,0x30,0x33,0x36,0x33,0x64,0x3b,0x62,0x6f,0x72,0x64,
    0x65,0x72,0x2d,0x72,0x61,0x64,0x69,0x75,0x73,0x3a,0x31,0x30,0x70,0x78,0x3b,0x63,
    0x75,0x72,0x73,0x6f,0x72,0x3a,0x70,0x6f,0x69,0x6e,0x74,0x65,0x72,0x3b,0x70,0x6f,
    0x73,0x69,0x74,0x69,0x6f,0x6e,0x3a,0x72,0x65,0x6c,0x61,0x74,0x69,0x76,0x65,0x3b,
    0x66,0x6c,0x65,0x78,0x2d,0x73,0x68,0x72,0x69,0x6e,0x6b,0x3a,0x30,0x3b,0x74,0x72,
    0x61,0x6e,0x73,0x69,0x74,0x69,0x6f,0x6e,0x3a,0x62,0x61,0x63,0x6b,0x67,0x72,0x6f,
    0x75,0x6e,0x64,0x20,0x2e,0x32,0x73,0x7d,0x2e,0x74,0x67,0x20,0x69,0x6e,0x70,0x75,
    0x74,0x5b,0x74,0x79,0x70,0x65,0x3d,0x63,0x68,0x65,0x63,0x6b,0x62,0x6f,0x78,0x5d,
    0x3a,0x63,0x68,0x65,0x63,0x6b,0x65,0x64,0x7b,0x62,0x61,0x63,0x6b,0x67,0x72,0x6f,
    0x75,0x6e,0x64,0x3a,0x23,0x32,0x64,0x64,0x34,0x62,0x66,0x7d,0x2e,0x74,0x67,0x20,
    0x69,0x6e,0x70,0x75,0x74,0x5b,0x74,0x79,0x70,0x65,0x3d,0x63,0x68,0x65,0x63,0x6b,
    0x62,0x6f,0x78,0x5d,0x3a,0x3a,0x61,0x66,0x74,0x65,0x72,0x7b,0x63,0x6f,0x6e,0x74,
    0x65,0x6e,0x74,0x3a,0x22,0x22,0x3b,0x70,0x6f,0x73,0x69,0x74,0x69,0x6f,0x6e,0x3a,
    0x61,0x62,0x73,0x6f,0x6c,0x75,0x74,0x65,0x3b,0x77,0x69,0x64,0x74,0x68,0x3a,0x31,
    0x34,0x70,0x78,0x3b,0x68,0x65,0x69,0x67,0x68,0x74,0x3a,0x31,0x34,0x70,0x78,0x3b,
    0x62,0x61,0x63,0x6b,0x67,0x72,0x6f,0x75,0x6e,0x64,0x3a,0x23,0x66,0x66,0x66,0x3b,
    0x62,0x6f,0x72,0x64,0x65,0x72,0x2d,0x72,0x61,0x64,0x69,0x75,0x73,0x3a,0x35,0x30,
    0x25,0x3b,0x74,0x6f,0x70,0x3a,0x33,0x70,0x78,0x3b,0x6c,0x65,0x66,0x74,0x3a,0x33,
    0x70,0x78,0x3b,0x74,0x72,0x61,0x6e,0x73,0x69,0x74,0x69,0x6f,0x6e,0x3a,0x6c,0x65,
    0x66,0x74,0x20,0x2e,0x32,0x73,0x7d,0x2e,0x74,0x67,0x20,0x69,0x6e,0x70,0x75,0x74,
    0x5b,0x74,0x79,0x70,0x65,0x3d,0x63,0x68,0x65,0x63,0x6b,0x62,0x6f,0x78,0x5d,0x3a,
    0x63,0x68,0x65,0x63,0x6b,0x65,0x64,0x3a,0x3a,0x61,0x66,0x74,0x65,0x72,0x7b,0x6c,
    0x65,0x66,0x74,0x3a,0x31,0x39,0x70,0x78,0x7d,0x2e,0x74,0x67,0x20,0x73,0x70,0x61,
    0x6e,0x7b,0x66,0x6f,0x6e,0x74,0x2d,0x73,0x69,0x7a,0x65,0x3a,0x31,0x33,0x70,0x78,
    0x3b,0x77,0x68,0x69,0x74,0x65,0x2d,0x73,0x70,0x61,0x63,0x65,0x3a,0x6e,0x6f,0x77,
    0x72,0x61,0x70,0x7d,0x2e,0x62,0x74,0x6e,0x7b,0x62,0x61,0x63,0x6b,0x67,0x72,0x6f,
    0x75,0x6e,0x64,0x3a,0x23,0x32,0x64,0x64,0x34,0x62,0x66,0x3b,0x63,0x6f,0x6c,0x6f,
    0x72,0x3a,0x23,0x30,0x65,0x31,0x31,0x31,0x37,0x3b,0x62,0x6f,0x72,0x64,0x65,0x72,
    0x3a,0x6e,0x6f,0x6e,0x65,0x3b,0x62,0x6f,0x72,0x64,0x65,0x72,0x2d,0x72,0x61,0x64,
    0x69,0x75,0x73,0x3a,0x36,0x70,0x78,0x3b,0x70,0x61,0x64,0x64,0x69,0x6e,0x67,0x3a,
    0x36,0x70,0x78,0x20,0x31,0x34,0x70,0x78,0x3b,0x63,0x75,0x72,0x73,0x6f,0x72,0x3a,
    0x70,0x6f,0x69,0x6e,0x74,0x65,0x72,0x3b,0x66,0x6f,0x6e,0x74,0x2d,0x73,0x69,0x7a,
    0x65,0x3a,0x31,0x33,0x70,0x78,0x3b,0x66,0x6f,0x6e,0x74,0x2d,0x77,0x65,0x69,0x67,
    0x68,0x74,0x3a,0x36,0x30,0x30,0x7d,0x2e,0x62,0x74,0x6e,0x3a,0x68,0x6f,0x76,0x65,
    0x72,0x7b,0x6f,0x70,0x61,0x63,0x69,0x74,0x79,0x3a,0x2e,0x38,0x35,0x7d,0x2e,0x62,
    0x74,0x6e,0x2e,0x73,0x7b,0x62,0x61,0x63,0x6b,0x67,0x72,0x6f,0x75,0x6e,0x64,0x3a,
    0x23,0x33,0x30,0x33,0x36,0x33,0x64,0x3b,0x63,0x6f,0x6c,0x6f,0x72,0x3a,0x23,0x63,
    0x39,0x64,0x31,0x64,0x39,0x7d,0x2e,0x63,0x64,0x7b,0x62,0x61,0x63,0x6b,0x67,0x72,
    0x6f,0x75,0x6e,0x64,0x3a,0x23,0x30,0x65,0x31,0x31,0x31,0x37,0x3b,0x62,0x6f,0x72,
    0x64,0x65,0x72,0x3a,0x31,0x70,0x78,0x20,0x73,0x6f,0x6c,0x69,0x64,0x20,0x23,0x33,
    0x30,0x33,0x36,0x33,0x64,0x3b,0x62,0x6f,0x72,0x64,0x65,0x72,0x2d,0x72,0x61,0x64,
    0x69,0x75,0x73,0x3a,0x36,0x70,0x78,0x3b,0x70,0x61,0x64,0x64,0x69,0x6e,0x67,0x3a,
    0x31,0x30,0x70,0x78,0x3b,0x6d,0x61,0x72,0x67,0x69,0x6e,0x2d,0x62,0x6f,0x74,0x74,
    0x6f,0x6d,0x3a,0x38,0x70,0x78,0x7d,0x2e,0x63,0x68,0x7b,0x64,0x69,0x73,0x70,0x6c,
    0x61,0x79,0x3a,0x66,0x6c,0x65,0x78,0x3b,0x6a,0x75,0x73,0x74,0x69,0x66,0x79,0x2d,
    0x63,0x6f,0x6e,0x74,0x65,0x6e,0x74,0x3a,0x73,0x70,0x61,0x63,0x65,0x2d,0x62,0x65,
    0x74,0x77,0x65,0x65,0x6e,0x3b,0x61,0x6c,0x69,0x67,0x6e,0x2d,0x69,0x74,0x65,0x6d,
    0x73,0x3a,0x63,0x65,0x6e,0x74,0x65,0x72,0x3b,0x6d,0x61,0x72,0x67,0x69,0x6e,0x2d,
    0x62,0x6f,0x74,0x74,0x6f,0x6d,0x3a,0x38,0x70,0x78,0x7d,0x2e,0x74,0x61,0x62,0x73,
    0x7b,0x64,0x69,0x73,0x70,0x6c,0x61,0x79,0x3a,0x66,0x6c,0x65,0x78,0x3b,0x67,0x61,
    0x70,0x3a,0x34,0x70,0x78,0x3b,0x6d,0x61,0x72,0x67,0x69,0x6e,0x2d,0x62,0x6f,0x74,
    0x74,0x6f,0x6d,0x3a,0x31,0x30,0x70,0x78,0x7d,0x2e,0x74,0x61,0x62,0x7b,0x70,0x61,
    0x64,0x64,0x69,0x6e,0x67,0x3a,0x35,0x70,0x78,0x20,0x31,0x32,0x70,0x78,0x3b,0x62,
    0x6f,0x72,0x64,0x65,0x72,0x2d,0x72,0x61,0x64,0x69,0x75,0x73,0x3a,0x35,0x70,0x78,
    0x3b,0x63,0x75,0x72,0x73,0x6f,0x72,0x3a,0x70,0x6f,0x69,0x6e,0x74,0x65,0x72,0x3b,
    0x66,0x6f,0x6e,0x74,0x2d,0x73,0x69,0x7a,0x65,0x3a,0x31,0x32,0x70,0x78,0x3b,0x62,
    0x61,0x63,0x6b,0x67,0x72,0x6f,0x75,0x6e,0x64,0x3a,0x23,0x30,0x65,0x31,0x31,0x31,
    0x37,0x3b,0x62,0x6f,0x72,0x64,0x65,0x72,0x3a,0x31,0x70,0x78,0x20,0x73,0x6f,0x6c,
    0x69,0x64,0x20,0x23,0x33,0x30,0x33,0x36,0x33,0x64,0x3b,0x63,0x6f,0x6c,0x6f,0x72,
    0x3a,0x23,0x63,0x39,0x64,0x31,0x64,0x39,0x7d,0x2e,0x74,0x61,0x62,0x2e,0x61,0x63,
    0x74,0x7b,0x62,0x61,0x63,0x6b,0x67,0x72,0x6f,0x75,0x6e,0x64,0x3a,0x23,0x32,0x64,
    0x64,0x34,0x62,0x66,0x3b,0x63,0x6f,0x6c,0x6f,0x72,0x3a,0x23,0x30,0x65,0x31,0x31,
    0x31,0x37,0x3b,0x62,0x6f,0x72,0x64,0x65,0x72,0x2d,0x63,0x6f,0x6c,0x6f,0x72,0x3a,
    0x23,0x32,0x64,0x64,0x34,0x62,0x66,0x3b,0x66,0x6f,0x6e,0x74,0x2d,0x77,0x65,0x69,
    0x67,0x68,0x74,0x3a,0x36,0x30,0x30,0x7d,0x2e,0x74,0x70,0x7b,0x64,0x69,0x73,0x70,
    0x6c,0x61,0x79,0x3a,0x6e,0x6f,0x6e,0x65,0x7d,0x2e,0x74,0x70,0x2e,0x61,0x63,0x74,
    0x7b,0x64,0x69,0x73,0x70,0x6c,0x61,0x79,0x3a,0x62,0x6c,0x6f,0x63,0x6b,0x7d,0x2e,
    0x62,0x61,0x72,0x7b,0x70,0x6f,0x73,0x69,0x74,0x69,0x6f,0x6e,0x3a,0x66,0x69,0x78,
    0x65,0x64,0x3b,0x62,0x6f,0x74,0x74,0x6f,0x6d,0x3a,0x30,0x3b,0x6c,0x65,0x66,0x74,
    0x3a,0x30,0x3b,0x72,0x69,0x67,0x68,0x74,0x3a,0x30,0x3b,0x62,0x61,0x63,0x6b,0x67,
    0x72,0x6f,0x75,0x6e,0x64,0x3a,0x23,0x31,0x36,0x31,0x62,0x32,0x32,0x3b,0x62,0x6f,
    0x72,0x64,0x65,0x72,0x2d,0x74,0x6f,0x70,0x3a,0x31,0x70,0x78,0x20,0x73,0x6f,0x6c,
    0x69,0x64,0x20,0x23,0x33,0x30,0x33,0x36,0x33,0x64,0x3b,0x70,0x61,0x64,0x64,0x69,
    0x6e,0x67,0x3a,0x31,0x30,0x70,0x78,0x20,0x31,0x36,0x70,0x78,0x3b,0x64,0x69,0x73,
    0x70,0x6c,0x61,0x79,0x3a,0x66,0x6c,0x65,0x78,0x3b,0x67,0x61,0x70,0x3a,0x38,0x70,
    0x78,0x3b,0x7a,0x2d,0x69,0x6e,0x64,0x65,0x78,0x3a,0x39,0x39,0x7d,0x2e,0x64,0x72,
    0x7b,0x64,0x69,0x73,0x70,0x6c,0x61,0x79,0x3a,0x66,0x6c,0x65,0x78,0x3b,0x61,0x6c,
    0x69,0x67,0x6e,0x2d,0x69,0x74,0x65,0x6d,0x73,0x3a,0x63,0x65,0x6e,0x74,0x65,0x72,
    0x3b,0x67,0x61,0x70,0x3a,0x36,0x70,0x78,0x3b,0x62,0x61,0x63,0x6b,0x67,0x72,0x6f,
    0x75,0x6e,0x64,0x3a,0x23,0x30,0x65,0x31,0x31,0x31,0x37,0x3b,0x62,0x6f,0x72,0x64,
    0x65,0x72,0x3a,0x31,0x70,0x78,0x20,0x73,0x6f,0x6c,0x69,0x64,0x20,0x23,0x33,0x30,
    0x33,0x36,0x33,0x64,0x3b,0x62,0x6f,0x72,0x64,0x65,0x72,0x2d,0x72,0x61,0x64,0x69,
    0x75,0x73,0x3a,0x35,0x70,0x78,0x3b,0x70,0x61,0x64,0x64,0x69,0x6e,0x67,0x3a,0x35,
    0x70,0x78,0x20,0x38,0x70,0x78,0x3b,0x6d,0x61,0x72,0x67,0x69,0x6e,0x2d,0x62,0x6f,
    0x74,0x74,0x6f,0x6d,0x3a,0x35,0x70,0x78,0x7d,0x2e,0x64,0x72,0x20,0x73,0x70,0x61,
    0x6e,0x7b,0x66,0x6c,0x65,0x78,0x3a,0x31,0x3b,0x66,0x6f,0x6e,0x74,0x2d,0x73,0x69,
    0x7a,0x65,0x3a,0x31,0x32,0x70,0x78,0x7d,0x2e,0x64,0x72,0x20,0x62,0x75,0x74,0x74,
    0x6f,0x6e,0x7b,0x62,0x61,0x63,0x6b,0x67,0x72,0x6f,0x75,0x6e,0x64,0x3a,0x6e,0x6f,
    0x6e,0x65,0x3b,0x62,0x6f,0x72,0x64,0x65,0x72,0x3a,0x6e,0x6f,0x6e,0x65,0x3b,0x63,
    0x6f,0x6c,0x6f,0x72,0x3a,0x23,0x38,0x62,0x39,0x34,0x39,0x65,0x3b,0x63,0x75,0x72,
    0x73,0x6f,0x72,0x3a,0x70,0x6f,0x69,0x6e,0x74,0x65,0x72,0x3b,0x66,0x6f,0x6e,0x74,
    0x2d,0x73,0x69,0x7a,0x65,0x3a,0x31,0x34,0x70,0x78,0x3b,0x70,0x61,0x64,0x64,0x69,
    0x6e,0x67,0x3a,0x30,0x20,0x32,0x70,0x78,0x7d,0x2e,0x64,0x72,0x20,0x62,0x75,0x74,
    0x74,0x6f,0x6e,0x3a,0x68,0x6f,0x76,0x65,0x72,0x7b,0x63,0x6f,0x6c,0x6f,0x72,0x3a,
    0x23,0x32,0x64,0x64,0x34,0x62,0x66,0x7d,0x74,0x61,0x62,0x6c,0x65,0x7b,0x77,0x69,
    0x64,0x74,0x68,0x3a,0x31,0x30,0x30,0x25,0x3b,0x62,0x6f,0x72,0x64,0x65,0x72,0x2d,
    0x63,0x6f,0x6c,0x6c,0x61,0x70,0x73,0x65,0x3a,0x63,0x6f,0x6c,0x6c,0x61,0x70,0x73,
    0x65,0x3b,0x66,0x6f,0x6e,0x74,0x2d,0x73,0x69,0x7a,0x65,0x3a,0x31,0x32,0x70,0x78,
    0x7d,0x74,0x68,0x7b,0x62,0x61,0x63,0x6b,0x67,0x72,0x6f,0x75,0x6e,0x64,0x3a,0x23,
    0x30,0x65,0x31,0x31,0x31,0x37,0x3b,0x63,0x6f,0x6c,0x6f,0x72,0x3a,0x23,0x38,0x62,
    0x39,0x34,0x39,0x65,0x3b,0x70,0x61,0x64,0x64,0x69,0x6e,0x67,0x3a,0x35,0x70,0x78,
    0x20,0x36,0x70,0x78,0x3b,0x74,0x65,0x78,0x74,0x2d,0x61,0x6c,0x69,0x67,0x6e,0x3a,
    0x6c,0x65,0x66,0x74,0x3b,0x62,0x6f,0x72,0x64,0x65,0x72,0x2d,0x62,0x6f,0x74,0x74,
    0x6f,0x6d,0x3a,0x31,0x70,0x78,0x20,0x73,0x6f,0x6c,0x69,0x64,0x20,0x23,0x33,0x30,
    0x33,0x36,0x33,0x64,0x7d,0x74,0x64,0x7b,0x70,0x61,0x64,0x64,0x69,0x6e,0x67,0x3a,
    0x34,0x70,0x78,0x20,0x35,0x70,0x78,0x3b,0x62,0x6f,0x72,0x64,0x65,0x72,0x2d,0x62,
    0x6f,0x74,0x74,0x6f,0x6d,0x3a,0x31,0x70,0x78,0x20,0x73,0x6f,0x6c,0x69,0x64,0x20,
    0x23,0x31,0x63,0x32,0x31,0x32,0x38,0x7d,0x74,0x64,0x20,0x69,0x6e,0x70,0x75,0x74,
    0x2c,0x74,0x64,0x20,0x73,0x65,0x6c,0x65,0x63,0x74,0x7b,0x70,0x61,0x64,0x64,0x69,
    0x6e,0x67,0x3a,0x33,0x70,0x78,0x20,0x35,0x70,0x78,0x3b,0x66,0x6f,0x6e,0x74,0x2d,
    0x73,0x69,0x7a,0x65,0x3a,0x31,0x32,0x70,0x78,0x7d,0x2e,0x6d,0x73,0x67,0x7b,0x64,
    0x69,0x73,0x70,0x6c,0x61,0x79,0x3a,0x6e,0x6f,0x6e,0x65,0x3b,0x70,0x61,0x64,0x64,
    0x69,0x6e,0x67,0x3a,0x36,0x70,0x78,0x20,0x31,0x32,0x70,0x78,0x3b,0x62,0x6f,0x72,
    0x64,0x65,0x72,0x2d,0x72,0x61,0x64,0x69,0x75,0x73,0x3a,0x35,0x70,0x78,0x3b,0x66,
    0x6f,0x6e,0x74,0x2d,0x73,0x69,0x7a,0x65,0x3a,0x31,0x33,0x70,0x78,0x3b,0x66,0x6f,
    0x6e,0x74,0x2d,0x77,0x65,0x69,0x67,0x68,0x74,0x3a,0x36,0x30,0x30,0x7d,0x2e,0x6f,
    0x6b,0x7b,0x62,0x61,0x63,0x6b,0x67,0x72,0x6f,0x75,0x6e,0x64,0x3a,0x23,0x31,0x61,
    0x33,0x61,0x32,0x65,0x3b,0x63,0x6f,0x6c,0x6f,0x72,0x3a,0x23,0x32,0x64,0x64,0x34,
    0x62,0x66,0x7d,0x2e,0x65,0x72,0x7b,0x62,0x61,0x63,0x6b,0x67,0x72,0x6f,0x75,0x6e,
    0x64,0x3a,0x23,0x33,0x61,0x31,0x61,0x31,0x61,0x3b,0x63,0x6f,0x6c,0x6f,0x72,0x3a,
    0x23,0x66,0x38,0x37,0x31,0x37,0x31,0x7d,0x2e,0x77,0x61,0x72,0x6e,0x7b,0x62,0x61,
    0x63,0x6b,0x67,0x72,0x6f,0x75,0x6e,0x64,0x3a,0x23,0x32,0x61,0x32,0x32,0x30,0x30,
    0x3b,0x63,0x6f,0x6c,0x6f,0x72,0x3a,0x23,0x65,0x33,0x62,0x33,0x34,0x31,0x7d,0x2e,
    0x73,0x68,0x7b,0x66,0x6f,0x6e,0x74,0x2d,0x73,0x69,0x7a,0x65,0x3a,0x31,0x32,0x70,
    0x78,0x3b,0x63,0x6f,0x6c,0x6f,0x72,0x3a,0x23,0x38,0x62,0x39,0x34,0x39,0x65,0x3b,
    0x6d,0x61,0x72,0x67,0x69,0x6e,0x3a,0x38,0x70,0x78,0x20,0x30,0x20,0x34,0x70,0x78,
    0x3b,0x66,0x6f,0x6e,0x74,0x2d,0x77,0x65,0x69,0x67,0x68,0x74,0x3a,0x36,0x30,0x30,
    0x7d,0x0a,0x0a,0x2f,0x2a,0x20,0xe2,0x94,0x80,0xe2,0x94,0x80,0x20,0x6c,0x61,0x79,
    0x6f,0x75,0x74,0x20,0x73,0x68,0x65,0x6c,0x6c,0x20,0x28,0x73,0x69,0x64,0x65,0x62,
    0x61,0x72,0x20,0x2b,0x20,0x77,0x72,0x61,0x70,0x29,0x20,0xe2,0x94,0x80,0xe2,0x94,
    0x80,0xe2,0x94,0x80,0xe2,0x94,0x80,0xe2,0x94,0x80,0xe2,0x94,0x80,0xe2,0x94,0x80,
    0xe2,0x94,0x80,0xe2,0x94,0x80,0xe2,0x94,0x80,0xe2,0x94,0x80,0xe2,0x94,0x80,0xe2,
    0x94,0x80,0xe2,0x94,0x80,0xe2,0x94,0x80,0xe2,0x94,0x80,0xe2,0x94,0x80,0xe2,0x94,
    0x80,0xe2,0x94,0x80,0x20,0x2a,0x2f,0x0a,0x62,0x6f,0x64,0x79,0x7b,0x70,0x61,0x64,
    0x64,0x69,0x6e,0x67,0x3a,0x30,0x3b,0x64,0x69,0x73,0x70,0x6c,0x61,0x79,0x3a,0x66,
    0x6c,0x65,0x78,0x3b,0x66,0x6c,0x65,0x78,0x2d,0x64,0x69,0x72,0x65,0x63,0x74,0x69,
    0x6f,0x6e,0x3a,0x72,0x6f,0x77,0x3b,0x6d,0x69,0x6e,0x2d,0x68,0x65,0x69,0x67,0x68,
    0x74,0x3a,0x31,0x30,0x30,0x64,0x76,0x68,0x7d,0x0a,0x0a,0x2e,0x73,0x69,0x64,0x65,
    0x62,0x61,0x72,0x7b,0x0a,0x20,0x20,0x77,0x69,0x64,0x74,0x68,0x3a,0x35,0x32,0x70,
    0x78,0x3b,0x6d,0x69,0x6e,0x2d,0x77,0x69,0x64,0x74,0x68,0x3a,0x35,0x32,0x70,0x78,
    0x3b,0x0a,0x20,0x20,0x62,0x61,0x63,0x6b,0x67,0x72,0x6f,0x75,0x6e,0x64,0x3a,0x23,
    0x31,0x36,0x31,0x62,0x32,0x32,0x3b,0x0a,0x20,0x20,0x62,0x6f,0x72,0x64,0x65,0x72,
    0x2d,0x72,0x69,0x67,0x68,0x74,0x3a,0x31,0x70,0x78,0x20,0x73,0x6f,0x6c,0x69,0x64,
    0x20,0x23,0x33,0x30,0x33,0x36,0x33,0x64,0x3b,0x0a,0x20,0x20,0x64,0x69,0x73,0x70,
    0x6c,0x61,0x79,0x3a,0x66,0x6c,0x65,0x78,0x3b,0x66,0x6c,0x65,0x78,0x2d,0x64,0x69,
    0x72,0x65,0x63,0x74,0x69,0x6f,0x6e,0x3a,0x63,0x6f,0x6c,0x75,0x6d,0x6e,0x3b,0x61,
    0x6c,0x69,0x67,0x6e,0x2d,0x69,0x74,0x65,0x6d,0x73,0x3a,0x63,0x65,0x6e,0x74,0x65,
    0x72,0x3b,0x0a,0x20,0x20,0x70,0x61,0x64,0x64,0x69,0x6e,0x67,0x3a,0x31,0x30,0x70,
    0x78,0x20,0x30,0x3b,0x67,0x61,0x70,0x3a,0x32,0x70,0x78,0x3b,0x0a,0x20,0x20,0x70,
    0x6f,0x73,0x69,0x74,0x69,0x6f,0x6e,0x3a,0x73,0x74,0x69,0x63,0x6b,0x79,0x3b,0x74,
    0x6f,0x70,0x3a,0x30,0x3b,0x68,0x65,0x69,0x67,0x68,0x74,0x3a,0x31,0x30,0x30,0x64,
    0x76,0x68,0x3b,0x0a,0x20,0x20,0x66,0x6c,0x65,0x78,0x2d,0x73,0x68,0x72,0x69,0x6e,
    0x6b,0x3a,0x30,0x3b,0x0a,0x7d,0x0a,0x2e,0x73,0x69,0x64,0x65,0x62,0x61,0x72,0x2d,
    0x6c,0x6f,0x67,0x6f,0x7b,0x0a,0x20,0x20,0x77,0x69,0x64,0x74,0x68,0x3a,0x33,0x32,
    0x70,0x78,0x3b,0x68,0x65,0x69,0x67,0x68,0x74,0x3a,0x33,0x32,0x70,0x78,0x3b,0x6d,
    0x61,0x72,0x67,0x69,0x6e,0x2d,0x62,0x6f,0x74,0x74,0x6f,0x6d,0x3a,0x31,0x32,0x70,
    0x78,0x3b,0x0a,0x20,0x20,0x64,0x69,0x73,0x70,0x6c,0x61,0x79,0x3a,0x66,0x6c,0x65,
    0x78,0x3b,0x61,0x6c,0x69,0x67,0x6e,0x2d,0x69,0x74,0x65,0x6d,0x73,0x3a,0x63,0x65,
    0x6e,0x74,0x65,0x72,0x3b,0x6a,0x75,0x73,0x74,0x69,0x66,0x79,0x2d,0x63,0x6f,0x6e,
    0x74,0x65,0x6e,0x74,0x3a,0x63,0x65,0x6e,0x74,0x65,0x72,0x3b,0x0a,0x20,0x20,0x63,
    0x6f,0x6c,0x6f,0x72,0x3a,0x23,0x32,0x64,0x64,0x34,0x62,0x66,0x3b,0x0a,0x7d,0x0a,
    0x2e,0x73,0x69,0x64,0x65,0x62,0x61,0x72,0x20,0x61,0x7b,0x0a,0x20,0x20,0x77,0x69,
    0x64,0x74,0x68,0x3a,0x33,0x38,0x70,0x78,0x3b,0x68,0x65,0x69,0x67,0x68,0x74,0x3a,
    0x33,0x38,0x70,0x78,0x3b,0x62,0x6f,0x72,0x64,0x65,0x72,0x2d,0x72,0x61,0x64,0x69,
    0x75,0x73,0x3a,0x36,0x70,0x78,0x3b,0x0a,0x20,0x20,0x64,0x69,0x73,0x70,0x6c,0x61,
    0x79,0x3a,0x66,0x6c,0x65,0x78,0x3b,0x61,0x6c,0x69,0x67,0x6e,0x2d,0x69,0x74,0x65,
    0x6d,0x73,0x3a,0x63,0x65,0x6e,0x74,0x65,0x72,0x3b,0x6a,0x75,0x73,0x74,0x69,0x66,
    0x79,0x2d,0x63,0x6f,0x6e,0x74,0x65,0x6e,0x74,0x3a,0x63,0x65,0x6e,0x74,0x65,0x72,
    0x3b,0x0a,0x20,0x20,0x63,0x6f,0x6c,0x6f,0x72,0x3a,0x23,0x38,0x62,0x39,0x34,0x39,
    0x65,0x3b,0x74,0x65,0x78,0x74,0x2d,0x64,0x65,0x63,0x6f,0x72,0x61,0x74,0x69,0x6f,
    0x6e,0x3a,0x6e,0x6f,0x6e,0x65,0x3b,0x0a,0x20,0x20,0x74,0x72,0x61,0x6e,0x73,0x69,
    0x74,0x69,0x6f,0x6e,0x3a,0x63,0x6f,0x6c,0x6f,0x72,0x20,0x2e,0x31,0x35,0x73,0x2c,
    0x62,0x61,0x63,0x6b,0x67,0x72,0x6f,0x75,0x6e,0x64,0x20,0x2e,0x31,0x35,0x73,0x3b,
    0x0a,0x20,0x20,0x70,0x6f,0x73,0x69,0x74,0x69,0x6f,0x6e,0x3a,0x72,0x65,0x6c,0x61,
    0x74,0x69,0x76,0x65,0x3b,0x0a,0x7d,0x0a,0x2e,0x73,0x69,0x64,0x65,0x62,0x61,0x72,
    0x20,0x61,0x3a,0x68,0x6f,0x76,0x65,0x72,0x7b,0x63,0x6f,0x6c,0x6f,0x72,0x3a,0x23,
    0x63,0x39,0x64,0x31,0x64,0x39,0x3b,0x62,0x61,0x63,0x6b,0x67,0x72,0x6f,0x75,0x6e,
    0x64,0x3a,0x23,0x32,0x31,0x32,0x36,0x32,0x64,0x7d,0x0a,0x2e,0x73,0x69,0x64,0x65,
    0x62,0x61,0x72,0x20,0x61,0x2e,0x61,0x63,0x74,0x7b,0x0a,0x20,0x20,0x63,0x6f,0x6c,
    0x6f,0x72,0x3a,0x23,0x30,0x65,0x31,0x31,0x31,0x37,0x3b,0x62,0x61,0x63,0x6b,0x67,
    0x72,0x6f,0x75,0x6e,0x64,0x3a,0x23,0x32,0x64,0x64,0x34,0x62,0x66,0x3b,0x0a,0x7d,
    0x0a,0x2e,0x73,0x69,0x64,0x65,0x62,0x61,0x72,0x20,0x61,0x2e,0x61,0x63,0x74,0x3a,
    0x3a,0x61,0x66,0x74,0x65,0x72,0x7b,0x0a,0x20,0x20,0x63,0x6f,0x6e,0x74,0x65,0x6e,
    0x74,0x3a,0x61,0x74,0x74,0x72,0x28,0x74,0x69,0x74,0x6c,0x65,0x29,0x3b,0x0a,0x20,
    0x20,0x70,0x6f,0x73,0x69,0x74,0x69,0x6f,0x6e,0x3a,0x61,0x62,0x73,0x6f,0x6c,0x75,
    0x74,0x65,0x3b,0x6c,0x65,0x66,0x74,0x3a,0x34,0x38,0x70,0x78,0x3b,0x0a,0x20,0x20,
    0x62,0x61,0x63,0x6b,0x67,0x72,0x6f,0x75,0x6e,0x64,0x3a,0x23,0x31,0x36,0x31,0x62,
    0x32,0x32,0x3b,0x63,0x6f,0x6c,0x6f,0x72,0x3a,0x23,0x32,0x64,0x64,0x34,0x62,0x66,
    0x3b,0x0a,0x20,0x20,0x66,0x6f,0x6e,0x74,0x2d,0x73,0x69,0x7a,0x65,0x3a,0x31,0x31,
    0x70,0x78,0x3b,0x66,0x6f,0x6e,0x74,0x2d,0x77,0x65,0x69,0x67,0x68,0x74,0x3a,0x36,
    0x30,0x30,0x3b,0x0a,0x20,0x20,0x70,0x61,0x64,0x64,0x69,0x6e,0x67,0x3a,0x33,0x70,
    0x78,0x20,0x38,0x70,0x78,0x3b,0x62,0x6f,0x72,0x64,0x65,0x72,0x2d,0x72,0x61,0x64,
    0x69,0x75,0x73,0x3a,0x34,0x70,0x78,0x3b,0x0a,0x20,0x20,0x62,0x6f,0x72,0x64,0x65,
    0x72,0x3a,0x31,0x70,0x78,0x20,0x73,0x6f,0x6c,0x69,0x64,0x20,0x23,0x33,0x30,0x33,
    0x36,0x33,0x64,0x3b,0x0a,0x20,0x20,0x77,0x68,0x69,0x74,0x65,0x2d,0x73,0x70,0x61,
    0x63,0x65,0x3a,0x6e,0x6f,0x77,0x72,0x61,0x70,0x3b,0x70,0x6f,0x69,0x6e,0x74,0x65,
    0x72,0x2d,0x65,0x76,0x65,0x6e,0x74,0x73,0x3a,0x6e,0x6f,0x6e,0x65,0x3b,0x0a,0x20,
    0x20,0x6f,0x70,0x61,0x63,0x69,0x74,0x79,0x3a,0x30,0x3b,0x74,0x72,0x61,0x6e,0x73,
    0x69,0x74,0x69,0x6f,0x6e,0x3a,0x6f,0x70,0x61,0x63,0x69,0x74,0x79,0x20,0x2e,0x31,
    0x35,0x73,0x3b,0x0a,0x20,0x20,0x7a,0x2d,0x69,0x6e,0x64,0x65,0x78,0x3a,0x31,0x30,
    0x30,0x3b,0x0a,0x7d,0x0a,0x2e,0x73,0x69,0x64,0x65,0x62,0x61,0x72,0x20,0x61,0x3a,
    0x68,0x6f,0x76,0x65,0x72,0x3a,0x3a,0x61,0x66,0x74,0x65,0x72,0x7b,0x0a,0x20,0x20,
    0x63,0x6f,0x6e,0x74,0x65,0x6e,0x74,0x3a,0x61,0x74,0x74,0x72,0x28,0x74,0x69,0x74,
    0x6c,0x65,0x29,0x3b,0x0a,0x20,0x20,0x70,0x6f,0x73,0x69,0x74,0x69,0x6f,0x6e,0x3a,
    0x61,0x62,0x73,0x6f,0x6c,0x75,0x74,0x65,0x3b,0x6c,0x65,0x66,0x74,0x3a,0x34,0x38,
    0x70,0x78,0x3b,0x0a,0x20,0x20,0x62,0x61,0x63,0x6b,0x67,0x72,0x6f,0x75,0x6e,0x64,
    0x3a,0x23,0x31,0x36,0x31,0x62,0x32,0x32,0x3b,0x63,0x6f,0x6c,0x6f,0x72,0x3a,0x23,
    0x63,0x39,0x64,0x31,0x64,0x39,0x3b,0x0a,0x20,0x20,0x66,0x6f,0x6e,0x74,0x2d,0x73,
    0x69,0x7a,0x65,0x3a,0x31,0x31,0x70,0x78,0x3b,0x70,0x61,0x64,0x64,0x69,0x6e,0x67,
    0x3a,0x33,0x70,0x78,0x20,0x38,0x70,0x78,0x3b,0x62,0x6f,0x72,0x64,0x65,0x72,0x2d,
    0x72,0x61,0x64,0x69,0x75,0x73,0x3a,0x34,0x70,0x78,0x3b,0x0a,0x20,0x20,0x62,0x6f,
    0x72,0x64,0x65,0x72,0x3a,0x31,0x70,0x78,0x20,0x73,0x6f,0x6c,0x69,0x64,0x20,0x23,
    0x33,0x30,0x33,0x36,0x33,0x64,0x3b,0x0a,0x20,0x20,0x77,0x68,0x69,0x74,0x65,0x2d,
    0x73,0x70,0x61,0x63,0x65,0x3a,0x6e,0x6f,0x77,0x72,0x61,0x70,0x3b,0x70,0x6f,0x69,
    0x6e,0x74,0x65,0x72,0x2d,0x65,0x76,0x65,0x6e,0x74,0x73,0x3a,0x6e,0x6f,0x6e,0x65,
    0x3b,0x0a,0x20,0x20,0x6f,0x70,0x61,0x63,0x69,0x74,0x79,0x3a,0x31,0x3b,0x7a,0x2d,
    0x69,0x6e,0x64,0x65,0x78,0x3a,0x31,0x30,0x30,0x3b,0x0a,0x7d,0x0a,0x2e,0x73,0x69,
    0x64,0x65,0x62,0x61,0x72,0x2d,0x73,0x70,0x61,0x63,0x65,0x72,0x7b,0x66,0x6c,0x65,
    0x78,0x3a,0x31,0x7d,0x0a,0x2e,0x73,0x69,0x64,0x65,0x62,0x61,0x72,0x2d,0x76,0x65,
    0x72,0x7b,0x0a,0x20,0x20,0x66,0x6f,0x6e,0x74,0x2d,0x73,0x69,0x7a,0x65,0x3a,0x31,
    0x30,0x70,0x78,0x3b,0x63,0x6f,0x6c,0x6f,0x72,0x3a,0x23,0x34,0x38,0x34,0x66,0x35,
    0x38,0x3b,0x0a,0x20,0x20,0x77,0x72,0x69,0x74,0x69,0x6e,0x67,0x2d,0x6d,0x6f,0x64,
    0x65,0x3a,0x76,0x65,0x72,0x74,0x69,0x63,0x61,0x6c,0x2d,0x72,0x6c,0x3b,0x0a,0x20,
    0x20,0x70,0x61,0x64,0x64,0x69,0x6e,0x67,0x2d,0x62,0x6f,0x74,0x74,0x6f,0x6d,0x3a,
    0x36,0x70,0x78,0x3b,0x6c,0x65,0x74,0x74,0x65,0x72,0x2d,0x73,0x70,0x61,0x63,0x69,
    0x6e,0x67,0x3a,0x2e,0x31,0x65,0x6d,0x3b,0x0a,0x7d,0x0a,0x0a,0x2e,0x77,0x72,0x61,
    0x70,0x7b,0x66,0x6c,0x65,0x78,0x3a,0x31,0x3b,0x64,0x69,0x73,0x70,0x6c,0x61,0x79,
    0x3a,0x66,0x6c,0x65,0x78,0x3b,0x66,0x6c,0x65,0x78,0x2d,0x64,0x69,0x72,0x65,0x63,
    0x74,0x69,0x6f,0x6e,0x3a,0x63,0x6f,0x6c,0x75,0x6d,0x6e,0x3b,0x6d,0x69,0x6e,0x2d,
    0x77,0x69,0x64,0x74,0x68,0x3a,0x30,0x3b,0x6f,0x76,0x65,0x72,0x66,0x6c,0x6f,0x77,
    0x3a,0x68,0x69,0x64,0x64,0x65,0x6e,0x7d,0x0a,0x0a,0x2f,0x2a,0x20,0x74,0x6f,0x70,
    0x62,0x61,0x72,0x20,0xe2,0x80,0x94,0x20,0xd1,0x82,0xd0,0xbe,0xd0,0xbd,0xd0,0xba,
    0xd0,0xb0,0xd1,0x8f,0x20,0xd0,0xbf,0xd0,0xbe,0xd0,0xbb,0xd0,0xbe,0xd1,0x81,0xd0,
    0xba,0xd0,0xb0,0x20,0xd1,0x81,0x20,0x49,0x50,0x20,0x2a,0x2f,0x0a,0x2e,0x74,0x6f,
    0x70,0x62,0x61,0x72,0x7b,0x0a,0x20,0x20,0x62,0x61,0x63,0x6b,0x67,0x72,0x6f,0x75,
    0x6e,0x64,0x3a,0x23,0x31,0x36,0x31,0x62,0x32,0x32,0x3b,0x62,0x6f,0x72,0x64,0x65,
    0x72,0x2d,0x62,0x6f,0x74,0x74,0x6f,0x6d,0x3a,0x31,0x70,0x78,0x20,0x73,0x6f,0x6c,
    0x69,0x64,0x20,0x23,0x33,0x30,0x33,0x36,0x33,0x64,0x3b,0x0a,0x20,0x20,0x68,0x65,
    0x69,0x67,0x68,0x74,0x3a,0x34,0x30,0x70,0x78,0x3b,0x64,0x69,0x73,0x70,0x6c,0x61,
    0x79,0x3a,0x66,0x6c,0x65,0x78,0x3b,0x61,0x6c,0x69,0x67,0x6e,0x2d,0x69,0x74,0x65,
    0x6d,0x73,0x3a,0x63,0x65,0x6e,0x74,0x65,0x72,0x3b,0x0a,0x20,0x20,0x70,0x61,0x64,
    0x64,0x69,0x6e,0x67,0x3a,0x30,0x20,0x31,0x36,0x70,0x78,0x3b,0x67,0x61,0x70,0x3a,
    0x31,0x32,0x70,0x78,0x3b,0x66,0x6c,0x65,0x78,0x2d,0x73,0x68,0x72,0x69,0x6e,0x6b,
    0x3a,0x30,0x3b,0x0a,0x7d,0x0a,0x2e,0x74,0x6f,0x70,0x62,0x61,0x72,0x2d,0x74,0x69,
    0x74,0x6c,0x65,0x7b,0x66,0x6f,0x6e,0x74,0x2d,0x73,0x69,0x7a,0x65,0x3a,0x31,0x33,
    0x70,0x78,0x3b,0x66,0x6f,0x6e,0x74,0x2d,0x77,0x65,0x69,0x67,0x68,0x74,0x3a,0x36,
    0x30,0x30,0x3b,0x63,0x6f,0x6c,0x6f,0x72,0x3a,0x23,0x32,0x64,0x64,0x34,0x62,0x66,
    0x3b,0x66,0x6c,0x65,0x78,0x3a,0x31,0x7d,0x0a,0x2e,0x74,0x6f,0x70,0x62,0x61,0x72,
    0x2d,0x69,0x70,0x7b,0x66,0x6f,0x6e,0x74,0x2d,0x73,0x69,0x7a,0x65,0x3a,0x31,0x32,
    0x70,0x78,0x3b,0x63,0x6f,0x6c,0x6f,0x72,0x3a,0x23,0x38,0x62,0x39,0x34,0x39,0x65,
    0x3b,0x66,0x6f,0x6e,0x74,0x2d,0x66,0x61,0x6d,0x69,0x6c,0x79,0x3a,0x6d,0x6f,0x6e,
    0x6f,0x73,0x70,0x61,0x63,0x65,0x7d,0x0a,0x0a,0x2f,0x2a,0x20,0x77,0x72,0x61,0x70,
    0x20,0x3e,0x20,0x6d,0x61,0x69,0x6e,0x20,0x2a,0x2f,0x0a,0x2e,0x77,0x72,0x61,0x70,
    0x20,0x6d,0x61,0x69,0x6e,0x2c,0x20,0x2e,0x77,0x72,0x61,0x70,0x20,0x3e,0x20,0x64,
    0x69,0x76,0x3a,0x6e,0x6f,0x74,0x28,0x2e,0x74,0x6f,0x70,0x62,0x61,0x72,0x29,0x7b,
    0x70,0x61,0x64,0x64,0x69,0x6e,0x67,0x3a,0x30,0x7d,0x0a,0x0a,0x2f,0x2a,0x20,0xe2,
    0x94,0x80,0xe2,0x94,0x80,0x20,0xd0,0xb4,0xd0,0xbe,0xd0,0xbf,0x2e,0x20,0xd0,0xba,
    0xd0,0xbb,0xd0,0xb0,0xd1,0x81,0xd1,0x81,0xd1,0x8b,0x20,0xd0,0xb8,0xd0,0xb7,0x20,
    0x69,0x6e,0x64,0x65,0x78,0x2e,0x68,0x74,0x6d,0x6c,0x20,0xe2,0x94,0x80,0xe2,0x94,
    0x80,0xe2,0x94,0x80,0xe2,0x94,0x80,0xe2,0x94,0x80,0xe2,0x94,0x80,0xe2,0x94,0x80,
    0xe2,0x94,0x80,0xe2,0x94,0x80,0xe2,0x94,0x80,0xe2,0x94,0x80,0xe2,0x94,0x80,0xe2,
    0x94,0x80,0xe2,0x94,0x80,0xe2,0x94,0x80,0xe2,0x94,0x80,0xe2,0x94,0x80,0xe2,0x94,
    0x80,0xe2,0x94,0x80,0xe2,0x94,0x80,0xe2,0x94,0x80,0xe2,0x94,0x80,0xe2,0x94,0x80,
    0xe2,0x94,0x80,0x20,0x2a,0x2f,0x0a,0x3a,0x72,0x6f,0x6f,0x74,0x7b,0x2d,0x2d,0x74,
    0x65,0x61,0x6c,0x3a,0x23,0x32,0x64,0x64,0x34,0x62,0x66,0x3b,0x2d,0x2d,0x62,0x67,
    0x3a,0x23,0x30,0x65,0x31,0x31,0x31,0x37,0x3b,0x2d,0x2d,0x73,0x75,0x72,0x66,0x61,
    0x63,0x65,0x3a,0x23,0x31,0x36,0x31,0x62,0x32,0x32,0x3b,0x2d,0x2d,0x62,0x6f,0x72,
    0x64,0x65,0x72,0x3a,0x23,0x33,0x30,0x33,0x36,0x33,0x64,0x3b,0x2d,0x2d,0x74,0x65,
    0x78,0x74,0x3a,0x23,0x63,0x39,0x64,0x31,0x64,0x39,0x3b,0x2d,0x2d,0x6d,0x75,0x74,
    0x65,0x64,0x3a,0x23,0x38,0x62,0x39,0x34,0x39,0x65,0x7d,0x0a,0x2e,0x70,0x61,0x67,
    0x65,0x2d,0x74,0x69,0x74,0x6c,0x65,0x7b,0x66,0x6f,0x6e,0x74,0x2d,0x73,0x69,0x7a,
    0x65,0x3a,0x31,0x38,0x70,0x78,0x3b,0x66,0x6f,0x6e,0x74,0x2d,0x77,0x65,0x69,0x67,
    0x68,0x74,0x3a,0x37,0x30,0x30,0x3b,0x63,0x6f,0x6c,0x6f,0x72,0x3a,0x23,0x32,0x64,
    0x64,0x34,0x62,0x66,0x3b,0x70,0x61,0x64,0x64,0x69,0x6e,0x67,0x3a,0x31,0x34,0x70,
    0x78,0x20,0x31,0x36,0x70,0x78,0x20,0x30,0x3b,0x6d,0x61,0x72,0x67,0x69,0x6e,0x2d,
    0x62,0x6f,0x74,0x74,0x6f,0x6d,0x3a,0x31,0x34,0x70,0x78,0x7d,0x0a,0x2e,0x63,0x61,
    0x72,0x64,0x7b,0x62,0x61,0x63,0x6b,0x67,0x72,0x6f,0x75,0x6e,0x64,0x3a,0x23,0x31,
    0x36,0x31,0x62,0x32,0x32,0x3b,0x62,0x6f,0x72,0x64,0x65,0x72,0x3a,0x31,0x70,0x78,
    0x20,0x73,0x6f,0x6c,0x69,0x64,0x20,0x23,0x33,0x30,0x33,0x36,0x33,0x64,0x3b,0x62,
    0x6f,0x72,0x64,0x65,0x72,0x2d,0x72,0x61,0x64,0x69,0x75,0x73,0x3a,0x38,0x70,0x78,
    0x3b,0x70,0x61,0x64,0x64,0x69,0x6e,0x67,0x3a,0x31,0x36,0x70,0x78,0x3b,0x6d,0x61,
    0x72,0x67,0x69,0x6e,0x3a,0x31,0x30,0x70,0x78,0x7d,0x0a,0x2e,0x63,0x61,0x72,0x64,
    0x2b,0x2e,0x63,0x61,0x72,0x64,0x7b,0x6d,0x61,0x72,0x67,0x69,0x6e,0x2d,0x74,0x6f,
    0x70,0x3a,0x30,0x7d,0x0a,0x2e,0x63,0x61,0x72,0x64,0x2d,0x74,0x69,0x74,0x6c,0x65,
    0x7b,0x66,0x6f,0x6e,0x74,0x2d,0x73,0x69,0x7a,0x65,0x3a,0x31,0x31,0x70,0x78,0x3b,
    0x66,0x6f,0x6e,0x74,0x2d,0x77,0x65,0x69,0x67,0x68,0x74,0x3a,0x36,0x30,0x30,0x3b,
    0x63,0x6f,0x6c,0x6f,0x72,0x3a,0x23,0x38,0x62,0x39,0x34,0x39,0x65,0x3b,0x74,0x65,
    0x78,0x74,0x2d,0x74,0x72,0x61,0x6e,0x73,0x66,0x6f,0x72,0x6d,0x3a,0x75,0x70,0x70,
    0x65,0x72,0x63,0x61,0x73,0x65,0x3b,0x6c,0x65,0x74,0x74,0x65,0x72,0x2d,0x73,0x70,
    0x61,0x63,0x69,0x6e,0x67,0x3a,0x2e,0x30,0x39,0x65,0x6d,0x3b,0x6d,0x61,0x72,0x67,
    0x69,0x6e,0x2d,0x62,0x6f,0x74,0x74,0x6f,0x6d,0x3a,0x31,0x32,0x70,0x78,0x7d,0x0a,
    0x2e,0x74,0x77,0x6f,0x2d,0x63,0x6f,0x6c,0x7b,0x64,0x69,0x73,0x70,0x6c,0x61,0x79,
    0x3a,0x67,0x72,0x69,0x64,0x3b,0x67,0x72,0x69,0x64,0x2d,0x74,0x65,0x6d,0x70,0x6c,
    0x61,0x74,0x65,0x2d,0x63,0x6f,0x6c,0x75,0x6d,0x6e,0x73,0x3a,0x31,0x66,0x72,0x20,
    0x31,0x66,0x72,0x3b,0x67,0x61,0x70,0x3a,0x31,0x30,0x70,0x78,0x3b,0x6d,0x61,0x72,
    0x67,0x69,0x6e,0x3a,0x31,0x30,0x70,0x78,0x7d,0x0a,0x2e,0x73,0x74,0x61,0x74,0x2d,
    0x72,0x6f,0x77,0x7b,0x64,0x69,0x73,0x70,0x6c,0x61,0x79,0x3a,0x66,0x6c,0x65,0x78,
    0x3b,0x6a,0x75,0x73,0x74,0x69,0x66,0x79,0x2d,0x63,0x6f,0x6e,0x74,0x65,0x6e,0x74,
    0x3a,0x73,0x70,0x61,0x63,0x65,0x2d,0x62,0x65,0x74,0x77,0x65,0x65,0x6e,0x3b,0x61,
    0x6c,0x69,0x67,0x6e,0x2d,0x69,0x74,0x65,0x6d,0x73,0x3a,0x63,0x65,0x6e,0x74,0x65,
    0x72,0x3b,0x70,0x61,0x64,0x64,0x69,0x6e,0x67,0x3a,0x35,0x70,0x78,0x20,0x30,0x3b,
    0x62,0x6f,0x72,0x64,0x65,0x72,0x2d,0x62,0x6f,0x74,0x74,0x6f,0x6d,0x3a,0x31,0x70,
    0x78,0x20,0x73,0x6f,0x6c,0x69,0x64,0x20,0x23,0x31,0x63,0x32,0x31,0x32,0x38,0x7d,
    0x0a,0x2e,0x73,0x74,0x61,0x74,0x2d,0x72,0x6f,0x77,0x3a,0x6c,0x61,0x73,0x74,0x2d,
    0x63,0x68,0x69,0x6c,0x64,0x7b,0x62,0x6f,0x72,0x64,0x65,0x72,0x2d,0x62,0x6f,0x74,
    0x74,0x6f,0x6d,0x3a,0x6e,0x6f,0x6e,0x65,0x7d,0x0a,0x2e,0x73,0x74,0x61,0x74,0x2d,
    0x6b,0x65,0x79,0x7b,0x66,0x6f,0x6e,0x74,0x2d,0x73,0x69,0x7a,0x65,0x3a,0x31,0x32,
    0x70,0x78,0x3b,0x63,0x6f,0x6c,0x6f,0x72,0x3a,0x23,0x38,0x62,0x39,0x34,0x39,0x65,
    0x7d,0x0a,0x2e,0x73,0x74,0x61,0x74,0x2d,0x76,0x61,0x6c,0x7b,0x66,0x6f,0x6e,0x74,
    0x2d,0x73,0x69,0x7a,0x65,0x3a,0x31,0x32,0x70,0x78,0x3b,0x63,0x6f,0x6c,0x6f,0x72,
    0x3a,0x23,0x63,0x39,0x64,0x31,0x64,0x39,0x3b,0x66,0x6f,0x6e,0x74,0x2d,0x66,0x61,
    0x6d,0x69,0x6c,0x79,0x3a,0x6d,0x6f,0x6e,0x6f,0x73,0x70,0x61,0x63,0x65,0x3b,0x74,
    0x65,0x78,0x74,0x2d,0x61,0x6c,0x69,0x67,0x6e,0x3a,0x72,0x69,0x67,0x68,0x74,0x7d,
    0x0a,0x2e,0x6b,0x70,0x69,0x2d,0x67,0x72,0x69,0x64,0x7b,0x64,0x69,0x73,0x70,0x6c,
    0x61,0x79,0x3a,0x67,0x72,0x69,0x64,0x3b,0x67,0x72,0x69,0x64,0x2d,0x74,0x65,0x6d,
    0x70,0x6c,0x61,0x74,0x65,0x2d,0x63,0x6f,0x6c,0x75,0x6d,0x6e,0x73,0x3a,0x72,0x65,
    0x70,0x65,0x61,0x74,0x28,0x61,0x75,0x74,0x6f,0x2d,0x66,0x69,0x6c,0x6c,0x2c,0x6d,
    0x69,0x6e,0x6d,0x61,0x78,0x28,0x31,0x36,0x30,0x70,0x78,0x2c,0x31,0x66,0x72,0x29,
    0x29,0x3b,0x67,0x61,0x70,0x3a,0x31,0x30,0x70,0x78,0x3b,0x6d,0x61,0x72,0x67,0x69,
    0x6e,0x3a,0x31,0x30,0x70,0x78,0x7d,0x0a,0x2e,0x6b,0x70,0x69,0x7b,0x62,0x61,0x63,
    0x6b,0x67,0x72,0x6f,0x75,0x6e,0x64,0x3a,0x23,0x31,0x36,0x31,0x62,0x32,0x32,0x3b,
    0x62,0x6f,0x72,0x64,0x65,0x72,0x3a,0x31,0x70,0x78,0x20,0x73,0x6f,0x6c,0x69,0x64,
    0x20,0x23,0x33,0x30,0x33,0x36,0x33,0x64,0x3b,0x62,0x6f,0x72,0x64,0x65,0x72,0x2d,
    0x72,0x61,0x64,0x69,0x75,0x73,0x3a,0x38,0x70,0x78,0x3b,0x70,0x61,0x64,0x64,0x69,
    0x6e,0x67,0x3a,0x31,0x34,0x70,0x78,0x20,0x31,0x36,0x70,0x78,0x7d,0x0a,0x2e,0x6b,
    0x70,0x69,0x2d,0x6c,0x61,0x62,0x65,0x6c,0x7b,0x66,0x6f,0x6e,0x74,0x2d,0x73,0x69,
    0x7a,0x65,0x3a,0x31,0x31,0x70,0x78,0x3b,0x63,0x6f,0x6c,0x6f,0x72,0x3a,0x23,0x38,
    0x62,0x39,0x34,0x39,0x65,0x3b,0x66,0x6f,0x6e,0x74,0x2d,0x77,0x65,0x69,0x67,0x68,
    0x74,0x3a,0x35,0x30,0x30,0x3b,0x74,0x65,0x78,0x74,0x2d,0x74,0x72,0x61,0x6e,0x73,
    0x66,0x6f,0x72,0x6d,0x3a,0x75,0x70,0x70,0x65,0x72,0x63,0x61,0x73,0x65,0x3b,0x6c,
    0x65,0x74,0x74,0x65,0x72,0x2d,0x73,0x70,0x61,0x63,0x69,0x6e,0x67,0x3a,0x2e,0x30,
    0x37,0x65,0x6d,0x3b,0x6d,0x61,0x72,0x67,0x69,0x6e,0x2d,0x62,0x6f,0x74,0x74,0x6f,
    0x6d,0x3a,0x36,0x70,0x78,0x7d,0x0a,0x2e,0x6b,0x70,0x69,0x2d,0x76,0x61,0x6c,0x75,
    0x65,0x7b,0x66,0x6f,0x6e,0x74,0x2d,0x73,0x69,0x7a,0x65,0x3a,0x32,0x36,0x70,0x78,
    0x3b,0x66,0x6f,0x6e,0x74,0x2d,0x77,0x65,0x69,0x67,0x68,0x74,0x3a,0x37,0x30,0x30,
    0x3b,0x66,0x6f,0x6e,0x74,0x2d,0x66,0x61,0x6d,0x69,0x6c,0x79,0x3a,0x6d,0x6f,0x6e,
    0x6f,0x73,0x70,0x61,0x63,0x65,0x3b,0x63,0x6f,0x6c,0x6f,0x72,0x3a,0x23,0x63,0x39,
    0x64,0x31,0x64,0x39,0x7d,0x0a,0x2e,0x6b,0x70,0x69,0x2d,0x76,0x61,0x6c,0x75,0x65,
    0x2e,0x6f,0x6b,0x7b,0x63,0x6f,0x6c,0x6f,0x72,0x3a,0x23,0x32,0x64,0x64,0x34,0x62,
    0x66,0x7d,0x2e,0x6b,0x70,0x69,0x2d,0x76,0x61,0x6c,0x75,0x65,0x2e,0x77,0x61,0x72,
    0x6e,0x7b,0x63,0x6f,0x6c,0x6f,0x72,0x3a,0x23,0x65,0x33,0x62,0x33,0x34,0x31,0x7d,
    0x2e,0x6b,0x70,0x69,0x2d,0x76,0x61,0x6c,0x75,0x65,0x2e,0x65,0x72,0x72,0x7b,0x63,
    0x6f,0x6c,0x6f,0x72,0x3a,0x23,0x66,0x38,0x37,0x31,0x37,0x31,0x7d,0x0a,0x2e,0x6b,
    0x70,0x69,0x2d,0x75,0x6e,0x69,0x74,0x7b,0x66,0x6f,0x6e,0x74,0x2d,0x73,0x69,0x7a,
    0x65,0x3a,0x31,0x32,0x70,0x78,0x3b,0x63,0x6f,0x6c,0x6f,0x72,0x3a,0x23,0x38,0x62,
    0x39,0x34,0x39,0x65,0x3b,0x6d,0x61,0x72,0x67,0x69,0x6e,0x2d,0x74,0x6f,0x70,0x3a,
    0x33,0x70,0x78,0x7d,0x0a,0x2e,0x62,0x61,0x64,0x67,0x65,0x7b,0x64,0x69,0x73,0x70,
    0x6c,0x61,0x79,0x3a,0x69,0x6e,0x6c,0x69,0x6e,0x65,0x2d,0x66,0x6c,0x65,0x78,0x3b,
    0x61,0x6c,0x69,0x67,0x6e,0x2d,0x69,0x74,0x65,0x6d,0x73,0x3a,0x63,0x65,0x6e,0x74,
    0x65,0x72,0x3b,0x67,0x61,0x70,0x3a,0x34,0x70,0x78,0x3b,0x70,0x61,0x64,0x64,0x69,
    0x6e,0x67,0x3a,0x32,0x70,0x78,0x20,0x38,0x70,0x78,0x3b,0x62,0x6f,0x72,0x64,0x65,
    0x72,0x2d,0x72,0x61,0x64,0x69,0x75,0x73,0x3a,0x39,0x39,0x39,0x70,0x78,0x3b,0x66,
    0x6f,0x6e,0x74,0x2d,0x73,0x69,0x7a,0x65,0x3a,0x31,0x31,0x70,0x78,0x3b,0x66,0x6f,
    0x6e,0x74,0x2d,0x77,0x65,0x69,0x67,0x68,0x74,0x3a,0x36,0x30,0x30,0x7d,0x0a,0x2e,
    0x62,0x61,0x64,0x67,0x65,0x2d,0x6f,0x6b,0x7b,0x62,0x61,0x63,0x6b,0x67,0x72,0x6f,
    0x75,0x6e,0x64,0x3a,0x23,0x31,0x61,0x33,0x61,0x32,0x65,0x3b,0x63,0x6f,0x6c,0x6f,
    0x72,0x3a,0x23,0x32,0x64,0x64,0x34,0x62,0x66,0x7d,0x0a,0x2e,0x62,0x61,0x64,0x67,
    0x65,0x2d,0x77,0x61,0x72,0x6e,0x7b,0x62,0x61,0x63,0x6b,0x67,0x72,0x6f,0x75,0x6e,
    0x64,0x3a,0x23,0x32,0x61,0x32,0x32,0x30,0x30,0x3b,0x63,0x6f,0x6c,0x6f,0x72,0x3a,
    0x23,0x65,0x33,0x62,0x33,0x34,0x31,0x7d,0x0a,0x2e,0x62,0x61,0x64,0x67,0x65,0x2d,
    0x65,0x72,0x72,0x7b,0x62,0x61,0x63,0x6b,0x67,0x72,0x6f,0x75,0x6e,0x64,0x3a,0x23,
    0x33,0x61,0x31,0x61,0x31,0x61,0x3b,0x63,0x6f,0x6c,0x6f,0x72,0x3a,0x23,0x66,0x38,
    0x37,0x31,0x37,0x31,0x7d,0x0a,0x2e,0x62,0x74,0x6e,0x2d,0x70,0x72,0x69,0x6d,0x61,
    0x72,0x79,0x7b,0x62,0x61,0x63,0x6b,0x67,0x72,0x6f,0x75,0x6e,0x64,0x3a,0x23,0x32,
    0x64,0x64,0x34,0x62,0x66,0x3b,0x63,0x6f,0x6c,0x6f,0x72,0x3a,0x23,0x30,0x65,0x31,
    0x31,0x31,0x37,0x3b,0x62,0x6f,0x72,0x64,0x65,0x72,0x3a,0x6e,0x6f,0x6e,0x65,0x3b,
    0x62,0x6f,0x72,0x64,0x65,0x72,0x2d,0x72,0x61,0x64,0x69,0x75,0x73,0x3a,0x36,0x70,
    0x78,0x3b,0x70,0x61,0x64,0x64,0x69,0x6e,0x67,0x3a,0x36,0x70,0x78,0x20,0x31,0x34,
    0x70,0x78,0x3b,0x63,0x75,0x72,0x73,0x6f,0x72,0x3a,0x70,0x6f,0x69,0x6e,0x74,0x65,
    0x72,0x3b,0x66,0x6f,0x6e,0x74,0x2d,0x73,0x69,0x7a,0x65,0x3a,0x31,0x33,0x70,0x78,
    0x3b,0x66,0x6f,0x6e,0x74,0x2d,0x77,0x65,0x69,0x67,0x68,0x74,0x3a,0x36,0x30,0x30,
    0x7d,0x0a,0x2e,0x62,0x74,0x6e,0x2d,0x70,0x72,0x69,0x6d,0x61,0x72,0x79,0x3a,0x68,
    0x6f,0x76,0x65,0x72,0x7b,0x6f,0x70,0x61,0x63,0x69,0x74,0x79,0x3a,0x2e,0x38,0x35,
    0x7d,0x0a,0x2e,0x62,0x74,0x6e,0x2d,0x67,0x68,0x6f,0x73,0x74,0x7b,0x62,0x61,0x63,
    0x6b,0x67,0x72,0x6f,0x75,0x6e,0x64,0x3a,0x23,0x32,0x31,0x32,0x36,0x32,0x64,0x3b,
    0x63,0x6f,0x6c,0x6f,0x72,0x3a,0x23,0x63,0x39,0x64,0x31,0x64,0x39,0x3b,0x62,0x6f,
    0x72,0x64,0x65,0x72,0x3a,0x31,0x70,0x78,0x20,0x73,0x6f,0x6c,0x69,0x64,0x20,0x23,
    0x33,0x30,0x33,0x36,0x33,0x64,0x3b,0x62,0x6f,0x72,0x64,0x65,0x72,0x2d,0x72,0x61,
    0x64,0x69,0x75,0x73,0x3a,0x36,0x70,0x78,0x3b,0x70,0x61,0x64,0x64,0x69,0x6e,0x67,
    0x3a,0x36,0x70,0x78,0x20,0x31,0x34,0x70,0x78,0x3b,0x63,0x75,0x72,0x73,0x6f,0x72,
    0x3a,0x70,0x6f,0x69,0x6e,0x74,0x65,0x72,0x3b,0x66,0x6f,0x6e,0x74,0x2d,0x73,0x69,
    0x7a,0x65,0x3a,0x31,0x33,0x70,0x78,0x7d,0x0a,0x2e,0x62,0x74,0x6e,0x2d,0x67,0x68,
    0x6f,0x73,0x74,0x3a,0x68,0x6f,0x76,0x65,0x72,0x7b,0x62,0x6f,0x72,0x64,0x65,0x72,
    0x2d,0x63,0x6f,0x6c,0x6f,0x72,0x3a,0x23,0x32,0x64,0x64,0x34,0x62,0x66,0x3b,0x63,
    0x6f,0x6c,0x6f,0x72,0x3a,0x23,0x32,0x64,0x64,0x34,0x62,0x66,0x7d,0x0a,0x2e,0x62,
    0x74,0x6e,0x2d,0x64,0x61,0x6e,0x67,0x65,0x72,0x7b,0x62,0x61,0x63,0x6b,0x67,0x72,
    0x6f,0x75,0x6e,0x64,0x3a,0x23,0x33,0x61,0x31,0x61,0x31,0x61,0x3b,0x63,0x6f,0x6c,
    0x6f,0x72,0x3a,0x23,0x66,0x38,0x37,0x31,0x37,0x31,0x3b,0x62,0x6f,0x72,0x64,0x65,
    0x72,0x3a,0x31,0x70,0x78,0x20,0x73,0x6f,0x6c,0x69,0x64,0x20,0x23,0x35,0x61,0x32,
    0x30,0x32,0x30,0x3b,0x62,0x6f,0x72,0x64,0x65,0x72,0x2d,0x72,0x61,0x64,0x69,0x75,
    0x73,0x3a,0x36,0x70,0x78,0x3b,0x70,0x61,0x64,0x64,0x69,0x6e,0x67,0x3a,0x36,0x70,
    0x78,0x20,0x31,0x34,0x70,0x78,0x3b,0x63,0x75,0x72,0x73,0x6f,0x72,0x3a,0x70,0x6f,
    0x69,0x6e,0x74,0x65,0x72,0x3b,0x66,0x6f,0x6e,0x74,0x2d,0x73,0x69,0x7a,0x65,0x3a,
    0x31,0x33,0x70,0x78,0x7d,0x0a,0x2e,0x62,0x74,0x6e,0x2d,0x73,0x6d,0x7b,0x70,0x61,
    0x64,0x64,0x69,0x6e,0x67,0x3a,0x34,0x70,0x78,0x20,0x31,0x30,0x70,0x78,0x3b,0x66,
    0x6f,0x6e,0x74,0x2d,0x73,0x69,0x7a,0x65,0x3a,0x31,0x32,0x70,0x78,0x7d,0x0a,0x23,
    0x6c,0x6f,0x67,0x2d,0x6f,0x75,0x74,0x70,0x75,0x74,0x7b,0x62,0x61,0x63,0x6b,0x67,
    0x72,0x6f,0x75,0x6e,0x64,0x3a,0x23,0x30,0x65,0x31,0x31,0x31,0x37,0x3b,0x62,0x6f,
    0x72,0x64,0x65,0x72,0x3a,0x31,0x70,0x78,0x20,0x73,0x6f,0x6c,0x69,0x64,0x20,0x23,
    0x33,0x30,0x33,0x36,0x33,0x64,0x3b,0x62,0x6f,0x72,0x64,0x65,0x72,0x2d,0x72,0x61,
    0x64,0x69,0x75,0x73,0x3a,0x36,0x70,0x78,0x3b,0x70,0x61,0x64,0x64,0x69,0x6e,0x67,
    0x3a,0x31,0x32,0x70,0x78,0x20,0x31,0x34,0x70,0x78,0x3b,0x66,0x6f,0x6e,0x74,0x2d,
    0x66,0x61,0x6d,0x69,0x6c,0x79,0x3a,0x6d,0x6f,0x6e,0x6f,0x73,0x70,0x61,0x63,0x65,
    0x3b,0x66,0x6f,0x6e,0x74,0x2d,0x73,0x69,0x7a,0x65,0x3a,0x31,0x32,0x70,0x78,0x3b,
    0x6c,0x69,0x6e,0x65,0x2d,0x68,0x65,0x69,0x67,0x68,0x74,0x3a,0x31,0x2e,0x37,0x3b,
    0x68,0x65,0x69,0x67,0x68,0x74,0x3a,0x35,0x32,0x30,0x70,0x78,0x3b,0x6f,0x76,0x65,
    0x72,0x66,0x6c,0x6f,0x77,0x2d,0x79,0x3a,0x61,0x75,0x74,0x6f,0x3b,0x6d,0x61,0x72,
    0x67,0x69,0x6e,0x3a,0x31,0x30,0x70,0x78,0x7d,0x0a,0x2e,0x6c,0x6f,0x67,0x2d,0x69,
    0x6e,0x66,0x6f,0x7b,0x63,0x6f,0x6c,0x6f,0x72,0x3a,0x23,0x37,0x39,0x63,0x30,0x66,
    0x66,0x7d,0x2e,0x6c,0x6f,0x67,0x2d,0x77,0x61,0x72,0x6e,0x7b,0x63,0x6f,0x6c,0x6f,
    0x72,0x3a,0x23,0x65,0x33,0x62,0x33,0x34,0x31,0x7d,0x2e,0x6c,0x6f,0x67,0x2d,0x65,
    0x72,0x72,0x6f,0x72,0x7b,0x63,0x6f,0x6c,0x6f,0x72,0x3a,0x23,0x66,0x38,0x37,0x31,
    0x37,0x31,0x7d,0x2e,0x6c,0x6f,0x67,0x2d,0x64,0x61,0x74,0x61,0x7b,0x63,0x6f,0x6c,
    0x6f,0x72,0x3a,0x23,0x32,0x64,0x64,0x34,0x62,0x66,0x7d,0x2e,0x6c,0x6f,0x67,0x2d,
    0x64,0x65,0x62,0x75,0x67,0x7b,0x63,0x6f,0x6c,0x6f,0x72,0x3a,0x23,0x38,0x62,0x39,
    0x34,0x39,0x65,0x7d,0x0a,0x2e,0x6c,0x6f,0x67,0x2d,0x74,0x6f,0x6f,0x6c,0x62,0x61,
    0x72,0x7b,0x64,0x69,0x73,0x70,0x6c,0x61,0x79,0x3a,0x66,0x6c,0x65,0x78,0x3b,0x61,
    0x6c,0x69,0x67,0x6e,0x2d,0x69,0x74,0x65,0x6d,0x73,0x3a,0x63,0x65,0x6e,0x74,0x65,
    0x72,0x3b,0x67,0x61,0x70,0x3a,0x31,0x30,0x70,0x78,0x3b,0x66,0x6c,0x65,0x78,0x2d,
    0x77,0x72,0x61,0x70,0x3a,0x77,0x72,0x61,0x70,0x3b,0x6d,0x61,0x72,0x67,0x69,0x6e,
    0x3a,0x31,0x30,0x70,0x78,0x7d,0x0a,0x2e,0x66,0x69,0x6c,0x65,0x2d,0x74,0x61,0x62,
    0x6c,0x65,0x7b,0x77,0x69,0x64,0x74,0x68,0x3a,0x31,0x30,0x30,0x25,0x3b,0x62,0x6f,
    0x72,0x64,0x65,0x72,0x2d,0x63,0x6f,0x6c,0x6c,0x61,0x70,0x73,0x65,0x3a,0x63,0x6f,
    0x6c,0x6c,0x61,0x70,0x73,0x65,0x3b,0x66,0x6f,0x6e,0x74,0x2d,0x73,0x69,0x7a,0x65,
    0x3a,0x31,0x33,0x70,0x78,0x7d,0x0a,0x2e,0x66,0x69,0x6c,0x65,0x2d,0x74,0x61,0x62,
    0x6c,0x65,0x20,0x74,0x68,0x7b,0x62,0x61,0x63,0x6b,0x67,0x72,0x6f,0x75,0x6e,0x64,
    0x3a,0x23,0x30,0x65,0x31,0x31,0x31,0x37,0x3b,0x63,0x6f,0x6c,0x6f,0x72,0x3a,0x23,
    0x38,0x62,0x39,0x34,0x39,0x65,0x3b,0x70,0x61,0x64,0x64,0x69,0x6e,0x67,0x3a,0x36,
    0x70,0x78,0x20,0x31,0x30,0x70,0x78,0x3b,0x74,0x65,0x78,0x74,0x2d,0x61,0x6c,0x69,
    0x67,0x6e,0x3a,0x6c,0x65,0x66,0x74,0x3b,0x62,0x6f,0x72,0x64,0x65,0x72,0x2d,0x62,
    0x6f,0x74,0x74,0x6f,0x6d,0x3a,0x31,0x70,0x78,0x20,0x73,0x6f,0x6c,0x69,0x64,0x20,
    0x23,0x33,0x30,0x33,0x36,0x33,0x64,0x3b,0x66,0x6f,0x6e,0x74,0x2d,0x73,0x69,0x7a,
    0x65,0x3a,0x31,0x31,0x70,0x78,0x3b,0x66,0x6f,0x6e,0x74,0x2d,0x77,0x65,0x69,0x67,
    0x68,0x74,0x3a,0x36,0x30,0x30,0x3b,0x74,0x65,0x78,0x74,0x2d,0x74,0x72,0x61,0x6e,
    0x73,0x66,0x6f,0x72,0x6d,0x3a,0x75,0x70,0x70,0x65,0x72,0x63,0x61,0x73,0x65,0x3b,
    0x6c,0x65,0x74,0x74,0x65,0x72,0x2d,0x73,0x70,0x61,0x63,0x69,0x6e,0x67,0x3a,0x2e,
    0x30,0x37,0x65,0x6d,0x7d,0x0a,0x2e,0x66,0x69,0x6c,0x65,0x2d,0x74,0x61,0x62,0x6c,
    0x65,0x20,0x74,0x64,0x7b,0x70,0x61,0x64,0x64,0x69,0x6e,0x67,0x3a,0x36,0x70,0x78,
    0x20,0x31,0x30,0x70,0x78,0x3b,0x62,0x6f,0x72,0x64,0x65,0x72,0x2d,0x62,0x6f,0x74,
    0x74,0x6f,0x6d,0x3a,0x31,0x70,0x78,0x20,0x73,0x6f,0x6c,0x69,0x64,0x20,0x23,0x31,
    0x63,0x32,0x31,0x32,0x38,0x3b,0x63,0x6f,0x6c,0x6f,0x72,0x3a,0x23,0x63,0x39,0x64,
    0x31,0x64,0x39,0x7d,0x0a,0x2e,0x66,0x69,0x6c,0x65,0x2d,0x74,0x61,0x62,0x6c,0x65,
    0x20,0x74,0x72,0x3a,0x68,0x6f,0x76,0x65,0x72,0x20,0x74,0x64,0x7b,0x62,0x61,0x63,
    0x6b,0x67,0x72,0x6f,0x75,0x6e,0x64,0x3a,0x23,0x31,0x36,0x31,0x62,0x32,0x32,0x7d,
    0x0a,0x23,0x74,0x6f,0x61,0x73,0x74,0x7b,0x70,0x6f,0x73,0x69,0x74,0x69,0x6f,0x6e,
    0x3a,0x66,0x69,0x78,0x65,0x64,0x3b,0x62,0x6f,0x74,0x74,0x6f,0x6d,0x3a,0x32,0x34,
    0x70,0x78,0x3b,0x6c,0x65,0x66,0x74,0x3a,0x35,0x30,0x25,0x3b,0x74,0x72,0x61,0x6e,
    0x73,0x66,0x6f,0x72,0x6d,0x3a,0x74,0x72,0x61,0x6e,0x73,0x6c,0x61,0x74,0x65,0x58,
    0x28,0x2d,0x35,0x30,0x25,0x29,0x20,0x74,0x72,0x61,0x6e,0x73,0x6c,0x61,0x74,0x65,
    0x59,0x28,0x38,0x30,0x70,0x78,0x29,0x3b,0x70,0x61,0x64,0x64,0x69,0x6e,0x67,0x3a,
    0x31,0x30,0x70,0x78,0x20,0x32,0x30,0x70,0x78,0x3b,0x62,0x6f,0x72,0x64,0x65,0x72,
    0x2d,0x72,0x61,0x64,0x69,0x75,0x73,0x3a,0x36,0x70,0x78,0x3b,0x66,0x6f,0x6e,0x74,
    0x2d,0x73,0x69,0x7a,0x65,0x3a,0x31,0x33,0x70,0x78,0x3b,0x66,0x6f,0x6e,0x74,0x2d,
    0x77,0x65,0x69,0x67,0x68,0x74,0x3a,0x36,0x30,0x30,0x3b,0x62,0x6f,0x78,0x2d,0x73,
    0x68,0x61,0x64,0x6f,0x77,0x3a,0x30,0x20,0x34,0x70,0x78,0x20,0x32,0x30,0x70,0x78,
    0x20,0x72,0x67,0x62,0x61,0x28,0x30,0x2c,0x30,0x2c,0x30,0x2c,0x2e,0x35,0x29,0x3b,
    0x74,0x72,0x61,0x6e,0x73,0x69,0x74,0x69,0x6f,0x6e,0x3a,0x74,0x72,0x61,0x6e,0x73,
    0x66,0x6f,0x72,0x6d,0x20,0x2e,0x32,0x35,0x73,0x2c,0x6f,0x70,0x61,0x63,0x69,0x74,
    0x79,0x20,0x2e,0x32,0x35,0x73,0x3b,0x6f,0x70,0x61,0x63,0x69,0x74,0x79,0x3a,0x30,
    0x3b,0x7a,0x2d,0x69,0x6e,0x64,0x65,0x78,0x3a,0x39,0x39,0x39,0x39,0x7d,0x0a,0x23,
    0x74,0x6f,0x61,0x73,0x74,0x2e,0x73,0x68,0x6f,0x77,0x7b,0x74,0x72,0x61,0x6e,0x73,
    0x66,0x6f,0x72,0x6d,0x3a,0x74,0x72,0x61,0x6e,0x73,0x6c,0x61,0x74,0x65,0x58,0x28,
    0x2d,0x35,0x30,0x25,0x29,0x20,0x74,0x72,0x61,0x6e,0x73,0x6c,0x61,0x74,0x65,0x59,
    0x28,0x30,0x29,0x3b,0x6f,0x70,0x61,0x63,0x69,0x74,0x79,0x3a,0x31,0x7d,0x0a,0x23,
    0x74,0x6f,0x61,0x73,0x74,0x2e,0x6f,0x6b,0x7b,0x62,0x61,0x63,0x6b,0x67,0x72,0x6f,
    0x75,0x6e,0x64,0x3a,0x23,0x31,0x61,0x33,0x61,0x32,0x65,0x3b,0x63,0x6f,0x6c,0x6f,
    0x72,0x3a,0x23,0x32,0x64,0x64,0x34,0x62,0x66,0x3b,0x62,0x6f,0x72,0x64,0x65,0x72,
    0x3a,0x31,0x70,0x78,0x20,0x73,0x6f,0x6c,0x69,0x64,0x20,0x23,0x32,0x64,0x64,0x34,
    0x62,0x66,0x34,0x34,0x7d,0x0a,0x23,0x74,0x6f,0x61,0x73,0x74,0x2e,0x77,0x61,0x72,
    0x6e,0x7b,0x62,0x61,0x63,0x6b,0x67,0x72,0x6f,0x75,0x6e,0x64,0x3a,0x23,0x32,0x61,
    0x32,0x32,0x30,0x30,0x3b,0x63,0x6f,0x6c,0x6f,0x72,0x3a,0x23,0x65,0x33,0x62,0x33,
    0x34,0x31,0x3b,0x62,0x6f,0x72,0x64,0x65,0x72,0x3a,0x31,0x70,0x78,0x20,0x73,0x6f,
    0x6c,0x69,0x64,0x20,0x23,0x65,0x33,0x62,0x33,0x34,0x31,0x34,0x34,0x7d,0x0a,0x23,
    0x74,0x6f,0x61,0x73,0x74,0x2e,0x65,0x72,0x72,0x7b,0x62,0x61,0x63,0x6b,0x67,0x72,
    0x6f,0x75,0x6e,0x64,0x3a,0x23,0x33,0x61,0x31,0x61,0x31,0x61,0x3b,0x63,0x6f,0x6c,
    0x6f,0x72,0x3a,0x23,0x66,0x38,0x37,0x31,0x37,0x31,0x3b,0x62,0x6f,0x72,0x64,0x65,
    0x72,0x3a,0x31,0x70,0x78,0x20,0x73,0x6f,0x6c,0x69,0x64,0x20,0x23,0x66,0x38,0x37,
    0x31,0x37,0x31,0x34,0x34,0x7d,0x0a,0x40,0x6d,0x65,0x64,0x69,0x61,0x28,0x6d,0x61,
    0x78,0x2d,0x77,0x69,0x64,0x74,0x68,0x3a,0x36,0x30,0x30,0x70,0x78,0x29,0x7b,0x2e,
    0x74,0x77,0x6f,0x2d,0x63,0x6f,0x6c,0x2c,0x2e,0x6b,0x70,0x69,0x2d,0x67,0x72,0x69,
    0x64,0x7b,0x67,0x72,0x69,0x64,0x2d,0x74,0x65,0x6d,0x70,0x6c,0x61,0x74,0x65,0x2d,
    0x63,0x6f,0x6c,0x75,0x6d,0x6e,0x73,0x3a,0x31,0x66,0x72,0x7d,0x2e,0x73,0x69,0x64,
    0x65,0x62,0x61,0x72,0x7b,0x77,0x69,0x64,0x74,0x68,0x3a,0x34,0x34,0x70,0x78,0x3b,
    0x6d,0x69,0x6e,0x2d,0x77,0x69,0x64,0x74,0x68,0x3a,0x34,0x34,0x70,0x78,0x7d,0x7d,
    0x0a,0x3c,0x2f,0x73,0x74,0x79,0x6c,0x65,0x3e,0x0a,0x3c,0x2f,0x68,0x65,0x61,0x64,
    0x3e,0x0a,0x3c,0x62,0x6f,0x64,0x79,0x3e,0x0a,0x3c,0x61,0x73,0x69,0x64,0x65,0x20,
    0x63,0x6c,0x61,0x73,0x73,0x3d,0x22,0x73,0x69,0x64,0x65,0x62,0x61,0x72,0x22,0x3e,
    0x0a,0x3c,0x64,0x69,0x76,0x20,0x63,0x6c,0x61,0x73,0x73,0x3d,0x22,0x73,0x69,0x64,
    0x65,0x62,0x61,0x72,0x2d,0x6c,0x6f,0x67,0x6f,0x22,0x3e,0x3c,0x73,0x76,0x67,0x20,
    0x77,0x69,0x64,0x74,0x68,0x3d,0x22,0x32,0x36,0x22,0x20,0x68,0x65,0x69,0x67,0x68,
    0x74,0x3d,0x22,0x32,0x36,0x22,0x20,0x76,0x69,0x65,0x77,0x42,0x6f,0x78,0x3d,0x22,
    0x30,0x20,0x30,0x20,0x32,0x34,0x20,0x32,0x34,0x22,0x20,0x66,0x69,0x6c,0x6c,0x3d,
    0x22,0x6e,0x6f,0x6e,0x65,0x22,0x3e,0x3c,0x70,0x6f,0x6c,0x79,0x67,0x6f,0x6e,0x20,
    0x70,0x6f,0x69,0x6e,0x74,0x73,0x3d,0x22,0x31,0x32,0x2c,0x32,0x20,0x31,0x35,0x2e,
    0x35,0x2c,0x38,0x2e,0x35,0x20,0x32,0x32,0x2c,0x39,0x2e,0x35,0x20,0x31,0x37,0x2c,
    0x31,0x34,0x2e,0x35,0x20,0x31,0x38,0x2e,0x35,0x2c,0x32,0x31,0x20,0x31,0x32,0x2c,
    0x31,0x37,0x2e,0x35,0x20,0x35,0x2e,0x35,0x2c,0x32,0x31,0x20,0x37,0x2c,0x31,0x34,
    0x2e,0x35,0x20,0x32,0x2c,0x39,0x2e,0x35,0x20,0x38,0x2e,0x35,0x2c,0x38,0x2e,0x35,
    0x22,0x20,0x73,0x74,0x72,0x6f,0x6b,0x65,0x3d,0x22,0x23,0x32,0x64,0x64,0x34,0x62,
    0x66,0x22,0x20,0x73,0x74,0x72,0x6f,0x6b,0x65,0x2d,0x77,0x69,0x64,0x74,0x68,0x3d,
    0x22,0x31,0x2e,0x35,0x22,0x20,0x66,0x69,0x6c,0x6c,0x3d,0x22,0x72,0x67,0x62,0x61,
    0x28,0x34,0x35,0x2c,0x32,0x31,0x32,0x2c,0x31,0x39,0x31,0x2c,0x30,0x2e,0x31,0x29,
    0x22,0x2f,0x3e,0x3c,0x2f,0x73,0x76,0x67,0x3e,0x3c,0x2f,0x64,0x69,0x76,0x3e,0x0a,
    0x3c,0x61,0x20,0x68,0x72,0x65,0x66,0x3d,0x22,0x2f,0x22,0x20,0x74,0x69,0x74,0x6c,
    0x65,0x3d,0x22,0x44,0x61,0x73,0x68,0x62,0x6f,0x61,0x72,0x64,0x22,0x3e,0x3c,0x73,
    0x76,0x67,0x20,0x77,0x69,0x64,0x74,0x68,0x3d,0x22,0x31,0x37,0x22,0x20,0x68,0x65,
    0x69,0x67,0x68,0x74,0x3d,0x22,0x31,0x37,0x22,0x20,0x76,0x69,0x65,0x77,0x42,0x6f,
    0x78,0x3d,0x22,0x30,0x20,0x30,0x20,0x32,0x34,0x20,0x32,0x34,0x22,0x20,0x66,0x69,
    0x6c,0x6c,0x3d,0x22,0x6e,0x6f,0x6e,0x65,0x22,0x20,0x73,0x74,0x72,0x6f,0x6b,0x65,
    0x3d,0x22,0x63,0x75,0x72,0x72,0x65,0x6e,0x74,0x43,0x6f,0x6c,0x6f,0x72,0x22,0x20,
    0x73,0x74,0x72,0x6f,0x6b,0x65,0x2d,0x77,0x69,0x64,0x74,0x68,0x3d,0x22,0x31,0x2e,
    0x39,0x22,0x20,0x73,0x74,0x72,0x6f,0x6b,0x65,0x2d,0x6c,0x69,0x6e,0x65,0x63,0x61,
    0x70,0x3d,0x22,0x72,0x6f,0x75,0x6e,0x64,0x22,0x20,0x73,0x74,0x72,0x6f,0x6b,0x65,
    0x2d,0x6c,0x69,0x6e,0x65,0x6a,0x6f,0x69,0x6e,0x3d,0x22,0x72,0x6f,0x75,0x6e,0x64,
    0x22,0x3e,0x3c,0x70,0x61,0x74,0x68,0x20,0x64,0x3d,0x22,0x4d,0x33,0x20,0x31,0x32,
    0x6c,0x32,0x2d,0x32,0x6d,0x30,0x20,0x30,0x6c,0x37,0x2d,0x37,0x20,0x37,0x20,0x37,
    0x4d,0x35,0x20,0x31,0x30,0x76,0x31,0x30,0x61,0x31,0x20,0x31,0x20,0x30,0x20,0x30,
    0x30,0x31,0x20,0x31,0x68,0x33,0x6d,0x31,0x30,0x2d,0x31,0x31,0x6c,0x32,0x20,0x32,
    0x6d,0x2d,0x32,0x2d,0x32,0x76,0x31,0x30,0x61,0x31,0x20,0x31,0x20,0x30,0x20,0x30,
    0x31,0x2d,0x31,0x20,0x31,0x68,0x2d,0x33,0x6d,0x2d,0x36,0x20,0x30,0x61,0x31,0x20,
    0x31,0x20,0x30,0x20,0x30,0x30,0x31,0x2d,0x31,0x76,0x2d,0x34,0x61,0x31,0x20,0x31,
    0x20,0x30,0x20,0x30,0x31,0x31,0x2d,0x31,0x68,0x32,0x61,0x31,0x20,0x31,0x20,0x30,
    0x20,0x30,0x31,0x31,0x20,0x31,0x76,0x34,0x61,0x31,0x20,0x31,0x20,0x30,0x20,0x30,
    0x30,0x31,0x20,0x31,0x6d,0x2d,0x36,0x20,0x30,0x68,0x36,0x22,0x2f,0x3e,0x3c,0x2f,
    0x73,0x76,0x67,0x3e,0x3c,0x2f,0x61,0x3e,0x3c,0x61,0x20,0x68,0x72,0x65,0x66,0x3d,
    0x22,0x2f,0x63,0x6f,0x6e,0x66,0x69,0x67,0x22,0x20,0x63,0x6c,0x61,0x73,0x73,0x3d,
    0x22,0x61,0x63,0x74,0x22,0x20,0x74,0x69,0x74,0x6c,0x65,0x3d,0x22,0x43,0x6f,0x6e,
    0x66,0x69,0x67,0x22,0x3e,0x3c,0x73,0x76,0x67,0x20,0x77,0x69,0x64,0x74,0x68,0x3d,
    0x22,0x31,0x37,0x22,0x20,0x68,0x65,0x69,0x67,0x68,0x74,0x3d,0x22,0x31,0x37,0x22,
    0x20,0x76,0x69,0x65,0x77,0x42,0x6f,0x78,0x3d,0x22,0x30,0x20,0x30,0x20,0x32,0x34,
    0x20,0x32,0x34,0x22,0x20,0x66,0x69,0x6c,0x6c,0x3d,0x22,0x6e,0x6f,0x6e,0x65,0x22,
    0x20,0x73,0x74,0x72,0x6f,0x6b,0x65,0x3d,0x22,0x63,0x75,0x72,0x72,0x65,0x6e,0x74,
    0x43,0x6f,0x6c,0x6f,0x72,0x22,0x20,0x73,0x74,0x72,0x6f,0x6b,0x65,0x2d,0x77,0x69,
    0x64,0x74,0x68,0x3d,0x22,0x31,0x2e,0x39,0x22,0x20,0x73,0x74,0x72,0x6f,0x6b,0x65,
    0x2d,0x6c,0x69,0x6e,0x65,0x63,0x61,0x70,0x3d,0x22,0x72,0x6f,0x75,0x6e,0x64,0x22,
    0x20,0x73,0x74,0x72,0x6f,0x6b,0x65,0x2d,0x6c,0x69,0x6e,0x65,0x6a,0x6f,0x69,0x6e,
    0x3d,0x22,0x72,0x6f,0x75,0x6e,0x64,0x22,0x3e,0x3c,0x70,0x61,0x74,0x68,0x20,0x64,
    0x3d,0x22,0x4d,0x31,0x32,0x20,0x31,0x35,0x61,0x33,0x20,0x33,0x20,0x30,0x20,0x31,
    0x30,0x30,0x2d,0x36,0x20,0x33,0x20,0x33,0x20,0x30,0x20,0x30,0x30,0x30,0x20,0x36,
    0x7a,0x20,0x4d,0x31,0x39,0x2e,0x34,0x20,0x31,0x35,0x61,0x31,0x2e,0x36,0x35,0x20,
    0x31,0x2e,0x36,0x35,0x20,0x30,0x20,0x30,0x30,0x2e,0x33,0x33,0x20,0x31,0x2e,0x38,
    0x32,0x6c,0x2e,0x30,0x36,0x2e,0x30,0x36,0x61,0x32,0x20,0x32,0x20,0x30,0x20,0x30,
    0x31,0x30,0x20,0x32,0x2e,0x38,0x33,0x20,0x32,0x20,0x32,0x20,0x30,0x20,0x30,0x31,
    0x2d,0x32,0x2e,0x38,0x33,0x20,0x30,0x6c,0x2d,0x2e,0x30,0x36,0x2d,0x2e,0x30,0x36,
    0x61,0x31,0x2e,0x36,0x35,0x20,0x31,0x2e,0x36,0x35,0x20,0x30,0x20,0x30,0x30,0x2d,
    0x31,0x2e,0x38,0x32,0x2d,0x2e,0x33,0x33,0x20,0x31,0x2e,0x36,0x35,0x20,0x31,0x2e,
    0x36,0x35,0x20,0x30,0x20,0x30,0x30,0x2d,0x31,0x20,0x31,0x2e,0x35,0x31,0x56,0x32,
    0x31,0x61,0x32,0x20,0x32,0x20,0x30,0x20,0x30,0x31,0x2d,0x34,0x20,0x30,0x76,0x2d,
    0x2e,0x30,0x39,0x41,0x31,0x2e,0x36,0x35,0x20,0x31,0x2e,0x36,0x35,0x20,0x30,0x20,
    0x30,0x30,0x39,0x20,0x31,0x39,0x2e,0x34,0x61,0x31,0x2e,0x36,0x35,0x20,0x31,0x2e,
    0x36,0x35,0x20,0x30,0x20,0x30,0x30,0x2d,0x31,0x2e,0x38,0x32,0x2e,0x33,0x33,0x6c,
    0x2d,0x2e,0x30,0x36,0x2e,0x30,0x36,0x61,0x32,0x20,0x32,0x20,0x30,0x20,0x30,0x31,
    0x2d,0x32,0x2e,0x38,0x33,0x2d,0x32,0x2e,0x38,0x33,0x6c,0x2e,0x30,0x36,0x2d,0x2e,
    0x30,0x36,0x41,0x31,0x2e,0x36,0x35,0x20,0x31,0x2e,0x36,0x35,0x20,0x30,0x20,0x30,
    0x30,0x34,0x2e,0x36,0x38,0x20,0x31,0x35,0x61,0x31,0x2e,0x36,0x35,0x20,0x31,0x2e,
    0x36,0x35,0x20,0x30,0x20,0x30,0x30,0x2d,0x31,0x2e,0x35,0x31,0x2d,0x31,0x48,0x33,
    0x61,0x32,0x20,0x32,0x20,0x30,0x20,0x30,0x31,0x30,0x2d,0x34,0x68,0x2e,0x30,0x39,
    0x41,0x31,0x2e,0x36,0x35,0x20,0x31,0x2e,0x36,0x35,0x20,0x30,0x20,0x30,0x30,0x34,
    0x2e,0x36,0x20,0x39,0x61,0x31,0x2e,0x36,0x35,0x20,0x31,0x2e,0x36,0x35,0x20,0x30,
    0x20,0x30,0x30,0x2d,0x2e,0x33,0x33,0x2d,0x31,0x2e,0x38,0x32,0x6c,0x2d,0x2e,0x30,
    0x36,0x2d,0x2e,0x30,0x36,0x61,0x32,0x20,0x32,0x20,0x30,0x20,0x30,0x31,0x32,0x2e,
    0x38,0x33,0x2d,0x32,0x2e,0x38,0x33,0x6c,0x2e,0x30,0x36,0x2e,0x30,0x36,0x41,0x31,
    0x2e,0x36,0x35,0x20,0x31,0x2e,0x36,0x35,0x20,0x30,0x20,0x30,0x30,0x39,0x20,0x34,
    0x2e,0x36,0x38,0x61,0x31,0x2e,0x36,0x35,0x20,0x31,0x2e,0x36,0x35,0x20,0x30,0x20,
    0x30,0x30,0x31,0x2d,0x31,0x2e,0x35,0x31,0x56,0x33,0x61,0x32,0x20,0x32,0x20,0x30,
    0x20,0x30,0x31,0x34,0x20,0x30,0x76,0x2e,0x30,0x39,0x61,0x31,0x2e,0x36,0x35,0x20,
    0x31,0x2e,0x36,0x35,0x20,0x30,0x20,0x30,0x30,0x31,0x20,0x31,0x2e,0x35,0x31,0x20,
    0x31,0x2e,0x36,0x35,0x20,0x31,0x2e,0x36,0x35,0x20,0x30,0x20,0x30,0x30,0x31,0x2e,
    0x38,0x32,0x2d,0x2e,0x33,0x33,0x6c,0x2e,0x30,0x36,0x2d,0x2e,0x30,0x36,0x61,0x32,
    0x20,0x32,0x20,0x30,0x20,0x30,0x31,0x32,0x2e,0x38,0x33,0x20,0x32,0x2e,0x38,0x33,
    0x6c,0x2d,0x2e,0x30,0x36,0x2e,0x30,0x36,0x41,0x31,0x2e,0x36,0x35,0x20,0x31,0x2e,
    0x36,0x35,0x20,0x30,0x20,0x30,0x30,0x31,0x39,0x2e,0x34,0x20,0x39,0x61,0x31,0x2e,
    0x36,0x35,0x20,0x31,0x2e,0x36,0x35,0x20,0x30,0x20,0x30,0x30,0x31,0x2e,0x35,0x31,
    0x20,0x31,0x48,0x32,0x31,0x61,0x32,0x20,0x32,0x20,0x30,0x20,0x30,0x31,0x30,0x20,
    0x34,0x68,0x2d,0x2e,0x30,0x39,0x61,0x31,0x2e,0x36,0x35,0x20,0x31,0x2e,0x36,0x35,
    0x20,0x30,0x20,0x30,0x30,0x2d,0x31,0x2e,0x35,0x31,0x20,0x31,0x7a,0x22,0x2f,0x3e,
    0x3c,0x2f,0x73,0x76,0x67,0x3e,0x3c,0x2f,0x61,0x3e,0x3c,0x61,0x20,0x68,0x72,0x65,
    0x66,0x3d,0x22,0x2f,0x6c,0x6f,0x67,0x73,0x22,0x20,0x74,0x69,0x74,0x6c,0x65,0x3d,
    0x22,0x4c,0x6f,0x67,0x73,0x22,0x3e,0x3c,0x73,0x76,0x67,0x20,0x77,0x69,0x64,0x74,
    0x68,0x3d,0x22,0x31,0x37,0x22,0x20,0x68,0x65,0x69,0x67,0x68,0x74,0x3d,0x22,0x31,
    0x37,0x22,0x20,0x76,0x69,0x65,0x77,0x42,0x6f,0x78,0x3d,0x22,0x30,0x20,0x30,0x20,
    0x32,0x34,0x20,0x32,0x34,0x22,0x20,0x66,0x69,0x6c,0x6c,0x3d,0x22,0x6e,0x6f,0x6e,
    0x65,0x22,0x20,0x73,0x74,0x72,0x6f,0x6b,0x65,0x3d,0x22,0x63,0x75,0x72,0x72,0x65,
    0x6e,0x74,0x43,0x6f,0x6c,0x6f,0x72,0x22,0x20,0x73,0x74,0x72,0x6f,0x6b,0x65,0x2d,
    0x77,0x69,0x64,0x74,0x68,0x3d,0x22,0x31,0x2e,0x39,0x22,0x20,0x73,0x74,0x72,0x6f,
    0x6b,0x65,0x2d,0x6c,0x69,0x6e,0x65,0x63,0x61,0x70,0x3d,0x22,0x72,0x6f,0x75,0x6e,
    0x64,0x22,0x20,0x73,0x74,0x72,0x6f,0x6b,0x65,0x2d,0x6c,0x69,0x6e,0x65,0x6a,0x6f,
    0x69,0x6e,0x3d,0x22,0x72,0x6f,0x75,0x6e,0x64,0x22,0x3e,0x3c,0x70,0x61,0x74,0x68,
    0x20,0x64,0x3d,0x22,0x4d,0x39,0x20,0x35,0x48,0x37,0x61,0x32,0x20,0x32,0x20,0x30,
    0x20,0x30,0x30,0x2d,0x32,0x20,0x32,0x76,0x31,0x32,0x61,0x32,0x20,0x32,0x20,0x30,
    0x20,0x30,0x30,0x32,0x20,0x32,0x68,0x31,0x30,0x61,0x32,0x20,0x32,0x20,0x30,0x20,
    0x30,0x30,0x32,0x2d,0x32,0x56,0x37,0x61,0x32,0x20,0x32,0x20,0x30,0x20,0x30,0x30,
    0x2d,0x32,0x2d,0x32,0x68,0x2d,0x32,0x4d,0x39,0x20,0x35,0x61,0x32,0x20,0x32,0x20,
    0x30,0x20,0x30,0x30,0x32,0x20,0x32,0x68,0x32,0x61,0x32,0x20,0x32,0x20,0x30,0x20,
    0x30,0x30,0x32,0x2d,0x32,0x4d,0x39,0x20,0x35,0x61,0x32,0x20,0x32,0x20,0x30,0x20,
    0x30,0x31,0x32,0x2d,0x32,0x68,0x32,0x61,0x32,0x20,0x32,0x20,0x30,0x20,0x30,0x31,
    0x32,0x20,0x32,0x4d,0x39,0x20,0x31,0x32,0x68,0x36,0x4d,0x39,0x20,0x31,0x36,0x68,
    0x34,0x22,0x2f,0x3e,0x3c,0x2f,0x73,0x76,0x67,0x3e,0x3c,0x2f,0x61,0x3e,0x3c,0x61,
    0x20,0x68,0x72,0x65,0x66,0x3d,0x22,0x2f,0x66,0x69,0x6c,0x65,0x73,0x22,0x20,0x74,
    0x69,0x74,0x6c,0x65,0x3d,0x22,0x46,0x69,0x6c,0x65,0x73,0x22,0x3e,0x3c,0x73,0x76,
    0x67,0x20,0x77,0x69,0x64,0x74,0x68,0x3d,0x22,0x31,0x37,0x22,0x20,0x68,0x65,0x69,
    0x67,0x68,0x74,0x3d,0x22,0x31,0x37,0x22,0x20,0x76,0x69,0x65,0x77,0x42,0x6f,0x78,
    0x3d,0x22,0x30,0x20,0x30,0x20,0x32,0x34,0x20,0x32,0x34,0x22,0x20,0x66,0x69,0x6c,
    0x6c,0x3d,0x22,0x6e,0x6f,0x6e,0x65,0x22,0x20,0x73,0x74,0x72,0x6f,0x6b,0x65,0x3d,
    0x22,0x63,0x75,0x72,0x72,0x65,0x6e,0x74,0x43,0x6f,0x6c,0x6f,0x72,0x22,0x20,0x73,
    0x74,0x72,0x6f,0x6b,0x65,0x2d,0x77,0x69,0x64,0x74,0x68,0x3d,0x22,0x31,0x2e,0x39,
    0x22,0x20,0x73,0x74,0x72,0x6f,0x6b,0x65,0x2d,0x6c,0x69,0x6e,0x65,0x63,0x61,0x70,
    0x3d,0x22,0x72,0x6f,0x75,0x6e,0x64,0x22,0x20,0x73,0x74,0x72,0x6f,0x6b,0x65,0x2d,
    0x6c,0x69,0x6e,0x65,0x6a,0x6f,0x69,0x6e,0x3d,0x22,0x72,0x6f,0x75,0x6e,0x64,0x22,
    0x3e,0x3c,0x70,0x61,0x74,0x68,0x20,0x64,0x3d,0x22,0x4d,0x33,0x20,0x37,0x76,0x31,
    0x30,0x61,0x32,0x20,0x32,0x20,0x30,0x20,0x30,0x30,0x32,0x20,0x32,0x68,0x31,0x34,
    0x61,0x32,0x20,0x32,0x20,0x30,0x20,0x30,0x30,0x32,0x2d,0x32,0x56,0x39,0x61,0x32,
    0x20,0x32,0x20,0x30,0x20,0x30,0x30,0x2d,0x32,0x2d,0x32,0x68,0x2d,0x36,0x6c,0x2d,
    0x32,0x2d,0x32,0x48,0x35,0x61,0x32,0x20,0x32,0x20,0x30,0x20,0x30,0x30,0x2d,0x32,
    0x20,0x32,0x7a,0x22,0x2f,0x3e,0x3c,0x2f,0x73,0x76,0x67,0x3e,0x3c,0x2f,0x61,0x3e,
    0x0a,0x3c,0x64,0x69,0x76,0x20,0x63,0x6c,0x61,0x73,0x73,0x3d,0x22,0x73,0x69,0x64,
    0x65,0x62,0x61,0x72,0x2d,0x73,0x70,0x61,0x63,0x65,0x72,0x22,0x3e,0x3c,0x2f,0x64,
    0x69,0x76,0x3e,0x0a,0x3c,0x73,0x70,0x61,0x6e,0x20,0x63,0x6c,0x61,0x73,0x73,0x3d,
    0x22,0x73,0x69,0x64,0x65,0x62,0x61,0x72,0x2d,0x76,0x65,0x72,0x22,0x3e,0x76,0x32,
    0x3c,0x2f,0x73,0x70,0x61,0x6e,0x3e,0x0a,0x3c,0x2f,0x61,0x73,0x69,0x64,0x65,0x3e,
    0x0a,0x3c,0x64,0x69,0x76,0x20,0x63,0x6c,0x61,0x73,0x73,0x3d,0x22,0x77,0x72,0x61,
    0x70,0x22,0x3e,0x0a,0x3c,0x64,0x69,0x76,0x20,0x63,0x6c,0x61,0x73,0x73,0x3d,0x22,
    0x74,0x6f,0x70,0x62,0x61,0x72,0x22,0x3e,0x0a,0x3c,0x73,0x70,0x61,0x6e,0x20,0x63,
    0x6c,0x61,0x73,0x73,0x3d,0x22,0x74,0x6f,0x70,0x62,0x61,0x72,0x2d,0x74,0x69,0x74,
    0x6c,0x65,0x22,0x3e,0x43,0x6f,0x6e,0x66,0x69,0x67,0x3c,0x2f,0x73,0x70,0x61,0x6e,
    0x3e,0x0a,0x3c,0x73,0x70,0x61,0x6e,0x20,0x63,0x6c,0x61,0x73,0x73,0x3d,0x22,0x74,
    0x6f,0x70,0x62,0x61,0x72,0x2d,0x69,0x70,0x22,0x20,0x69,0x64,0x3d,0x22,0x6e,0x61,
    0x76,0x2d,0x69,0x70,0x22,0x3e,0xe2,0x80,0x94,0x3c,0x2f,0x73,0x70,0x61,0x6e,0x3e,
    0x0a,0x3c,0x2f,0x64,0x69,0x76,0x3e,0x0a,0x3c,0x64,0x69,0x76,0x20,0x73,0x74,0x79,
    0x6c,0x65,0x3d,0x22,0x70,0x61,0x64,0x64,0x69,0x6e,0x67,0x2d,0x62,0x6f,0x74,0x74,
    0x6f,0x6d,0x3a,0x37,0x30,0x70,0x78,0x22,0x3e,0x3c,0x64,0x65,0x74,0x61,0x69,0x6c,
    0x73,0x20,0x6f,0x70,0x65,0x6e,0x3e,0x3c,0x73,0x75,0x6d,0x6d,0x61,0x72,0x79,0x3e,
    0x41,0x3a,0x20,0xd0,0x9a,0xd0,0xb0,0xd0,0xbd,0xd0,0xb0,0xd0,0xbb,0xd1,0x8b,0x20,
    0xd0,0xbf,0xd0,0xb5,0xd1,0x80,0xd0,0xb5,0xd0,0xb4,0xd0,0xb0,0xd1,0x87,0xd0,0xb8,
    0x2c,0x20,0xd0,0xbf,0xd1,0x80,0xd0,0xb8,0xd0,0xb2,0xd0,0xb5,0xd1,0x82,0x20,0xd0,
    0x94,0xd0,0xb8,0xd0,0xbf,0xd1,0x81,0xd0,0xb8,0xd0,0xba,0x3c,0x2f,0x73,0x75,0x6d,
    0x6d,0x61,0x72,0x79,0x3e,0x3c,0x64,0x69,0x76,0x20,0x63,0x6c,0x61,0x73,0x73,0x3d,
    0x22,0x73,0x63,0x22,0x3e,0x0a,0x3c,0x64,0x69,0x76,0x20,0x63,0x6c,0x61,0x73,0x73,
    0x3d,0x22,0x72,0x22,0x3e,0x0a,0x3c,0x64,0x69,0x76,0x20,0x63,0x6c,0x61,0x73,0x73,
    0x3d,0x22,0x74,0x67,0x22,0x3e,0x3c,0x69,0x6e,0x70,0x75,0x74,0x20,0x74,0x79,0x70,
    0x65,0x3d,0x22,0x63,0x68,0x65,0x63,0x6b,0x62,0x6f,0x78,0x22,0x20,0x69,0x64,0x3d,
    0x22,0x63,0x68,0x5f,0x65,0x74,0x68,0x22,0x20,0x6f,0x6e,0x63,0x68,0x61,0x6e,0x67,
    0x65,0x3d,0x22,0x63,0x28,0x27,0x63,0x68,0x5f,0x65,0x74,0x68,0x27,0x2c,0x74,0x68,
    0x69,0x73,0x2e,0x63,0x68,0x65,0x63,0x6b,0x65,0x64,0x29,0x22,0x3e,0x3c,0x73,0x70,
    0x61,0x6e,0x3e,0x45,0x74,0x68,0x65,0x72,0x6e,0x65,0x74,0x20,0x57,0x35,0x35,0x30,
    0x30,0x3c,0x2f,0x73,0x70,0x61,0x6e,0x3e,0x3c,0x2f,0x64,0x69,0x76,0x3e,0x0a,0x3c,
    0x64,0x69,0x76,0x20,0x63,0x6c,0x61,0x73,0x73,0x3d,0x22,0x74,0x67,0x22,0x3e,0x3c,
    0x69,0x6e,0x70,0x75,0x74,0x20,0x74,0x79,0x70,0x65,0x3d,0x22,0x63,0x68,0x65,0x63,
    0x6b,0x62,0x6f,0x78,0x22,0x20,0x69,0x64,0x3d,0x22,0x63,0x68,0x5f,0x67,0x73,0x6d,
    0x22,0x20,0x6f,0x6e,0x63,0x68,0x61,0x6e,0x67,0x65,0x3d,0x22,0x63,0x28,0x27,0x63,
    0x68,0x5f,0x67,0x73,0x6d,0x27,0x2c,0x74,0x68,0x69,0x73,0x2e,0x63,0x68,0x65,0x63,
    0x6b,0x65,0x64,0x29,0x22,0x3e,0x3c,0x73,0x70,0x61,0x6e,0x3e,0x47,0x53,0x4d,0x3c,
    0x2f,0x73,0x70,0x61,0x6e,0x3e,0x3c,0x2f,0x64,0x69,0x76,0x3e,0x0a,0x3c,0x64,0x69,
    0x76,0x20,0x63,0x6c,0x61,0x73,0x73,0x3d,0x22,0x74,0x67,0x22,0x3e,0x3c,0x69,0x6e,
    0x70,0x75,0x74,0x20,0x74,0x79,0x70,0x65,0x3d,0x22,0x63,0x68,0x65,0x63,0x6b,0x62,
    0x6f,0x78,0x22,0x20,0x69,0x64,0x3d,0x22,0x63,0x68,0x5f,0x77,0x69,0x66,0x69,0x22,
    0x20,0x6f,0x6e,0x63,0x68,0x61,0x6e,0x67,0x65,0x3d,0x22,0x63,0x28,0x27,0x63,0x68,
    0x5f,0x77,0x69,0x66,0x69,0x27,0x2c,0x74,0x68,0x69,0x73,0x2e,0x63,0x68,0x65,0x63,
    0x6b,0x65,0x64,0x29,0x22,0x3e,0x3c,0x73,0x70,0x61,0x6e,0x3e,0x57,0x69,0x46,0x69,
    0x20,0x45,0x53,0x50,0x38,0x32,0x36,0x36,0x3c,0x2f,0x73,0x70,0x61,0x6e,0x3e,0x3c,
    0x2f,0x64,0x69,0x76,0x3e,0x0a,0x3c,0x64,0x69,0x76,0x20,0x63,0x6c,0x61,0x73,0x73,
    0x3d,0x22,0x74,0x67,0x22,0x3e,0x3c,0x69,0x6e,0x70,0x75,0x74,0x20,0x74,0x79,0x70,
    0x65,0x3d,0x22,0x63,0x68,0x65,0x63,0x6b,0x62,0x6f,0x78,0x22,0x20,0x69,0x64,0x3d,
    0x22,0x63,0x68,0x5f,0x69,0x72,0x69,0x64,0x69,0x75,0x6d,0x22,0x20,0x6f,0x6e,0x63,
    0x68,0x61,0x6e,0x67,0x65,0x3d,0x22,0x63,0x28,0x27,0x63,0x68,0x5f,0x69,0x72,0x69,
    0x64,0x69,0x75,0x6d,0x27,0x2c,0x74,0x68,0x69,0x73,0x2e,0x63,0x68,0x65,0x63,0x6b,
    0x65,0x64,0x29,0x22,0x3e,0x3c,0x73,0x70,0x61,0x6e,0x3e,0x49,0x72,0x69,0x64,0x69,
    0x75,0x6d,0x20,0x53,0x42,0x44,0x3c,0x2f,0x73,0x70,0x61,0x6e,0x3e,0x3c,0x2f,0x64,
    0x69,0x76,0x3e,0x0a,0x3c,0x64,0x69,0x76,0x20,0x63,0x6c,0x61,0x73,0x73,0x3d,0x22,
    0x74,0x67,0x22,0x3e,0x3c,0x69,0x6e,0x70,0x75,0x74,0x20,0x74,0x79,0x70,0x65,0x3d,
    0x22,0x63,0x68,0x65,0x63,0x6b,0x62,0x6f,0x78,0x22,0x20,0x69,0x64,0x3d,0x22,0x63,
    0x68,0x61,0x69,0x6e,0x5f,0x6d,0x6f,0x64,0x65,0x22,0x20,0x6f,0x6e,0x63,0x68,0x61,
    0x6e,0x67,0x65,0x3d,0x22,0x63,0x28,0x27,0x63,0x68,0x61,0x69,0x6e,0x5f,0x6d,0x6f,
    0x64,0x65,0x27,0x2c,0x74,0x68,0x69,0x73,0x2e,0x63,0x68,0x65,0x63,0x6b,0x65,0x64,
    0x29,0x22,0x3e,0x3c,0x73,0x70,0x61,0x6e,0x3e,0x43,0x68,0x61,0x69,0x6e,0x20,0x6d,
    0x6f,0x64,0x65,0x3c,0x2f,0x73,0x70,0x61,0x6e,0x3e,0x3c,0x2f,0x64,0x69,0x76,0x3e,
    0x0a,0x3c,0x2f,0x64,0x69,0x76,0x3e,0x0a,0x3c,0x64,0x69,0x76,0x20,0x73,0x74,0x79,
    0x6c,0x65,0x3d,0x22,0x66,0x6f,0x6e,0x74,0x2d,0x73,0x69,0x7a,0x65,0x3a,0x31,0x31,
    0x70,0x78,0x3b,0x63,0x6f,0x6c,0x6f,0x72,0x3a,0x23,0x38,0x62,0x39,0x34,0x39,0x65,
    0x3b,0x6d,0x61,0x72,0x67,0x69,0x6e,0x2d,0x62,0x6f,0x74,0x74,0x6f,0x6d,0x3a,0x34,
    0x70,0x78,0x22,0x3e,0xd0,0x9f,0xd1,0x80,0xd0,0xb8,0xd0,0xbe,0xd1,0x80,0xd0,0xb8,
    0xd1,0x82,0xd0,0xb5,0xd1,0x82,0x3a,0x3c,0x2f,0x64,0x69,0x76,0x3e,0x0a,0x3c,0x64,
    0x69,0x76,0x20,0x69,0x64,0x3d,0x22,0x63,0x6f,0x72,0x64,0x22,0x3e,0x3c,0x2f,0x64,
    0x69,0x76,0x3e,0x0a,0x3c,0x64,0x69,0x76,0x20,0x63,0x6c,0x61,0x73,0x73,0x3d,0x22,
    0x72,0x22,0x20,0x73,0x74,0x79,0x6c,0x65,0x3d,0x22,0x6d,0x61,0x72,0x67,0x69,0x6e,
    0x2d,0x74,0x6f,0x70,0x3a,0x38,0x70,0x78,0x22,0x3e,0x0a,0x3c,0x64,0x69,0x76,0x20,
    0x63,0x6c,0x61,0x73,0x73,0x3d,0x22,0x66,0x22,0x3e,0x3c,0x6c,0x61,0x62,0x65,0x6c,
    0x3e,0xd0,0xa2,0xd0,0xb0,0xd0,0xb9,0xd0,0xbc,0xd0,0xb0,0xd1,0x83,0xd1,0x82,0x20,
    0x28,0xd1,0x81,0x29,0x3c,0x2f,0x6c,0x61,0x62,0x65,0x6c,0x3e,0x3c,0x69,0x6e,0x70,
    0x75,0x74,0x20,0x74,0x79,0x70,0x65,0x3d,0x22,0x6e,0x75,0x6d,0x62,0x65,0x72,0x22,
    0x20,0x69,0x64,0x3d,0x22,0x63,0x68,0x61,0x6e,0x6e,0x65,0x6c,0x5f,0x74,0x69,0x6d,
    0x65,0x6f,0x75,0x74,0x5f,0x73,0x22,0x20,0x76,0x61,0x6c,0x75,0x65,0x3d,0x22,0x33,
    0x30,0x22,0x20,0x6f,0x6e,0x63,0x68,0x61,0x6e,0x67,0x65,0x3d,0x22,0x63,0x28,0x27,
    0x63,0x68,0x61,0x6e,0x6e,0x65,0x6c,0x5f,0x74,0x69,0x6d,0x65,0x6f,0x75,0x74,0x5f,
    0x73,0x27,0x2c,0x2b,0x74,0x68,0x69,0x73,0x2e,0x76,0x61,0x6c,0x75,0x65,0x29,0x22,
    0x3e,0x3c,0x2f,0x64,0x69,0x76,0x3e,0x0a,0x3c,0x64,0x69,0x76,0x20,0x63,0x6c,0x61,
    0x73,0x73,0x3d,0x22,0x66,0x22,0x3e,0x3c,0x6c,0x61,0x62,0x65,0x6c,0x3e,0xd0,0x9f,
    0xd0,0xbe,0xd0,0xb2,0xd1,0x82,0xd0,0xbe,0xd1,0x80,0x20,0x28,0xd1,0x81,0x29,0x3c,
    0x2f,0x6c,0x61,0x62,0x65,0x6c,0x3e,0x3c,0x69,0x6e,0x70,0x75,0x74,0x20,0x74,0x79,
    0x70,0x65,0x3d,0x22,0x6e,0x75,0x6d,0x62,0x65,0x72,0x22,0x20,0x69,0x64,0x3d,0x22,
    0x63,0x68,0x61,0x6e,0x6e,0x65,0x6c,0x5f,0x72,0x65,0x74,0x72,0x79,0x5f,0x73,0x22,
    0x20,0x76,0x61,0x6c,0x75,0x65,0x3d,0x22,0x31,0x30,0x22,0x20,0x6f,0x6e,0x63,0x68,
    0x61,0x6e,0x67,0x65,0x3d,0x22,0x63,0x28,0x27,0x63,0x68,0x61,0x6e,0x6e,0x65,0x6c,
    0x5f,0x72,0x65,0x74,0x72,0x79,0x5f,0x73,0x27,0x2c,0x2b,0x74,0x68,0x69,0x73,0x2e,
    0x76,0x61,0x6c,0x75,0x65,0x29,0x22,0x3e,0x3c,0x2f,0x64,0x69,0x76,0x3e,0x0a,0x3c,
    0x64,0x69,0x76,0x20,0x63,0x6c,0x61,0x73,0x73,0x3d,0x22,0x66,0x22,0x3e,0x3c,0x6c,
    0x61,0x62,0x65,0x6c,0x3e,0xd0,0x9c,0xd0,0xb0,0xd0,0xba,0xd1,0x81,0x20,0xd0,0xbf,
    0xd0,0xbe,0xd0,0xbf,0xd1,0x8b,0xd1,0x82,0xd0,0xbe,0xd0,0xba,0x3c,0x2f,0x6c,0x61,
    0x62,0x65,0x6c,0x3e,0x3c,0x69,0x6e,0x70,0x75,0x74,0x20,0x74,0x79,0x70,0x65,0x3d,
    0x22,0x6e,0x75,0x6d,0x62,0x65,0x72,0x22,0x20,0x69,0x64,0x3d,0x22,0x63,0x68,0x61,
    0x6e,0x6e,0x65,0x6c,0x5f,0x6d,0x61,0x78,0x5f,0x72,0x65,0x74,0x72,0x69,0x65,0x73,
    0x22,0x20,0x76,0x61,0x6c,0x75,0x65,0x3d,0x22,0x33,0x22,0x20,0x6f,0x6e,0x63,0x68,
    0x61,0x6e,0x67,0x65,0x3d,0x22,0x63,0x28,0x27,0x63,0x68,0x61,0x6e,0x6e,0x65,0x6c,
    0x5f,0x6d,0x61,0x78,0x5f,0x72,0x65,0x74,0x72,0x69,0x65,0x73,0x27,0x2c,0x2b,0x74,
    0x68,0x69,0x73,0x2e,0x76,0x61,0x6c,0x75,0x65,0x29,0x22,0x3e,0x3c,0x2f,0x64,0x69,
    0x76,0x3e,0x0a,0x3c,0x2f,0x64,0x69,0x76,0x3e,0x3c,0x2f,0x64,0x69,0x76,0x3e,0x3c,
    0x2f,0x64,0x65,0x74,0x61,0x69,0x6c,0x73,0x3e,0x0a,0x3c,0x64,0x65,0x74,0x61,0x69,
    0x6c,0x73,0x3e,0x3c,0x73,0x75,0x6d,0x6d,0x61,0x72,0x79,0x3e,0x42,0x3a,0x20,0xd0,
    0x9f,0xd1,0x80,0xd0,0xbe,0xd1,0x82,0xd0,0xbe,0xd0,0xba,0xd0,0xbe,0xd0,0xbb,0x20,
    0xd0,0xb8,0x20,0xd1,0x81,0xd0,0xb5,0xd1,0x80,0xd0,0xb2,0xd0,0xb5,0xd1,0x80,0x3c,
    0x2f,0x73,0x75,0x6d,0x6d,0x61,0x72,0x79,0x3e,0x3c,0x64,0x69,0x76,0x20,0x63,0x6c,
    0x61,0x73,0x73,0x3d,0x22,0x73,0x63,0x22,0x3e,0x0a,0x3c,0x64,0x69,0x76,0x20,0x63,
    0x6c,0x61,0x73,0x73,0x3d,0x22,0x66,0x22,0x20,0x73,0x74,0x79,0x6c,0x65,0x3d,0x22,
    0x6d,0x61,0x78,0x2d,0x77,0x69,0x64,0x74,0x68,0x3a,0x32,0x36,0x30,0x70,0x78,0x3b,
    0x6d,0x61,0x72,0x67,0x69,0x6e,0x2d,0x62,0x6f,0x74,0x74,0x6f,0x6d,0x3a,0x31,0x30,
    0x70,0x78,0x22,0x3e,0x3c,0x6c,0x61,0x62,0x65,0x6c,0x3e,0xd0,0x9f,0xd1,0x80,0xd0,
    0xbe,0xd1,0x82,0xd0,0xbe,0xd0,0xba,0xd0,0xbe,0xd0,0xbb,0x3c,0x2f,0x6c,0x61,0x62,
    0x65,0x6c,0x3e,0x0a,0x3c,0x73,0x65,0x6c,0x65,0x63,0x74,0x20,0x69,0x64,0x3d,0x22,
    0x70,0x72,0x6f,0x74,0x6f,0x22,0x20,0x6f,0x6e,0x63,0x68,0x61,0x6e,0x67,0x65,0x3d,
    0x22,0x73,0x70,0x28,0x74,0x68,0x69,0x73,0x2e,0x76,0x61,0x6c,0x75,0x65,0x29,0x22,
    0x3e,0x3c,0x6f,0x70,0x74,0x69,0x6f,0x6e,0x20,0x76,0x61,0x6c,0x75,0x65,0x3d,0x22,
    0x68,0x74,0x74,0x70,0x73,0x5f,0x74,0x62,0x22,0x3e,0x48,0x54,0x54,0x50,0x53,0x20,
    0x54,0x68,0x69,0x6e,0x67,0x73,0x42,0x6f,0x61,0x72,0x64,0x3c,0x2f,0x6f,0x70,0x74,
    0x69,0x6f,0x6e,0x3e,0x3c,0x6f,0x70,0x74,0x69,0x6f,0x6e,0x20,0x76,0x61,0x6c,0x75,
    0x65,0x3d,0x22,0x6d,0x71,0x74,0x74,0x5f,0x67,0x65,0x6e,0x22,0x3e,0x4d,0x51,0x54,
    0x54,0x20,0x28,0x47,0x65,0x6e,0x65,0x72,0x69,0x63,0x29,0x3c,0x2f,0x6f,0x70,0x74,
    0x69,0x6f,0x6e,0x3e,0x3c,0x6f,0x70,0x74,0x69,0x6f,0x6e,0x20,0x76,0x61,0x6c,0x75,
    0x65,0x3d,0x22,0x6d,0x71,0x74,0x74,0x5f,0x74,0x62,0x22,0x3e,0x4d,0x51,0x54,0x54,
    0x20,0x54,0x68,0x69,0x6e,0x67,0x73,0x42,0x6f,0x61,0x72,0x64,0x3c,0x2f,0x6f,0x70,
    0x74,0x69,0x6f,0x6e,0x3e,0x3c,0x6f,0x70,0x74,0x69,0x6f,0x6e,0x20,0x76,0x61,0x6c,
    0x75,0x65,0x3d,0x22,0x77,0x65,0x62,0x68,0x6f,0x6f,0x6b,0x22,0x3e,0x48,0x54,0x54,
    0x50,0x20,0x57,0x65,0x62,0x68,0x6f,0x6f,0x6b,0x3c,0x2f,0x6f,0x70,0x74,0x69,0x6f,
    0x6e,0x3e,0x3c,0x2f,0x73,0x65,0x6c,0x65,0x63,0x74,0x3e,0x3c,0x2f,0x64,0x69,0x76,
    0x3e,0x0a,0x3c,0x64,0x69,0x76,0x20,0x69,0x64,0x3d,0x22,0x67,0x5f,0x74,0x62,0x22,
    0x3e,0x3c,0x64,0x69,0x76,0x20,0x63,0x6c,0x61,0x73,0x73,0x3d,0x22,0x72,0x22,0x3e,
    0x3c,0x64,0x69,0x76,0x20,0x63,0x6c,0x61,0x73,0x73,0x3d,0x22,0x66,0x22,0x3e,0x3c,
    0x6c,0x61,0x62,0x65,0x6c,0x3e,0xd0,0xa5,0xd0,0xbe,0xd1,0x81,0xd1,0x82,0x20,0x54,
    0x42,0x3c,0x2f,0x6c,0x61,0x62,0x65,0x6c,0x3e,0x3c,0x69,0x6e,0x70,0x75,0x74,0x20,
    0x74,0x79,0x70,0x65,0x3d,0x22,0x74,0x65,0x78,0x74,0x22,0x20,0x69,0x64,0x3d,0x22,
    0x74,0x62,0x5f,0x68,0x6f,0x73,0x74,0x22,0x20,0x6f,0x6e,0x63,0x68,0x61,0x6e,0x67,
    0x65,0x3d,0x22,0x63,0x28,0x27,0x74,0x62,0x5f,0x68,0x6f,0x73,0x74,0x27,0x2c,0x74,
    0x68,0x69,0x73,0x2e,0x76,0x61,0x6c,0x75,0x65,0x29,0x22,0x3e,0x3c,0x2f,0x64,0x69,
    0x76,0x3e,0x3c,0x64,0x69,0x76,0x20,0x63,0x6c,0x61,0x73,0x73,0x3d,0x22,0x66,0x22,
    0x3e,0x3c,0x6c,0x61,0x62,0x65,0x6c,0x3e,0xd0,0xa2,0xd0,0xbe,0xd0,0xba,0xd0,0xb5,
    0xd0,0xbd,0x3c,0x2f,0x6c,0x61,0x62,0x65,0x6c,0x3e,0x3c,0x69,0x6e,0x70,0x75,0x74,
    0x20,0x74,0x79,0x70,0x65,0x3d,0x22,0x74,0x65,0x78,0x74,0x22,0x20,0x69,0x64,0x3d,
    0x22,0x74,0x62,0x5f,0x74,0x6f,0x6b,0x65,0x6e,0x22,0x20,0x6f,0x6e,0x63,0x68,0x61,
    0x6e,0x67,0x65,0x3d,0x22,0x63,0x28,0x27,0x74,0x62,0x5f,0x74,0x6f,0x6b,0x65,0x6e,
    0x27,0x2c,0x74,0x68,0x69,0x73,0x2e,0x76,0x61,0x6c,0x75,0x65,0x29,0x22,0x3e,0x3c,
    0x2f,0x64,0x69,0x76,0x3e,0x3c,0x64,0x69,0x76,0x20,0x63,0x6c,0x61,0x73,0x73,0x3d,
    0x22,0x66,0x22,0x20,0x73,0x74,0x79,0x6c,0x65,0x3d,0x22,0x6d,0x61,0x78,0x2d,0x77,
    0x69,0x64,0x74,0x68,0x3a,0x39,0x30,0x70,0x78,0x22,0x3e,0x3c,0x6c,0x61,0x62,0x65,
    0x6c,0x3e,0xd0,0x9f,0xd0,0xbe,0xd1,0x80,0xd1,0x82,0x3c,0x2f,0x6c,0x61,0x62,0x65,
    0x6c,0x3e,0x3c,0x69,0x6e,0x70,0x75,0x74,0x20,0x74,0x79,0x70,0x65,0x3d,0x22,0x6e,
    0x75,0x6d,0x62,0x65,0x72,0x22,0x20,0x69,0x64,0x3d,0x22,0x74,0x62,0x5f,0x70,0x6f,
    0x72,0x74,0x22,0x20,0x76,0x61,0x6c,0x75,0x65,0x3d,0x22,0x34,0x34,0x33,0x22,0x20,
    0x6f,0x6e,0x63,0x68,0x61,0x6e,0x67,0x65,0x3d,0x22,0x63,0x28,0x27,0x74,0x62,0x5f,
    0x70,0x6f,0x72,0x74,0x27,0x2c,0x2b,0x74,0x68,0x69,0x73,0x2e,0x76,0x61,0x6c,0x75,
    0x65,0x29,0x22,0x3e,0x3c,0x2f,0x64,0x69,0x76,0x3e,0x3c,0x2f,0x64,0x69,0x76,0x3e,
    0x3c,0x2f,0x64,0x69,0x76,0x3e,0x0a,0x3c,0x64,0x69,0x76,0x20,0x69,0x64,0x3d,0x22,
    0x67,0x5f,0x6d,0x71,0x74,0x74,0x22,0x20,0x73,0x74,0x79,0x6c,0x65,0x3d,0x22,0x64,
    0x69,0x73,0x70,0x6c,0x61,0x79,0x3a,0x6e,0x6f,0x6e,0x65,0x22,0x3e,0x3c,0x64,0x69,
    0x76,0x20,0x63,0x6c,0x61,0x73,0x73,0x3d,0x22,0x72,0x22,0x3e,0x3c,0x64,0x69,0x76,
    0x20,0x63,0x6c,0x61,0x73,0x73,0x3d,0x22,0x66,0x22,0x3e,0x3c,0x6c,0x61,0x62,0x65,
    0x6c,0x3e,0x4d,0x51,0x54,0x54,0x20,0xd0,0xa5,0xd0,0xbe,0xd1,0x81,0xd1,0x82,0x3c,
    0x2f,0x6c,0x61,0x62,0x65,0x6c,0x3e,0x3c,0x69,0x6e,0x70,0x75,0x74,0x20,0x74,0x79,
    0x70,0x65,0x3d,0x22,0x74,0x65,0x78,0x74,0x22,0x20,0x69,0x64,0x3d,0x22,0x6d,0x71,
    0x74,0x74,0x5f,0x68,0x6f,0x73,0x74,0x22,0x20,0x6f,0x6e,0x63,0x68,0x61,0x6e,0x67,
    0x65,0x3d,0x22,0x63,0x28,0x27,0x6d,0x71,0x74,0x74,0x5f,0x68,0x6f,0x73,0x74,0x27,
    0x2c,0x74,0x68,0x69,0x73,0x2e,0x76,0x61,0x6c,0x75,0x65,0x29,0x22,0x3e,0x3c,0x2f,
    0x64,0x69,0x76,0x3e,0x3c,0x64,0x69,0x76,0x20,0x63,0x6c,0x61,0x73,0x73,0x3d,0x22,
    0x66,0x22,0x20,0x73,0x74,0x79,0x6c,0x65,0x3d,0x22,0x6d,0x61,0x78,0x2d,0x77,0x69,
    0x64,0x74,0x68,0x3a,0x39,0x30,0x70,0x78,0x22,0x3e,0x3c,0x6c,0x61,0x62,0x65,0x6c,
    0x3e,0xd0,0x9f,0xd0,0xbe,0xd1,0x80,0xd1,0x82,0x3c,0x2f,0x6c,0x61,0x62,0x65,0x6c,
    0x3e,0x3c,0x69,0x6e,0x70,0x75,0x74,0x20,0x74,0x79,0x70,0x65,0x3d,0x22,0x6e,0x75,
    0x6d,0x62,0x65,0x72,0x22,0x20,0x69,0x64,0x3d,0x22,0x6d,0x71,0x74,0x74,0x5f,0x70,
    0x6f,0x72,0x74,0x22,0x20,0x76,0x61,0x6c,0x75,0x65,0x3d,0x22,0x31,0x38,0x38,0x33,
    0x22,0x20,0x6f,0x6e,0x63,0x68,0x61,0x6e,0x67,0x65,0x3d,0x22,0x63,0x28,0x27,0x6d,
    0x71,0x74,0x74,0x5f,0x70,0x6f,0x72,0x74,0x27,0x2c,0x2b,0x74,0x68,0x69,0x73,0x2e,
    0x76,0x61,0x6c,0x75,0x65,0x29,0x22,0x3e,0x3c,0x2f,0x64,0x69,0x76,0x3e,0x3c,0x2f,
    0x64,0x69,0x76,0x3e,0x0a,0x3c,0x64,0x69,0x76,0x20,0x63,0x6c,0x61,0x73,0x73,0x3d,
    0x22,0x72,0x22,0x3e,0x3c,0x64,0x69,0x76,0x20,0x63,0x6c,0x61,0x73,0x73,0x3d,0x22,
    0x66,0x22,0x3e,0x3c,0x6c,0x61,0x62,0x65,0x6c,0x3e,0xd0,0x9f,0xd0,0xbe,0xd0,0xbb,
    0xd1,0x8c,0xd0,0xb7,0xd0,0xbe,0xd0,0xb2,0xd0,0xb0,0xd1,0x82,0xd0,0xb5,0xd0,0xbb,
    0xd1,0x8c,0x3c,0x2f,0x6c,0x61,0x62,0x65,0x6c,0x3e,0x3c,0x69,0x6e,0x70,0x75,0x74,
    0x20,0x74,0x79,0x70,0x65,0x3d,0x22,0x74,0x65,0x78,0x74,0x22,0x20,0x69,0x64,0x3d,
    0x22,0x6d,0x71,0x74,0x74,0x5f,0x75,0x73,0x65,0x72,0x22,0x20,0x6f,0x6e,0x63,0x68,
    0x61,0x6e,0x67,0x65,0x3d,0x22,0x63,0x28,0x27,0x6d,0x71,0x74,0x74,0x5f,0x75,0x73,
    0x65,0x72,0x27,0x2c,0x74,0x68,0x69,0x73,0x2e,0x76,0x61,0x6c,0x75,0x65,0x29,0x22,
    0x3e,0x3c,0x2f,0x64,0x69,0x76,0x3e,0x3c,0x64,0x69,0x76,0x20,0x63,0x6c,0x61,0x73,
    0x73,0x3d,0x22,0x66,0x22,0x3e,0x3c,0x6c,0x61,0x62,0x65,0x6c,0x3e,0xd0,0x9f,0xd0,
    0xb0,0xd1,0x80,0xd0,0xbe,0xd0,0xbb,0xd1,0x8c,0x3c,0x2f,0x6c,0x61,0x62,0x65,0x6c,
    0x3e,0x3c,0x69,0x6e,0x70,0x75,0x74,0x20,0x74,0x79,0x70,0x65,0x3d,0x22,0x70,0x61,
    0x73,0x73,0x77,0x6f,0x72,0x64,0x22,0x20,0x69,0x64,0x3d,0x22,0x6d,0x71,0x74,0x74,
    0x5f,0x70,0x61,0x73,0x73,0x22,0x20,0x6f,0x6e,0x63,0x68,0x61,0x6e,0x67,0x65,0x3d,
    0x22,0x63,0x28,0x27,0x6d,0x71,0x74,0x74,0x5f,0x70,0x61,0x73,0x73,0x27,0x2c,0x74,
    0x68,0x69,0x73,0x2e,0x76,0x61,0x6c,0x75,0x65,0x29,0x22,0x3e,0x3c,0x2f,0x64,0x69,
    0x76,0x3e,0x3c,0x2f,0x64,0x69,0x76,0x3e,0x0a,0x3c,0x64,0x69,0x76,0x20,0x63,0x6c,
    0x61,0x73,0x73,0x3d,0x22,0x72,0x22,0x3e,0x3c,0x64,0x69,0x76,0x20,0x63,0x6c,0x61,
    0x73,0x73,0x3d,0x22,0x66,0x22,0x3e,0x3c,0x6c,0x61,0x62,0x65,0x6c,0x3e,0xd0,0xa2,
    0xd0,0xbe,0xd0,0xbf,0xd0,0xb8,0xd0,0xba,0x3c,0x2f,0x6c,0x61,0x62,0x65,0x6c,0x3e,
    0x3c,0x69,0x6e,0x70,0x75,0x74,0x20,0x74,0x79,0x70,0x65,0x3d,0x22,0x74,0x65,0x78,
    0x74,0x22,0x20,0x69,0x64,0x3d,0x22,0x6d,0x71,0x74,0x74,0x5f,0x74,0x6f,0x70,0x69,
    0x63,0x22,0x20,0x6f,0x6e,0x63,0x68,0x61,0x6e,0x67,0x65,0x3d,0x22,0x63,0x28,0x27,
    0x6d,0x71,0x74,0x74,0x5f,0x74,0x6f,0x70,0x69,0x63,0x27,0x2c,0x74,0x68,0x69,0x73,
    0x2e,0x76,0x61,0x6c,0x75,0x65,0x29,0x22,0x3e,0x3c,0x2f,0x64,0x69,0x76,0x3e,0x3c,
    0x64,0x69,0x76,0x20,0x63,0x6c,0x61,0x73,0x73,0x3d,0x22,0x66,0x22,0x20,0x73,0x74,
    0x79,0x6c,0x65,0x3d,0x22,0x6d,0x61,0x78,0x2d,0x77,0x69,0x64,0x74,0x68,0x3a,0x38,
    0x30,0x70,0x78,0x22,0x3e,0x3c,0x6c,0x61,0x62,0x65,0x6c,0x3e,0x51,0x6f,0x53,0x3c,
    0x2f,0x6c,0x61,0x62,0x65,0x6c,0x3e,0x3c,0x73,0x65,0x6c,0x65,0x63,0x74,0x20,0x69,
    0x64,0x3d,0x22,0x6d,0x71,0x74,0x74,0x5f,0x71,0x6f,0x73,0x22,0x20,0x6f,0x6e,0x63,
    0x68,0x61,0x6e,0x67,0x65,0x3d,0x22,0x63,0x28,0x27,0x6d,0x71,0x74,0x74,0x5f,0x71,
    0x6f,0x73,0x27,0x2c,0x2b,0x74,0x68,0x69,0x73,0x2e,0x76,0x61,0x6c,0x75,0x65,0x29,
    0x22,0x3e,0x3c,0x6f,0x70,0x74,0x69,0x6f,0x6e,0x3e,0x30,0x3c,0x2f,0x6f,0x70,0x74,
    0x69,0x6f,0x6e,0x3e,0x3c,0x6f,0x70,0x74,0x69,0x6f,0x6e,0x3e,0x31,0x3c,0x2f,0x6f,
    0x70,0x74,0x69,0x6f,0x6e,0x3e,0x3c,0x6f,0x70,0x74,0x69,0x6f,0x6e,0x3e,0x32,0x3c,
    0x2f,0x6f,0x70,0x74,0x69,0x6f,0x6e,0x3e,0x3c,0x2f,0x73,0x65,0x6c,0x65,0x63,0x74,
    0x3e,0x3c,0x2f,0x64,0x69,0x76,0x3e,0x3c,0x64,0x69,0x76,0x20,0x63,0x6c,0x61,0x73,
    0x73,0x3d,0x22,0x74,0x67,0x22,0x20,0x73,0x74,0x79,0x6c,0x65,0x3d,0x22,0x6d,0x61,
    0x72,0x67,0x69,0x6e,0x2d,0x74,0x6f,0x70,0x3a,0x31,0x36,0x70,0x78,0x22,0x3e,0x3c,
    0x69,0x6e,0x70,0x75,0x74,0x20,0x74,0x79,0x70,0x65,0x3d,0x22,0x63,0x68,0x65,0x63,
    0x6b,0x62,0x6f,0x78,0x22,0x20,0x69,0x64,0x3d,0x22,0x6d,0x71,0x74,0x74,0x5f,0x74,
    0x6c,0x73,0x22,0x20,0x6f,0x6e,0x63,0x68,0x61,0x6e,0x67,0x65,0x3d,0x22,0x63,0x28,
    0x27,0x6d,0x71,0x74,0x74,0x5f,0x74,0x6c,0x73,0x27,0x2c,0x74,0x68,0x69,0x73,0x2e,
    0x63,0x68,0x65,0x63,0x6b,0x65,0x64,0x29,0x22,0x3e,0x3c,0x73,0x70,0x61,0x6e,0x3e,
    0x54,0x4c,0x53,0x3c,0x2f,0x73,0x70,0x61,0x6e,0x3e,0x3c,0x2f,0x64,0x69,0x76,0x3e,
    0x3c,0x2f,0x64,0x69,0x76,0x3e,0x3c,0x2f,0x64,0x69,0x76,0x3e,0x0a,0x3c,0x64,0x69,
    0x76,0x20,0x69,0x64,0x3d,0x22,0x67,0x5f,0x77,0x68,0x22,0x20,0x73,0x74,0x79,0x6c,
    0x65,0x3d,0x22,0x64,0x69,0x73,0x70,0x6c,0x61,0x79,0x3a,0x6e,0x6f,0x6e,0x65,0x22,
    0x3e,0x3c,0x64,0x69,0x76,0x20,0x63,0x6c,0x61,0x73,0x73,0x3d,0x22,0x72,0x22,0x3e,
    0x3c,0x64,0x69,0x76,0x20,0x63,0x6c,0x61,0x73,0x73,0x3d,0x22,0x66,0x22,0x3e,0x3c,
    0x6c,0x61,0x62,0x65,0x6c,0x3e,0x55,0x52,0x4c,0x20,0x57,0x65,0x62,0x68,0x6f,0x6f,
    0x6b,0x3c,0x2f,0x6c,0x61,0x62,0x65,0x6c,0x3e,0x3c,0x69,0x6e,0x70,0x75,0x74,0x20,
    0x74,0x79,0x70,0x65,0x3d,0x22,0x74,0x65,0x78,0x74,0x22,0x20,0x69,0x64,0x3d,0x22,
    0x77,0x65,0x62,0x68,0x6f,0x6f,0x6b,0x5f,0x75,0x72,0x6c,0x22,0x20,0x6f,0x6e,0x63,
    0x68,0x61,0x6e,0x67,0x65,0x3d,0x22,0x63,0x28,0x27,0x77,0x65,0x62,0x68,0x6f,0x6f,
    0x6b,0x5f,0x75,0x72,0x6c,0x27,0x2c,0x74,0x68,0x69,0x73,0x2e,0x76,0x61,0x6c,0x75,
    0x65,0x29,0x22,0x3e,0x3c,0x2f,0x64,0x69,0x76,0x3e,0x3c,0x64,0x69,0x76,0x20,0x63,
    0x6c,0x61,0x73,0x73,0x3d,0x22,0x66,0x22,0x20,0x73,0x74,0x79,0x6c,0x65,0x3d,0x22,
    0x6d,0x61,0x78,0x2d,0x77,0x69,0x64,0x74,0x68,0x3a,0x31,0x30,0x30,0x70,0x78,0x22,
    0x3e,0x3c,0x6c,0x61,0x62,0x65,0x6c,0x3e,0xd0,0x9c,0xd0,0xb5,0xd1,0x82,0xd0,0xbe,
    0xd0,0xb4,0x3c,0x2f,0x6c,0x61,0x62,0x65,0x6c,0x3e,0x3c,0x73,0x65,0x6c,0x65,0x63,
    0x74,0x20,0x69,0x64,0x3d,0x22,0x77,0x65,0x62,0x68,0x6f,0x6f,0x6b,0x5f,0x6d,0x65,
    0x74,0x68,0x6f,0x64,0x22,0x20,0x6f,0x6e,0x63,0x68,0x61,0x6e,0x67,0x65,0x3d,0x22,
    0x63,0x28,0x27,0x77,0x65,0x62,0x68,0x6f,0x6f,0x6b,0x5f,0x6d,0x65,0x74,0x68,0x6f,
    0x64,0x27,0x2c,0x74,0x68,0x69,0x73,0x2e,0x76,0x61,0x6c,0x75,0x65,0x29,0x22,0x3e,
    0x3c,0x6f,0x70,0x74,0x69,0x6f,0x6e,0x3e,0x47,0x45,0x54,0x3c,0x2f,0x6f,0x70,0x74,
    0x69,0x6f,0x6e,0x3e,0x3c,0x6f,0x70,0x74,0x69,0x6f,0x6e,0x20,0x73,0x65,0x6c,0x65,
    0x63,0x74,0x65,0x64,0x3e,0x50,0x4f,0x53,0x54,0x3c,0x2f,0x6f,0x70,0x74,0x69,0x6f,
    0x6e,0x3e,0x3c,0x6f,0x70,0x74,0x69,0x6f,0x6e,0x3e,0x50,0x55,0x54,0x3c,0x2f,0x6f,
    0x70,0x74,0x69,0x6f,0x6e,0x3e,0x3c,0x2f,0x73,0x65,0x6c,0x65,0x63,0x74,0x3e,0x3c,
    0x2f,0x64,0x69,0x76,0x3e,0x3c,0x2f,0x64,0x69,0x76,0x3e,0x3c,0x2f,0x64,0x69,0x76,
    0x3e,0x0a,0x3c,0x2f,0x64,0x69,0x76,0x3e,0x3c,0x2f,0x64,0x65,0x74,0x61,0x69,0x6c,
    0x73,0x3e,0x0a,0x3c,0x64,0x65,0x74,0x61,0x69,0x6c,0x73,0x3e,0x3c,0x73,0x75,0x6d,
    0x6d,0x61,0x72,0x79,0x3e,0x43,0x3a,0x20,0xd0,0xa0,0xd0,0xb0,0xd1,0x81,0xd0,0xbf,
    0xd0,0xb8,0xd1,0x81,0xd0,0xb0,0xd0,0xbd,0xd0,0xb8,0xd0,0xb5,0x20,0xd0,0xb8,0x20,
    0xd0,0xbe,0xd0,0xbf,0xd1,0x80,0xd0,0xbe,0xd1,0x81,0x3c,0x2f,0x73,0x75,0x6d,0x6d,
    0x61,0x72,0x79,0x3e,0x3c,0x64,0x69,0x76,0x20,0x63,0x6c,0x61,0x73,0x73,0x3d,0x22,
    0x73,0x63,0x22,0x3e,0x0a,0x3c,0x64,0x69,0x76,0x20,0x63,0x6c,0x61,0x73,0x73,0x3d,
    0x22,0x72,0x22,0x3e,0x0a,0x3c,0x64,0x69,0x76,0x20,0x63,0x6c,0x61,0x73,0x73,0x3d,
    0x22,0x66,0x22,0x3e,0x3c,0x6c,0x61,0x62,0x65,0x6c,0x3e,0xd0,0x9e,0xd0,0xbf,0xd1,
    0x80,0xd0,0xbe,0xd1,0x81,0x20,0x28,0xd1,0x81,0x29,0x3c,0x2f,0x6c,0x61,0x62,0x65,
    0x6c,0x3e,0x3c,0x69,0x6e,0x70,0x75,0x74,0x20,0x74,0x79,0x70,0x65,0x3d,0x22,0x6e,
    0x75,0x6d,0x62,0x65,0x72,0x22,0x20,0x69,0x64,0x3d,0x22,0x70,0x6f,0x6c,0x6c,0x5f,
    0x69,0x6e,0x74,0x65,0x72,0x76,0x61,0x6c,0x5f,0x73,0x22,0x20,0x76,0x61,0x6c,0x75,
    0x65,0x3d,0x22,0x31,0x30,0x22,0x20,0x6f,0x6e,0x63,0x68,0x61,0x6e,0x67,0x65,0x3d,
    0x22,0x63,0x28,0x27,0x70,0x6f,0x6c,0x6c,0x5f,0x69,0x6e,0x74,0x65,0x72,0x76,0x61,
    0x6c,0x5f,0x73,0x27,0x2c,0x2b,0x74,0x68,0x69,0x73,0x2e,0x76,0x61,0x6c,0x75,0x65,
    0x29,0x22,0x3e,0x3c,0x2f,0x64,0x69,0x76,0x3e,0x0a,0x3c,0x64,0x69,0x76,0x20,0x63,
    0x6c,0x61,0x73,0x73,0x3d,0x22,0x66,0x22,0x3e,0x3c,0x6c,0x61,0x62,0x65,0x6c,0x3e,
    0xd0,0x9e,0xd1,0x82,0xd0,0xbf,0xd1,0x80,0xd0,0xb0,0xd0,0xb2,0xd0,0xba,0xd0,0xb0,
    0x20,0x28,0xd1,0x81,0x29,0x3c,0x2f,0x6c,0x61,0x62,0x65,0x6c,0x3e,0x3c,0x69,0x6e,
    0x70,0x75,0x74,0x20,0x74,0x79,0x70,0x65,0x3d,0x22,0x6e,0x75,0x6d,0x62,0x65,0x72,
    0x22,0x20,0x69,0x64,0x3d,0x22,0x73,0x65,0x6e,0x64,0x5f,0x69,0x6e,0x74,0x65,0x72,
    0x76,0x61,0x6c,0x5f,0x73,0x22,0x20,0x76,0x61,0x6c,0x75,0x65,0x3d,0x22,0x36,0x30,
    0x22,0x20,0x6f,0x6e,0x63,0x68,0x61,0x6e,0x67,0x65,0x3d,0x22,0x63,0x28,0x27,0x73,
    0x65,0x6e,0x64,0x5f,0x69,0x6e,0x74,0x65,0x72,0x76,0x61,0x6c,0x5f,0x73,0x27,0x2c,
    0x2b,0x74,0x68,0x69,0x73,0x2e,0x76,0x61,0x6c,0x75,0x65,0x29,0x22,0x3e,0x3c,0x2f,
    0x64,0x69,0x76,0x3e,0x0a,0x3c,0x64,0x69,0x76,0x20,0x63,0x6c,0x61,0x73,0x73,0x3d,
    0x22,0x66,0x22,0x3e,0x3c,0x6c,0x61,0x62,0x65,0x6c,0x3e,0xd0,0xa0,0xd0,0xb5,0xd0,
    0xb7,0xd0,0xb5,0xd1,0x80,0xd0,0xb2,0x20,0xd0,0xbf,0xd0,0xbe,0xd0,0xb2,0xd1,0x82,
    0xd0,0xbe,0xd1,0x80,0x20,0x28,0xd1,0x81,0x29,0x3c,0x2f,0x6c,0x61,0x62,0x65,0x6c,
    0x3e,0x3c,0x69,0x6e,0x70,0x75,0x74,0x20,0x74,0x79,0x70,0x65,0x3d,0x22,0x6e,0x75,
    0x6d,0x62,0x65,0x72,0x22,0x20,0x69,0x64,0x3d,0x22,0x62,0x61,0x63,0x6b,0x75,0x70,
    0x5f,0x72,0x65,0x74,0x72,0x79,0x5f,0x73,0x22,0x20,0x76,0x61,0x6c,0x75,0x65,0x3d,
    0x22,0x33,0x30,0x30,0x22,0x20,0x6f,0x6e,0x63,0x68,0x61,0x6e,0x67,0x65,0x3d,0x22,
    0x63,0x28,0x27,0x62,0x61,0x63,0x6b,0x75,0x70,0x5f,0x72,0x65,0x74,0x72,0x79,0x5f,
    0x73,0x27,0x2c,0x2b,0x74,0x68,0x69,0x73,0x2e,0x76,0x61,0x6c,0x75,0x65,0x29,0x22,
    0x3e,0x3c,0x2f,0x64,0x69,0x76,0x3e,0x0a,0x3c,0x64,0x69,0x76,0x20,0x63,0x6c,0x61,
    0x73,0x73,0x3d,0x22,0x66,0x22,0x20,0x73,0x74,0x79,0x6c,0x65,0x3d,0x22,0x6d,0x61,
    0x78,0x2d,0x77,0x69,0x64,0x74,0x68,0x3a,0x39,0x30,0x70,0x78,0x22,0x3e,0x3c,0x6c,
    0x61,0x62,0x65,0x6c,0x3e,0xd0,0xa3,0xd1,0x81,0xd1,0x80,0xd0,0xb5,0xd0,0xb4,0xd0,
    0xbd,0xd0,0xb5,0xd0,0xbd,0xd0,0xb8,0xd0,0xb5,0x3c,0x2f,0x6c,0x61,0x62,0x65,0x6c,
    0x3e,0x3c,0x69,0x6e,0x70,0x75,0x74,0x20,0x74,0x79,0x70,0x65,0x3d,0x22,0x6e,0x75,
    0x6d,0x62,0x65,0x72,0x22,0x20,0x69,0x64,0x3d,0x22,0x61,0x76,0x67,0x5f,0x63,0x6f,
    0x75,0x6e,0x74,0x22,0x20,0x76,0x61,0x6c,0x75,0x65,0x3d,0x22,0x31,0x22,0x20,0x6f,
    0x6e,0x63,0x68,0x61,0x6e,0x67,0x65,0x3d,0x22,0x63,0x28,0x27,0x61,0x76,0x67,0x5f,
    0x63,0x6f,0x75,0x6e,0x74,0x27,0x2c,0x2b,0x74,0x68,0x69,0x73,0x2e,0x76,0x61,0x6c,
    0x75,0x65,0x29,0x22,0x3e,0x3c,0x2f,0x64,0x69,0x76,0x3e,0x0a,0x3c,0x2f,0x64,0x69,
    0x76,0x3e,0x0a,0x3c,0x64,0x69,0x76,0x20,0x63,0x6c,0x61,0x73,0x73,0x3d,0x22,0x72,
    0x22,0x3e,0x3c,0x64,0x69,0x76,0x20,0x63,0x6c,0x61,0x73,0x73,0x3d,0x22,0x74,0x67,
    0x22,0x3e,0x3c,0x69,0x6e,0x70,0x75,0x74,0x20,0x74,0x79,0x70,0x65,0x3d,0x22,0x63,
    0x68,0x65,0x63,0x6b,0x62,0x6f,0x78,0x22,0x20,0x69,0x64,0x3d,0x22,0x64,0x65,0x65,
    0x70,0x5f,0x73,0x6c,0x65,0x65,0x70,0x5f,0x65,0x6e,0x61,0x62,0x6c,0x65,0x64,0x22,
    0x20,0x6f,0x6e,0x63,0x68,0x61,0x6e,0x67,0x65,0x3d,0x22,0x63,0x28,0x27,0x64,0x65,
    0x65,0x70,0x5f,0x73,0x6c,0x65,0x65,0x70,0x5f,0x65,0x6e,0x61,0x62,0x6c,0x65,0x64,
    0x27,0x2c,0x74,0x68,0x69,0x73,0x2e,0x63,0x68,0x65,0x63,0x6b,0x65,0x64,0x29,0x3b,
    0x73,0x68,0x28,0x27,0x64,0x73,0x5f,0x66,0x27,0x2c,0x74,0x68,0x69,0x73,0x2e,0x63,
    0x68,0x65,0x63,0x6b,0x65,0x64,0x29,0x22,0x3e,0x3c,0x73,0x70,0x61,0x6e,0x3e,0x44,
    0x65,0x65,0x70,0x20,0x73,0x6c,0x65,0x65,0x70,0x3c,0x2f,0x73,0x70,0x61,0x6e,0x3e,
    0x3c,0x2f,0x64,0x69,0x76,0x3e,0x3c,0x64,0x69,0x76,0x20,0x63,0x6c,0x61,0x73,0x73,
    0x3d,0x22,0x66,0x22,0x20,0x69,0x64,0x3d,0x22,0x64,0x73,0x5f,0x66,0x22,0x20,0x73,
    0x74,0x79,0x6c,0x65,0x3d,0x22,0x6d,0x61,0x78,0x2d,0x77,0x69,0x64,0x74,0x68,0x3a,
    0x31,0x33,0x30,0x70,0x78,0x3b,0x64,0x69,0x73,0x70,0x6c,0x61,0x79,0x3a,0x6e,0x6f,
    0x6e,0x65,0x22,0x3e,0x3c,0x6c,0x61,0x62,0x65,0x6c,0x3e,0xd0,0x94,0xd0,0xbb,0xd0,
    0xb8,0xd1,0x82,0xd0,0xb5,0xd0,0xbb,0xd1,0x8c,0xd0,0xbd,0xd0,0xbe,0xd1,0x81,0xd1,
    0x82,0xd1,0x8c,0x20,0x28,0xd1,0x81,0x29,0x3c,0x2f,0x6c,0x61,0x62,0x65,0x6c,0x3e,
    0x3c,0x69,0x6e,0x70,0x75,0x74,0x20,0x74,0x79,0x70,0x65,0x3d,0x22,0x6e,0x75,0x6d,
    0x62,0x65,0x72,0x22,0x20,0x69,0x64,0x3d,0x22,0x64,0x65,0x65,0x70,0x5f,0x73,0x6c,
    0x65,0x65,0x70,0x5f,0x73,0x22,0x20,0x76,0x61,0x6c,0x75,0x65,0x3d,0x22,0x33,0x36,
    0x30,0x30,0x22,0x20,0x6f,0x6e,0x63,0x68,0x61,0x6e,0x67,0x65,0x3d,0x22,0x63,0x28,
    0x27,0x64,0x65,0x65,0x70,0x5f,0x73,0x6c,0x65,0x65,0x70,0x5f,0x73,0x27,0x2c,0x2b,
    0x74,0x68,0x69,0x73,0x2e,0x76,0x61,0x6c,0x75,0x65,0x29,0x22,0x3e,0x3c,0x2f,0x64,
    0x69,0x76,0x3e,0x3c,0x2f,0x64,0x69,0x76,0x3e,0x0a,0x3c,0x64,0x69,0x76,0x20,0x63,
    0x6c,0x61,0x73,0x73,0x3d,0x22,0x72,0x22,0x3e,0x3c,0x64,0x69,0x76,0x20,0x63,0x6c,
    0x61,0x73,0x73,0x3d,0x22,0x74,0x67,0x22,0x3e,0x3c,0x69,0x6e,0x70,0x75,0x74,0x20,
    0x74,0x79,0x70,0x65,0x3d,0x22,0x63,0x68,0x65,0x63,0x6b,0x62,0x6f,0x78,0x22,0x20,
    0x69,0x64,0x3d,0x22,0x73,0x63,0x68,0x65,0x64,0x75,0x6c,0x65,0x5f,0x65,0x6e,0x61,
    0x62,0x6c,0x65,0x64,0x22,0x20,0x6f,0x6e,0x63,0x68,0x61,0x6e,0x67,0x65,0x3d,0x22,
    0x63,0x28,0x27,0x73,0x63,0x68,0x65,0x64,0x75,0x6c,0x65,0x5f,0x65,0x6e,0x61,0x62,
    0x6c,0x65,0x64,0x27,0x2c,0x74,0x68,0x69,0x73,0x2e,0x63,0x68,0x65,0x63,0x6b,0x65,
    0x64,0x29,0x3b,0x73,0x68,0x28,0x27,0x73,0x63,0x68,0x5f,0x66,0x27,0x2c,0x74,0x68,
    0x69,0x73,0x2e,0x63,0x68,0x65,0x63,0x6b,0x65,0x64,0x29,0x22,0x3e,0x3c,0x73,0x70,
    0x61,0x6e,0x3e,0xd0,0xa0,0xd0,0xb0,0xd1,0x81,0xd0,0xbf,0xd0,0xb8,0xd1,0x81,0xd0,
    0xb0,0xd0,0xbd,0xd0,0xb8,0xd0,0xb5,0x3c,0x2f,0x73,0x70,0x61,0x6e,0x3e,0x3c,0x2f,
    0x64,0x69,0x76,0x3e,0x3c,0x64,0x69,0x76,0x20,0x69,0x64,0x3d,0x22,0x73,0x63,0x68,
    0x5f,0x66,0x22,0x20,0x73,0x74,0x79,0x6c,0x65,0x3d,0x22,0x64,0x69,0x73,0x70,0x6c,
    0x61,0x79,0x3a,0x6e,0x6f,0x6e,0x65,0x3b,0x64,0x69,0x73,0x70,0x6c,0x61,0x79,0x3a,
    0x66,0x6c,0x65,0x78,0x3b,0x67,0x61,0x70,0x3a,0x38,0x70,0x78,0x22,0x3e,0x3c,0x64,
    0x69,0x76,0x20,0x63,0x6c,0x61,0x73,0x73,0x3d,0x22,0x66,0x22,0x20,0x73,0x74,0x79,
    0x6c,0x65,0x3d,0x22,0x6d,0x61,0x78,0x2d,0x77,0x69,0x64,0x74,0x68,0x3a,0x39,0x30,
    0x70,0x78,0x22,0x3e,0x3c,0x6c,0x61,0x62,0x65,0x6c,0x3e,0xd0,0xa1,0xd1,0x82,0xd0,
    0xb0,0xd1,0x80,0xd1,0x82,0x3c,0x2f,0x6c,0x61,0x62,0x65,0x6c,0x3e,0x3c,0x69,0x6e,
    0x70,0x75,0x74,0x20,0x74,0x79,0x70,0x65,0x3d,0x22,0x74,0x65,0x78,0x74,0x22,0x20,
    0x69,0x64,0x3d,0x22,0x73,0x63,0x68,0x65,0x64,0x75,0x6c,0x65,0x5f,0x73,0x74,0x61,
    0x72,0x74,0x22,0x20,0x70,0x6c,0x61,0x63,0x65,0x68,0x6f,0x6c,0x64,0x65,0x72,0x3d,
    0x22,0x30,0x36,0x3a,0x30,0x30,0x22,0x20,0x6f,0x6e,0x63,0x68,0x61,0x6e,0x67,0x65,
    0x3d,0x22,0x63,0x28,0x27,0x73,0x63,0x68,0x65,0x64,0x75,0x6c,0x65,0x5f,0x73,0x74,
    0x61,0x72,0x74,0x27,0x2c,0x74,0x68,0x69,0x73,0x2e,0x76,0x61,0x6c,0x75,0x65,0x29,
    0x22,0x3e,0x3c,0x2f,0x64,0x69,0x76,0x3e,0x3c,0x64,0x69,0x76,0x20,0x63,0x6c,0x61,
    0x73,0x73,0x3d,0x22,0x66,0x22,0x20,0x73,0x74,0x79,0x6c,0x65,0x3d,0x22,0x6d,0x61,
    0x78,0x2d,0x77,0x69,0x64,0x74,0x68,0x3a,0x39,0x30,0x70,0x78,0x22,0x3e,0x3c,0x6c,
    0x61,0x62,0x65,0x6c,0x3e,0xd0,0xa1,0xd1,0x82,0xd0,0xbe,0xd0,0xbf,0x3c,0x2f,0x6c,
    0x61,0x62,0x65,0x6c,0x3e,0x3c,0x69,0x6e,0x70,0x75,0x74,0x20,0x74,0x79,0x70,0x65,
    0x3d,0x22,0x74,0x65,0x78,0x74,0x22,0x20,0x69,0x64,0x3d,0x22,0x73,0x63,0x68,0x65,
    0x64,0x75,0x6c,0x65,0x5f,0x73,0x74,0x6f,0x70,0x22,0x20,0x70,0x6c,0x61,0x63,0x65,
    0x68,0x6f,0x6c,0x64,0x65,0x72,0x3d,0x22,0x32,0x32,0x3a,0x30,0x30,0x22,0x20,0x6f,
    0x6e,0x63,0x68,0x61,0x6e,0x67,0x65,0x3d,0x22,0x63,0x28,0x27,0x73,0x63,0x68,0x65,
    0x64,0x75,0x6c,0x65,0x5f,0x73,0x74,0x6f,0x70,0x27,0x2c,0x74,0x68,0x69,0x73,0x2e,
    0x76,0x61,0x6c,0x75,0x65,0x29,0x22,0x3e,0x3c,0x2f,0x64,0x69,0x76,0x3e,0x3c,0x2f,
    0x64,0x69,0x76,0x3e,0x3c,0x2f,0x64,0x69,0x76,0x3e,0x0a,0x3c,0x2f,0x64,0x69,0x76,
    0x3e,0x3c,0x2f,0x64,0x65,0x74,0x61,0x69,0x6c,0x73,0x3e,0x0a,0x3c,0x64,0x65,0x74,
    0x61,0x69,0x6c,0x73,0x3e,0x3c,0x73,0x75,0x6d,0x6d,0x61,0x72,0x79,0x3e,0x44,0x3a,
    0x20,0xd0,0x94,0xd0,0xb0,0xd1,0x82,0xd1,0x87,0xd0,0xb8,0xd0,0xba,0xd0,0xb8,0x20,
    0x4d,0x6f,0x64,0x62,0x75,0x73,0x20,0x52,0x54,0x55,0x3c,0x2f,0x73,0x75,0x6d,0x6d,
    0x61,0x72,0x79,0x3e,0x3c,0x64,0x69,0x76,0x20,0x63,0x6c,0x61,0x73,0x73,0x3d,0x22,
    0x73,0x63,0x22,0x3e,0x0a,0x3c,0x64,0x69,0x76,0x20,0x63,0x6c,0x61,0x73,0x73,0x3d,
    0x22,0x74,0x61,0x62,0x73,0x22,0x3e,0x3c,0x64,0x69,0x76,0x20,0x63,0x6c,0x61,0x73,
    0x73,0x3d,0x22,0x74,0x61,0x62,0x20,0x61,0x63,0x74,0x22,0x20,0x6f,0x6e,0x63,0x6c,
    0x69,0x63,0x6b,0x3d,0x22,0x73,0x74,0x28,0x74,0x68,0x69,0x73,0x2c,0x27,0x74,0x70,
    0x30,0x27,0x29,0x22,0x3e,0x55,0x53,0x41,0x52,0x54,0x33,0x3c,0x2f,0x64,0x69,0x76,
    0x3e,0x3c,0x64,0x69,0x76,0x20,0x63,0x6c,0x61,0x73,0x73,0x3d,0x22,0x74,0x61,0x62,
    0x22,0x20,0x6f,0x6e,0x63,0x6c,0x69,0x63,0x6b,0x3d,0x22,0x73,0x74,0x28,0x74,0x68,
    0x69,0x73,0x2c,0x27,0x74,0x70,0x31,0x27,0x29,0x22,0x3e,0x55,0x41,0x52,0x54,0x34,
    0x3c,0x2f,0x64,0x69,0x76,0x3e,0x3c,0x64,0x69,0x76,0x20,0x63,0x6c,0x61,0x73,0x73,
    0x3d,0x22,0x74,0x61,0x62,0x22,0x20,0x6f,0x6e,0x63,0x6c,0x69,0x63,0x6b,0x3d,0x22,
    0x73,0x74,0x28,0x74,0x68,0x69,0x73,0x2c,0x27,0x74,0x70,0x32,0x27,0x29,0x22,0x3e,
    0x55,0x41,0x52,0x54,0x35,0x3c,0x2f,0x64,0x69,0x76,0x3e,0x3c,0x2f,0x64,0x69,0x76,
    0x3e,0x0a,0x3c,0x64,0x69,0x76,0x20,0x69,0x64,0x3d,0x22,0x74,0x70,0x30,0x22,0x20,
    0x63,0x6c,0x61,0x73,0x73,0x3d,0x22,0x74,0x70,0x20,0x61,0x63,0x74,0x22,0x3e,0x3c,
    0x2f,0x64,0x69,0x76,0x3e,0x3c,0x64,0x69,0x76,0x20,0x69,0x64,0x3d,0x22,0x74,0x70,
    0x31,0x22,0x20,0x63,0x6c,0x61,0x73,0x73,0x3d,0x22,0x74,0x70,0x22,0x3e,0x3c,0x2f,
    0x64,0x69,0x76,0x3e,0x3c,0x64,0x69,0x76,0x20,0x69,0x64,0x3d,0x22,0x74,0x70,0x32,
    0x22,0x20,0x63,0x6c,0x61,0x73,0x73,0x3d,0x22,0x74,0x70,0x22,0x3e,0x3c,0x2f,0x64,
    0x69,0x76,0x3e,0x0a,0x3c,0x2f,0x64,0x69,0x76,0x3e,0x3c,0x2f,0x64,0x65,0x74,0x61,
    0x69,0x6c,0x73,0x3e,0x0a,0x3c,0x64,0x65,0x74,0x61,0x69,0x6c,0x73,0x3e,0x3c,0x73,
    0x75,0x6d,0x6d,0x61,0x72,0x79,0x3e,0x45,0x3a,0x20,0x4d,0x6f,0x64,0x62,0x75,0x73,
    0x20,0x54,0x43,0x50,0x20,0x4d,0x61,0x73,0x74,0x65,0x72,0x3c,0x2f,0x73,0x75,0x6d,
    0x6d,0x61,0x72,0x79,0x3e,0x3c,0x64,0x69,0x76,0x20,0x63,0x6c,0x61,0x73,0x73,0x3d,
    0x22,0x73,0x63,0x22,0x3e,0x0a,0x3c,0x64,0x69,0x76,0x20,0x63,0x6c,0x61,0x73,0x73,
    0x3d,0x22,0x74,0x67,0x22,0x20,0x73,0x74,0x79,0x6c,0x65,0x3d,0x22,0x6d,0x61,0x72,
    0x67,0x69,0x6e,0x2d,0x62,0x6f,0x74,0x74,0x6f,0x6d,0x3a,0x31,0x30,0x70,0x78,0x22,
    0x3e,0x3c,0x69,0x6e,0x70,0x75,0x74,0x20,0x74,0x79,0x70,0x65,0x3d,0x22,0x63,0x68,
    0x65,0x63,0x6b,0x62,0x6f,0x78,0x22,0x20,0x69,0x64,0x3d,0x22,0x6d,0x74,0x63,0x70,
    0x6d,0x5f,0x65,0x6e,0x22,0x20,0x6f,0x6e,0x63,0x68,0x61,0x6e,0x67,0x65,0x3d,0x22,
    0x63,0x28,0x27,0x6d,0x74,0x63,0x70,0x6d,0x5f,0x65,0x6e,0x27,0x2c,0x74,0x68,0x69,
    0x73,0x2e,0x63,0x68,0x65,0x63,0x6b,0x65,0x64,0x29,0x22,0x3e,0x3c,0x73,0x70,0x61,
    0x6e,0x3e,0xd0,0x92,0xd0,0xba,0xd0,0xbb,0xd1,0x8e,0xd1,0x87,0xd0,0xb8,0xd1,0x82,
    0xd1,0x8c,0x3c,0x2f,0x73,0x70,0x61,0x6e,0x3e,0x3c,0x2f,0x64,0x69,0x76,0x3e,0x0a,
    0x3c,0x64,0x69,0x76,0x20,0x69,0x64,0x3d,0x22,0x74,0x63,0x70,0x5f,0x64,0x65,0x76,
    0x73,0x22,0x3e,0x3c,0x2f,0x64,0x69,0x76,0x3e,0x3c,0x62,0x75,0x74,0x74,0x6f,0x6e,
    0x20,0x63,0x6c,0x61,0x73,0x73,0x3d,0x22,0x62,0x74,0x6e,0x20,0x73,0x22,0x20,0x6f,
    0x6e,0x63,0x6c,0x69,0x63,0x6b,0x3d,0x22,0x61,0x64,0x64,0x54,0x44,0x28,0x29,0x22,
    0x3e,0x2b,0x20,0xd0,0x94,0xd0,0xbe,0xd0,0xb1,0xd0,0xb0,0xd0,0xb2,0xd0,0xb8,0xd1,
    0x82,0xd1,0x8c,0x20,0xd1,0x83,0xd1,0x81,0xd1,0x82,0xd1,0x80,0xd0,0xbe,0xd0,0xb9,
    0xd1,0x81,0xd1,0x82,0xd0,0xb2,0xd0,0xbe,0x20,0x54,0x43,0x50,0x3c,0x2f,0x62,0x75,
    0x74,0x74,0x6f,0x6e,0x3e,0x0a,0x3c,0x2f,0x64,0x69,0x76,0x3e,0x3c,0x2f,0x64,0x65,
    0x74,0x61,0x69,0x6c,0x73,0x3e,0x0a,0x3c,0x64,0x65,0x74,0x61,0x69,0x6c,0x73,0x3e,
    0x3c,0x73,0x75,0x6d,0x6d,0x61,0x72,0x79,0x3e,0x46,0x3a,0x20,0x4d,0x6f,0x64,0x62,
    0x75,0x73,0x20,0x54,0x43,0x50,0x20,0x53,0x6c,0x61,0x76,0x65,0x3c,0x2f,0x73,0x75,
    0x6d,0x6d,0x61,0x72,0x79,0x3e,0x3c,0x64,0x69,0x76,0x20,0x63,0x6c,0x61,0x73,0x73,
    0x3d,0x22,0x73,0x63,0x22,0x3e,0x0a,0x3c,0x64,0x69,0x76,0x20,0x63,0x6c,0x61,0x73,
    0x73,0x3d,0x22,0x74,0x67,0x22,0x20,0x73,0x74,0x79,0x6c,0x65,0x3d,0x22,0x6d,0x61,
    0x72,0x67,0x69,0x6e,0x2d,0x62,0x6f,0x74,0x74,0x6f,0x6d,0x3a,0x31,0x30,0x70,0x78,
    0x22,0x3e,0x3c,0x69,0x6e,0x70,0x75,0x74,0x20,0x74,0x79,0x70,0x65,0x3d,0x22,0x63,
    0x68,0x65,0x63,0x6b,0x62,0x6f,0x78,0x22,0x20,0x69,0x64,0x3d,0x22,0x6d,0x74,0x63,
    0x70,0x73,0x5f,0x65,0x6e,0x22,0x20,0x6f,0x6e,0x63,0x68,0x61,0x6e,0x67,0x65,0x3d,
    0x22,0x63,0x28,0x27,0x6d,0x74,0x63,0x70,0x73,0x5f,0x65,0x6e,0x27,0x2c,0x74,0x68,
    0x69,0x73,0x2e,0x63,0x68,0x65,0x63,0x6b,0x65,0x64,0x29,0x22,0x3e,0x3c,0x73,0x70,
    0x61,0x6e,0x3e,0xd0,0x92,0xd0,0xba,0xd0,0xbb,0xd1,0x8e,0xd1,0x87,0xd0,0xb8,0xd1,
    0x82,0xd1,0x8c,0x3c,0x2f,0x73,0x70,0x61,0x6e,0x3e,0x3c,0x2f,0x64,0x69,0x76,0x3e,
    0x0a,0x3c,0x64,0x69,0x76,0x20,0x63,0x6c,0x61,0x73,0x73,0x3d,0x22,0x72,0x22,0x3e,
    0x3c,0x64,0x69,0x76,0x20,0x63,0x6c,0x61,0x73,0x73,0x3d,0x22,0x66,0x22,0x20,0x73,
    0x74,0x79,0x6c,0x65,0x3d,0x22,0x6d,0x61,0x78,0x2d,0x77,0x69,0x64,0x74,0x68,0x3a,
    0x39,0x30,0x70,0x78,0x22,0x3e,0x3c,0x6c,0x61,0x62,0x65,0x6c,0x3e,0xd0,0x9f,0xd0,
    0xbe,0xd1,0x80,0xd1,0x82,0x3c,0x2f,0x6c,0x61,0x62,0x65,0x6c,0x3e,0x3c,0x69,0x6e,
    0x70,0x75,0x74,0x20,0x74,0x79,0x70,0x65,0x3d,0x22,0x6e,0x75,0x6d,0x62,0x65,0x72,
    0x22,0x20,0x69,0x64,0x3d,0x22,0x73,0x6c,0x5f,0x70,0x6f,0x72,0x74,0x22,0x20,0x76,
    0x61,0x6c,0x75,0x65,0x3d,0x22,0x35,0x30,0x32,0x22,0x20,0x6f,0x6e,0x63,0x68,0x61,
    0x6e,0x67,0x65,0x3d,0x22,0x63,0x28,0x27,0x73,0x6c,0x5f,0x70,0x6f,0x72,0x74,0x27,
    0x2c,0x2b,0x74,0x68,0x69,0x73,0x2e,0x76,0x61,0x6c,0x75,0x65,0x29,0x22,0x3e,0x3c,
    0x2f,0x64,0x69,0x76,0x3e,0x3c,0x64,0x69,0x76,0x20,0x63,0x6c,0x61,0x73,0x73,0x3d,
    0x22,0x66,0x22,0x20,0x73,0x74,0x79,0x6c,0x65,0x3d,0x22,0x6d,0x61,0x78,0x2d,0x77,
    0x69,0x64,0x74,0x68,0x3a,0x39,0x30,0x70,0x78,0x22,0x3e,0x3c,0x6c,0x61,0x62,0x65,
    0x6c,0x3e,0x55,0x6e,0x69,0x74,0x20,0x49,0x44,0x3c,0x2f,0x6c,0x61,0x62,0x65,0x6c,
    0x3e,0x3c,0x69,0x6e,0x70,0x75,0x74,0x20,0x74,0x79,0x70,0x65,0x3d,0x22,0x6e,0x75,
    0x6d,0x62,0x65,0x72,0x22,0x20,0x69,0x64,0x3d,0x22,0x73,0x6c,0x5f,0x75,0x69,0x64,
    0x22,0x20,0x76,0x61,0x6c,0x75,0x65,0x3d,0x22,0x31,0x22,0x20,0x6f,0x6e,0x63,0x68,
    0x61,0x6e,0x67,0x65,0x3d,0x22,0x63,0x28,0x27,0x73,0x6c,0x5f,0x75,0x69,0x64,0x27,
    0x2c,0x2b,0x74,0x68,0x69,0x73,0x2e,0x76,0x61,0x6c,0x75,0x65,0x29,0x22,0x3e,0x3c,
    0x2f,0x64,0x69,0x76,0x3e,0x3c,0x64,0x69,0x76,0x20,0x63,0x6c,0x61,0x73,0x73,0x3d,
    0x22,0x66,0x22,0x20,0x73,0x74,0x79,0x6c,0x65,0x3d,0x22,0x6d,0x61,0x78,0x2d,0x77,
    0x69,0x64,0x74,0x68,0x3a,0x39,0x30,0x70,0x78,0x22,0x3e,0x3c,0x6c,0x61,0x62,0x65,
    0x6c,0x3e,0x57,0x35,0x35,0x30,0x30,0x20,0xd1,0x81,0xd0,0xbe,0xd0,0xba,0xd0,0xb5,
    0xd1,0x82,0x3c,0x2f,0x6c,0x61,0x62,0x65,0x6c,0x3e,0x3c,0x69,0x6e,0x70,0x75,0x74,
    0x20,0x74,0x79,0x70,0x65,0x3d,0x22,0x6e,0x75,0x6d,0x62,0x65,0x72,0x22,0x20,0x69,
    0x64,0x3d,0x22,0x73,0x6c,0x5f,0x73,0x6f,0x63,0x6b,0x22,0x20,0x76,0x61,0x6c,0x75,
    0x65,0x3d,0x22,0x30,0x22,0x20,0x6f,0x6e,0x63,0x68,0x61,0x6e,0x67,0x65,0x3d,0x22,
    0x63,0x28,0x27,0x73,0x6c,0x5f,0x73,0x6f,0x63,0x6b,0x27,0x2c,0x2b,0x74,0x68,0x69,
    0x73,0x2e,0x76,0x61,0x6c,0x75,0x65,0x29,0x22,0x3e,0x3c,0x2f,0x64,0x69,0x76,0x3e,
    0x3c,0x64,0x69,0x76,0x20,0x63,0x6c,0x61,0x73,0x73,0x3d,0x22,0x66,0x22,0x20,0x73,
    0x74,0x79,0x6c,0x65,0x3d,0x22,0x6d,0x61,0x78,0x2d,0x77,0x69,0x64,0x74,0x68,0x3a,
    0x31,0x34,0x30,0x70,0x78,0x22,0x3e,0x3c,0x6c,0x61,0x62,0x65,0x6c,0x3e,0xd0,0xa2,
    0xd0,0xb0,0xd0,0xb9,0xd0,0xbc,0xd0,0xb0,0xd1,0x83,0xd1,0x82,0x20,0xd1,0x81,0xd0,
    0xbe,0xd0,0xb5,0xd0,0xb4,0x2e,0x20,0x28,0xd0,0xbc,0xd1,0x81,0x29,0x3c,0x2f,0x6c,
    0x61,0x62,0x65,0x6c,0x3e,0x3c,0x69,0x6e,0x70,0x75,0x74,0x20,0x74,0x79,0x70,0x65,
    0x3d,0x22,0x6e,0x75,0x6d,0x62,0x65,0x72,0x22,0x20,0x69,0x64,0x3d,0x22,0x73,0x6c,
    0x5f,0x63,0x74,0x6d,0x73,0x22,0x20,0x76,0x61,0x6c,0x75,0x65,0x3d,0x22,0x35,0x30,
    0x30,0x30,0x22,0x20,0x6f,0x6e,0x63,0x68,0x61,0x6e,0x67,0x65,0x3d,0x22,0x63,0x28,
    0x27,0x73,0x6c,0x5f,0x63,0x74,0x6d,0x73,0x27,0x2c,0x2b,0x74,0x68,0x69,0x73,0x2e,
    0x76,0x61,0x6c,0x75,0x65,0x29,0x22,0x3e,0x3c,0x2f,0x64,0x69,0x76,0x3e,0x3c,0x2f,
    0x64,0x69,0x76,0x3e,0x0a,0x3c,0x74,0x61,0x62,0x6c,0x65,0x3e,0x3c,0x74,0x68,0x65,
    0x61,0x64,0x3e,0x3c,0x74,0x72,0x3e,0x3c,0x74,0x68,0x3e,0xd0,0x90,0xd0,0xb4,0xd1,
    0x80,0xd0,0xb5,0xd1,0x81,0x3c,0x2f,0x74,0x68,0x3e,0x3c,0x74,0x68,0x3e,0xd0,0x98,
    0xd1,0x81,0xd1,0x82,0xd0,0xbe,0xd1,0x87,0xd0,0xbd,0xd0,0xb8,0xd0,0xba,0x3c,0x2f,
    0x74,0x68,0x3e,0x3c,0x74,0x68,0x3e,0xd0,0xa2,0xd0,0xb8,0xd0,0xbf,0x3c,0x2f,0x74,
    0x68,0x3e,0x3c,0x74,0x68,0x3e,0xd0,0x9c,0xd0,0xb0,0xd1,0x81,0xd1,0x88,0xd1,0x82,
    0xd0,0xb0,0xd0,0xb1,0x3c,0x2f,0x74,0x68,0x3e,0x3c,0x74,0x68,0x3e,0xd0,0x95,0xd0,
    0xb4,0x2e,0x3c,0x2f,0x74,0x68,0x3e,0x3c,0x74,0x68,0x3e,0xd0,0x98,0xd0,0xbc,0xd1,
    0x8f,0x3c,0x2f,0x74,0x68,0x3e,0x3c,0x74,0x68,0x3e,0x3c,0x2f,0x74,0x68,0x3e,0x3c,
    0x2f,0x74,0x72,0x3e,0x3c,0x2f,0x74,0x68,0x65,0x61,0x64,0x3e,0x3c,0x74,0x62,0x6f,
    0x64,0x79,0x20,0x69,0x64,0x3d,0x22,0x72,0x65,0x67,0x74,0x62,0x6c,0x22,0x3e,0x3c,
    0x2f,0x74,0x62,0x6f,0x64,0x79,0x3e,0x3c,0x2f,0x74,0x61,0x62,0x6c,0x65,0x3e,0x0a,
    0x3c,0x62,0x75,0x74,0x74,0x6f,0x6e,0x20,0x63,0x6c,0x61,0x73,0x73,0x3d,0x22,0x62,
    0x74,0x6e,0x20,0x73,0x22,0x20,0x73,0x74,0x79,0x6c,0x65,0x3d,0x22,0x6d,0x61,0x72,
    0x67,0x69,0x6e,0x2d,0x74,0x6f,0x70,0x3a,0x36,0x70,0x78,0x22,0x20,0x6f,0x6e,0x63,
    0x6c,0x69,0x63,0x6b,0x3d,0x22,0x61,0x64,0x64,0x52,0x65,0x67,0x28,0x29,0x22,0x3e,
    0x2b,0x20,0xd0,0x94,0xd0,0xbe,0xd0,0xb1,0xd0,0xb0,0xd0,0xb2,0xd0,0xb8,0xd1,0x82,
    0xd1,0x8c,0x20,0xd1,0x80,0xd0,0xb5,0xd0,0xb3,0xd0,0xb8,0xd1,0x81,0xd1,0x82,0xd1,
    0x80,0x3c,0x2f,0x62,0x75,0x74,0x74,0x6f,0x6e,0x3e,0x0a,0x3c,0x2f,0x64,0x69,0x76,
    0x3e,0x3c,0x2f,0x64,0x65,0x74,0x61,0x69,0x6c,0x73,0x3e,0x0a,0x3c,0x64,0x65,0x74,
    0x61,0x69,0x6c,0x73,0x3e,0x3c,0x73,0x75,0x6d,0x6d,0x61,0x72,0x79,0x3e,0x47,0x3a,
    0x20,0xd0,0xa1,0xd0,0xb5,0xd1,0x82,0xd1,0x8c,0x3c,0x2f,0x73,0x75,0x6d,0x6d,0x61,
    0x72,0x79,0x3e,0x3c,0x64,0x69,0x76,0x20,0x63,0x6c,0x61,0x73,0x73,0x3d,0x22,0x73,
    0x63,0x22,0x3e,0x0a,0x3c,0x64,0x69,0x76,0x20,0x63,0x6c,0x61,0x73,0x73,0x3d,0x22,
    0x73,0x68,0x22,0x3e,0x45,0x74,0x68,0x65,0x72,0x6e,0x65,0x74,0x3c,0x2f,0x64,0x69,
    0x76,0x3e,0x0a,0x3c,0x64,0x69,0x76,0x20,0x63,0x6c,0x61,0x73,0x73,0x3d,0x22,0x72,
    0x22,0x3e,0x3c,0x64,0x69,0x76,0x20,0x63,0x6c,0x61,0x73,0x73,0x3d,0x22,0x74,0x67,
    0x22,0x3e,0x3c,0x69,0x6e,0x70,0x75,0x74,0x20,0x74,0x79,0x70,0x65,0x3d,0x22,0x63,
    0x68,0x65,0x63,0x6b,0x62,0x6f,0x78,0x22,0x20,0x69,0x64,0x3d,0x22,0x65,0x74,0x68,
    0x5f,0x64,0x68,0x63,0x70,0x22,0x20,0x63,0x68,0x65,0x63,0x6b,0x65,0x64,0x20,0x6f,
    0x6e,0x63,0x68,0x61,0x6e,0x67,0x65,0x3d,0x22,0x63,0x28,0x27,0x65,0x74,0x68,0x5f,
    0x64,0x68,0x63,0x70,0x27,0x2c,0x74,0x68,0x69,0x73,0x2e,0x63,0x68,0x65,0x63,0x6b,
    0x65,0x64,0x29,0x3b,0x73,0x68,0x28,0x27,0x65,0x74,0x68,0x5f,0x73,0x74,0x27,0x2c,
    0x21,0x74,0x68,0x69,0x73,0x2e,0x63,0x68,0x65,0x63,0x6b,0x65,0x64,0x29,0x22,0x3e,
    0x3c,0x73,0x70,0x61,0x6e,0x3e,0x44,0x48,0x43,0x50,0x3c,0x2f,0x73,0x70,0x61,0x6e,
    0x3e,0x3c,0x2f,0x64,0x69,0x76,0x3e,0x3c,0x2f,0x64,0x69,0x76,0x3e,0x0a,0x3c,0x64,
    0x69,0x76,0x20,0x69,0x64,0x3d,0x22,0x65,0x74,0x68,0x5f,0x73,0x74,0x22,0x20,0x73,
    0x74,0x79,0x6c,0x65,0x3d,0x22,0x64,0x69,0x73,0x70,0x6c,0x61,0x79,0x3a,0x6e,0x6f,
    0x6e,0x65,0x22,0x3e,0x3c,0x64,0x69,0x76,0x20,0x63,0x6c,0x61,0x73,0x73,0x3d,0x22,
    0x72,0x22,0x3e,0x3c,0x64,0x69,0x76,0x20,0x63,0x6c,0x61,0x73,0x73,0x3d,0x22,0x66,
    0x22,0x3e,0x3c,0x6c,0x61,0x62,0x65,0x6c,0x3e,0x49,0x50,0x3c,0x2f,0x6c,0x61,0x62,
    0x65,0x6c,0x3e,0x3c,0x69,0x6e,0x70,0x75,0x74,0x20,0x74,0x79,0x70,0x65,0x3d,0x22,
    0x74,0x65,0x78,0x74,0x22,0x20,0x69,0x64,0x3d,0x22,0x65,0x74,0x68,0x5f,0x69,0x70,
    0x22,0x20,0x6f,0x6e,0x63,0x68,0x61,0x6e,0x67,0x65,0x3d,0x22,0x63,0x28,0x27,0x65,
    0x74,0x68,0x5f,0x69,0x70,0x27,0x2c,0x74,0x68,0x69,0x73,0x2e,0x76,0x61,0x6c,0x75,
    0x65,0x29,0x22,0x3e,0x3c,0x2f,0x64,0x69,0x76,0x3e,0x3c,0x64,0x69,0x76,0x20,0x63,
    0x6c,0x61,0x73,0x73,0x3d,0x22,0x66,0x22,0x3e,0x3c,0x6c,0x61,0x62,0x65,0x6c,0x3e,
    0xd0,0x9c,0xd0,0xb0,0xd1,0x81,0xd0,0xba,0xd0,0xb0,0x3c,0x2f,0x6c,0x61,0x62,0x65,
    0x6c,0x3e,0x3c,0x69,0x6e,0x70,0x75,0x74,0x20,0x74,0x79,0x70,0x65,0x3d,0x22,0x74,
    0x65,0x78,0x74,0x22,0x20,0x69,0x64,0x3d,0x22,0x65,0x74,0x68,0x5f,0x73,0x6e,0x22,
    0x20,0x6f,0x6e,0x63,0x68,0x61,0x6e,0x67,0x65,0x3d,0x22,0x63,0x28,0x27,0x65,0x74,
    0x68,0x5f,0x73,0x6e,0x27,0x2c,0x74,0x68,0x69,0x73,0x2e,0x76,0x61,0x6c,0x75,0x65,
    0x29,0x22,0x3e,0x3c,0x2f,0x64,0x69,0x76,0x3e,0x3c,0x64,0x69,0x76,0x20,0x63,0x6c,
    0x61,0x73,0x73,0x3d,0x22,0x66,0x22,0x3e,0x3c,0x6c,0x61,0x62,0x65,0x6c,0x3e,0xd0,
    0xa8,0xd0,0xbb,0xd1,0x8e,0xd0,0xb7,0x3c,0x2f,0x6c,0x61,0x62,0x65,0x6c,0x3e,0x3c,
    0x69,0x6e,0x70,0x75,0x74,0x20,0x74,0x79,0x70,0x65,0x3d,0x22,0x74,0x65,0x78,0x74,
    0x22,0x20,0x69,0x64,0x3d,0x22,0x65,0x74,0x68,0x5f,0x67,0x77,0x22,0x20,0x6f,0x6e,
    0x63,0x68,0x61,0x6e,0x67,0x65,0x3d,0x22,0x63,0x28,0x27,0x65,0x74,0x68,0x5f,0x67,
    0x77,0x27,0x2c,0x74,0x68,0x69,0x73,0x2e,0x76,0x61,0x6c,0x75,0x65,0x29,0x22,0x3e,
    0x3c,0x2f,0x64,0x69,0x76,0x3e,0x3c,0x64,0x69,0x76,0x20,0x63,0x6c,0x61,0x73,0x73,
    0x3d,0x22,0x66,0x22,0x3e,0x3c,0x6c,0x61,0x62,0x65,0x6c,0x3e,0x44,0x4e,0x53,0x3c,
    0x2f,0x6c,0x61,0x62,0x65,0x6c,0x3e,0x3c,0x69,0x6e,0x70,0x75,0x74,0x20,0x74,0x79,
    0x70,0x65,0x3d,0x22,0x74,0x65,0x78,0x74,0x22,0x20,0x69,0x64,0x3d,0x22,0x65,0x74,
    0x68,0x5f,0x64,0x6e,0x73,0x22,0x20,0x6f,0x6e,0x63,0x68,0x61,0x6e,0x67,0x65,0x3d,
    0x22,0x63,0x28,0x27,0x65,0x74,0x68,0x5f,0x64,0x6e,0x73,0x27,0x2c,0x74,0x68,0x69,
    0x73,0x2e,0x76,0x61,0x6c,0x75,0x65,0x29,0x22,0x3e,0x3c,0x2f,0x64,0x69,0x76,0x3e,
    0x3c,0x2f,0x64,0x69,0x76,0x3e,0x3c,0x2f,0x64,0x69,0x76,0x3e,0x0a,0x3c,0x64,0x69,
    0x76,0x20,0x63,0x6c,0x61,0x73,0x73,0x3d,0x22,0x73,0x68,0x22,0x3e,0x47,0x53,0x4d,
    0x3c,0x2f,0x64,0x69,0x76,0x3e,0x0a,0x3c,0x64,0x69,0x76,0x20,0x63,0x6c,0x61,0x73,
    0x73,0x3d,0x22,0x72,0x22,0x3e,0x3c,0x64,0x69,0x76,0x20,0x63,0x6c,0x61,0x73,0x73,
    0x3d,0x22,0x66,0x22,0x3e,0x3c,0x6c,0x61,0x62,0x65,0x6c,0x3e,0x41,0x50,0x4e,0x3c,
    0x2f,0x6c,0x61,0x62,0x65,0x6c,0x3e,0x3c,0x69,0x6e,0x70,0x75,0x74,0x20,0x74,0x79,
    0x70,0x65,0x3d,0x22,0x74,0x65,0x78,0x74,0x22,0x20,0x69,0x64,0x3d,0x22,0x67,0x73,
    0x6d,0x5f,0x61,0x70,0x6e,0x22,0x20,0x6f,0x6e,0x63,0x68,0x61,0x6e,0x67,0x65,0x3d,
    0x22,0x63,0x28,0x27,0x67,0x73,0x6d,0x5f,0x61,0x70,0x6e,0x27,0x2c,0x74,0x68,0x69,
    0x73,0x2e,0x76,0x61,0x6c,0x75,0x65,0x29,0x22,0x3e,0x3c,0x2f,0x64,0x69,0x76,0x3e,
    0x3c,0x64,0x69,0x76,0x20,0x63,0x6c,0x61,0x73,0x73,0x3d,0x22,0x66,0x22,0x3e,0x3c,
    0x6c,0x61,0x62,0x65,0x6c,0x3e,0xd0,0x9f,0xd0,0xbe,0xd0,0xbb,0xd1,0x8c,0xd0,0xb7,
    0xd0,0xbe,0xd0,0xb2,0xd0,0xb0,0xd1,0x82,0xd0,0xb5,0xd0,0xbb,0xd1,0x8c,0x3c,0x2f,
    0x6c,0x61,0x62,0x65,0x6c,0x3e,0x3c,0x69,0x6e,0x70,0x75,0x74,0x20,0x74,0x79,0x70,
    0x65,0x3d,0x22,0x74,0x65,0x78,0x74,0x22,0x20,0x69,0x64,0x3d,0x22,0x67,0x73,0x6d,
    0x5f,0x75,0x73,0x65,0x72,0x22,0x20,0x6f,0x6e,0x63,0x68,0x61,0x6e,0x67,0x65,0x3d,
    0x22,0x63,0x28,0x27,0x67,0x73,0x6d,0x5f,0x75,0x73,0x65,0x72,0x27,0x2c,0x74,0x68,
    0x69,0x73,0x2e,0x76,0x61,0x6c,0x75,0x65,0x29,0x22,0x3e,0x3c,0x2f,0x64,0x69,0x76,
    0x3e,0x3c,0x64,0x69,0x76,0x20,0x63,0x6c,0x61,0x73,0x73,0x3d,0x22,0x66,0x22,0x3e,
    0x3c,0x6c,0x61,0x62,0x65,0x6c,0x3e,0xd0,0x9f,0xd0,0xb0,0xd1,0x80,0xd0,0xbe,0xd0,
    0xbb,0xd1,0x8c,0x3c,0x2f,0x6c,0x61,0x62,0x65,0x6c,0x3e,0x3c,0x69,0x6e,0x70,0x75,
    0x74,0x20,0x74,0x79,0x70,0x65,0x3d,0x22,0x70,0x61,0x73,0x73,0x77,0x6f,0x72,0x64,
    0x22,0x20,0x69,0x64,0x3d,0x22,0x67,0x73,0x6d,0x5f,0x70,0x61,0x73,0x73,0x22,0x20,
    0x6f,0x6e,0x63,0x68,0x61,0x6e,0x67,0x65,0x3d,0x22,0x63,0x28,0x27,0x67,0x73,0x6d,
    0x5f,0x70,0x61,0x73,0x73,0x27,0x2c,0x74,0x68,0x69,0x73,0x2e,0x76,0x61,0x6c,0x75,
    0x65,0x29,0x22,0x3e,0x3c,0x2f,0x64,0x69,0x76,0x3e,0x3c,0x2f,0x64,0x69,0x76,0x3e,
    0x0a,0x3c,0x64,0x69,0x76,0x20,0x63,0x6c,0x61,0x73,0x73,0x3d,0x22,0x73,0x68,0x22,
    0x3e,0x57,0x69,0x46,0x69,0x3c,0x2f,0x64,0x69,0x76,0x3e,0x0a,0x3c,0x64,0x69,0x76,
    0x20,0x63,0x6c,0x61,0x73,0x73,0x3d,0x22,0x72,0x22,0x3e,0x3c,0x64,0x69,0x76,0x20,
    0x63,0x6c,0x61,0x73,0x73,0x3d,0x22,0x66,0x22,0x3e,0x3c,0x6c,0x61,0x62,0x65,0x6c,
    0x3e,0x53,0x53,0x49,0x44,0x3c,0x2f,0x6c,0x61,0x62,0x65,0x6c,0x3e,0x3c,0x69,0x6e,
    0x70,0x75,0x74,0x20,0x74,0x79,0x70,0x65,0x3d,0x22,0x74,0x65,0x78,0x74,0x22,0x20,
    0x69,0x64,0x3d,0x22,0x77,0x69,0x66,0x69,0x5f,0x73,0x73,0x69,0x64,0x22,0x20,0x6f,
    0x6e,0x63,0x68,0x61,0x6e,0x67,0x65,0x3d,0x22,0x63,0x28,0x27,0x77,0x69,0x66,0x69,
    0x5f,0x73,0x73,0x69,0x64,0x27,0x2c,0x74,0x68,0x69,0x73,0x2e,0x76,0x61,0x6c,0x75,
    0x65,0x29,0x22,0x3e,0x3c,0x2f,0x64,0x69,0x76,0x3e,0x3c,0x64,0x69,0x76,0x20,0x63,
    0x6c,0x61,0x73,0x73,0x3d,0x22,0x66,0x22,0x3e,0x3c,0x6c,0x61,0x62,0x65,0x6c,0x3e,
    0xd0,0x9f,0xd0,0xb0,0xd1,0x80,0xd0,0xbe,0xd0,0xbb,0xd1,0x8c,0x3c,0x2f,0x6c,0x61,
    0x62,0x65,0x6c,0x3e,0x3c,0x69,0x6e,0x70,0x75,0x74,0x20,0x74,0x79,0x70,0x65,0x3d,
    0x22,0x70,0x61,0x73,0x73,0x77,0x6f,0x72,0x64,0x22,0x20,0x69,0x64,0x3d,0x22,0x77,
    0x69,0x66,0x69,0x5f,0x70,0x61,0x73,0x73,0x22,0x20,0x6f,0x6e,0x63,0x68,0x61,0x6e,
    0x67,0x65,0x3d,0x22,0x63,0x28,0x27,0x77,0x69,0x66,0x69,0x5f,0x70,0x61,0x73,0x73,
    0x27,0x2c,0x74,0x68,0x69,0x73,0x2e,0x76,0x61,0x6c,0x75,0x65,0x29,0x22,0x3e,0x3c,
    0x2f,0x64,0x69,0x76,0x3e,0x3c,0x2f,0x64,0x69,0x76,0x3e,0x0a,0x3c,0x2f,0x64,0x69,
    0x76,0x3e,0x3c,0x2f,0x64,0x65,0x74,0x61,0x69,0x6c,0x73,0x3e,0x0a,0x3c,0x64,0x65,
    0x74,0x61,0x69,0x6c,0x73,0x3e,0x3c,0x73,0x75,0x6d,0x6d,0x61,0x72,0x79,0x3e,0x48,
    0x3a,0x20,0xd0,0x92,0xd1,0x80,0xd0,0xb5,0xd0,0xbc,0xd1,0x8f,0x20,0xd0,0xb8,0x20,
    0x4e,0x54,0x50,0x3c,0x2f,0x73,0x75,0x6d,0x6d,0x61,0x72,0x79,0x3e,0x3c,0x64,0x69,
    0x76,0x20,0x63,0x6c,0x61,0x73,0x73,0x3d,0x22,0x73,0x63,0x22,0x3e,0x0a,0x3c,0x64,
    0x69,0x76,0x20,0x63,0x6c,0x61,0x73,0x73,0x3d,0x22,0x72,0x22,0x3e,0x3c,0x64,0x69,
    0x76,0x20,0x63,0x6c,0x61,0x73,0x73,0x3d,0x22,0x74,0x67,0x22,0x3e,0x3c,0x69,0x6e,
    0x70,0x75,0x74,0x20,0x74,0x79,0x70,0x65,0x3d,0x22,0x63,0x68,0x65,0x63,0x6b,0x62,
    0x6f,0x78,0x22,0x20,0x69,0x64,0x3d,0x22,0x6e,0x74,0x70,0x5f,0x65,0x6e,0x61,0x62,
    0x6c,0x65,0x64,0x22,0x20,0x6f,0x6e,0x63,0x68,0x61,0x6e,0x67,0x65,0x3d,0x22,0x63,
    0x28,0x27,0x6e,0x74,0x70,0x5f,0x65,0x6e,0x61,0x62,0x6c,0x65,0x64,0x27,0x2c,0x74,
    0x68,0x69,0x73,0x2e,0x63,0x68,0x65,0x63,0x6b,0x65,0x64,0x29,0x22,0x3e,0x3c,0x73,
    0x70,0x61,0x6e,0x3e,0x4e,0x54,0x50,0x3c,0x2f,0x73,0x70,0x61,0x6e,0x3e,0x3c,0x2f,
    0x64,0x69,0x76,0x3e,0x3c,0x64,0x69,0x76,0x20,0x63,0x6c,0x61,0x73,0x73,0x3d,0x22,
    0x66,0x22,0x3e,0x3c,0x6c,0x61,0x62,0x65,0x6c,0x3e,0xd0,0xa1,0xd0,0xb5,0xd1,0x80,
    0xd0,0xb2,0xd0,0xb5,0xd1,0x80,0x3c,0x2f,0x6c,0x61,0x62,0x65,0x6c,0x3e,0x3c,0x69,
    0x6e,0x70,0x75,0x74,0x20,0x74,0x79,0x70,0x65,0x3d,0x22,0x74,0x65,0x78,0x74,0x22,
    0x20,0x69,0x64,0x3d,0x22,0x6e,0x74,0x70,0x5f,0x73,0x65,0x72,0x76,0x65,0x72,0x22,
    0x20,0x76,0x61,0x6c,0x75,0x65,0x3d,0x22,0x70,0x6f,0x6f,0x6c,0x2e,0x6e,0x74,0x70,
    0x2e,0x6f,0x72,0x67,0x22,0x20,0x6f,0x6e,0x63,0x68,0x61,0x6e,0x67,0x65,0x3d,0x22,
    0x63,0x28,0x27,0x6e,0x74,0x70,0x5f,0x73,0x65,0x72,0x76,0x65,0x72,0x27,0x2c,0x74,
    0x68,0x69,0x73,0x2e,0x76,0x61,0x6c,0x75,0x65,0x29,0x22,0x3e,0x3c,0x2f,0x64,0x69,
    0x76,0x3e,0x3c,0x64,0x69,0x76,0x20,0x63,0x6c,0x61,0x73,0x73,0x3d,0x22,0x66,0x22,
    0x20,0x73,0x74,0x79,0x6c,0x65,0x3d,0x22,0x6d,0x61,0x78,0x2d,0x77,0x69,0x64,0x74,
    0x68,0x3a,0x31,0x33,0x30,0x70,0x78,0x22,0x3e,0x3c,0x6c,0x61,0x62,0x65,0x6c,0x3e,
    0xd0,0xa7,0xd0,0xb0,0xd1,0x81,0xd0,0xbe,0xd0,0xb2,0xd0,0xbe,0xd0,0xb9,0x20,0xd0,
    0xbf,0xd0,0xbe,0xd1,0x8f,0xd1,0x81,0x3c,0x2f,0x6c,0x61,0x62,0x65,0x6c,0x3e,0x3c,
    0x73,0x65,0x6c,0x65,0x63,0x74,0x20,0x69,0x64,0x3d,0x22,0x74,0x7a,0x5f,0x6f,0x66,
    0x66,0x22,0x20,0x6f,0x6e,0x63,0x68,0x61,0x6e,0x67,0x65,0x3d,0x22,0x63,0x28,0x27,
    0x74,0x7a,0x5f,0x6f,0x66,0x66,0x27,0x2c,0x2b,0x74,0x68,0x69,0x73,0x2e,0x76,0x61,
    0x6c,0x75,0x65,0x29,0x22,0x3e,0x3c,0x2f,0x73,0x65,0x6c,0x65,0x63,0x74,0x3e,0x3c,
    0x2f,0x64,0x69,0x76,0x3e,0x3c,0x2f,0x64,0x69,0x76,0x3e,0x0a,0x3c,0x2f,0x64,0x69,
    0x76,0x3e,0x3c,0x2f,0x64,0x65,0x74,0x61,0x69,0x6c,0x73,0x3e,0x0a,0x3c,0x64,0x65,
    0x74,0x61,0x69,0x6c,0x73,0x3e,0x3c,0x73,0x75,0x6d,0x6d,0x61,0x72,0x79,0x3e,0x49,
    0x3a,0x20,0xd0,0x92,0xd0,0xb5,0xd0,0xb1,0x20,0xd0,0xb8,0x20,0xd0,0xb1,0xd0,0xb5,
    0xd0,0xb7,0xd0,0xbe,0xd0,0xbf,0xd0,0xb0,0xd1,0x81,0xd0,0xbd,0xd0,0xbe,0xd1,0x81,
    0xd1,0x82,0xd1,0x8c,0x3c,0x2f,0x73,0x75,0x6d,0x6d,0x61,0x72,0x79,0x3e,0x3c,0x64,
    0x69,0x76,0x20,0x63,0x6c,0x61,0x73,0x73,0x3d,0x22,0x73,0x63,0x22,0x3e,0x0a,0x3c,
    0x64,0x69,0x76,0x20,0x63,0x6c,0x61,0x73,0x73,0x3d,0x22,0x72,0x22,0x3e,0x3c,0x64,
    0x69,0x76,0x20,0x63,0x6c,0x61,0x73,0x73,0x3d,0x22,0x66,0x22,0x3e,0x3c,0x6c,0x61,
    0x62,0x65,0x6c,0x3e,0xd0,0x9f,0xd0,0xbe,0xd0,0xbb,0xd1,0x8c,0xd0,0xb7,0xd0,0xbe,
    0xd0,0xb2,0xd0,0xb0,0xd1,0x82,0xd0,0xb5,0xd0,0xbb,0xd1,0x8c,0x3c,0x2f,0x6c,0x61,
    0x62,0x65,0x6c,0x3e,0x3c,0x69,0x6e,0x70,0x75,0x74,0x20,0x74,0x79,0x70,0x65,0x3d,
    0x22,0x74,0x65,0x78,0x74,0x22,0x20,0x69,0x64,0x3d,0x22,0x77,0x65,0x62,0x5f,0x75,
    0x73,0x65,0x72,0x22,0x20,0x76,0x61,0x6c,0x75,0x65,0x3d,0x22,0x61,0x64,0x6d,0x69,
    0x6e,0x22,0x20,0x6f,0x6e,0x63,0x68,0x61,0x6e,0x67,0x65,0x3d,0x22,0x63,0x28,0x27,
    0x77,0x65,0x62,0x5f,0x75,0x73,0x65,0x72,0x27,0x2c,0x74,0x68,0x69,0x73,0x2e,0x76,
    0x61,0x6c,0x75,0x65,0x29,0x22,0x3e,0x3c,0x2f,0x64,0x69,0x76,0x3e,0x3c,0x64,0x69,
    0x76,0x20,0x63,0x6c,0x61,0x73,0x73,0x3d,0x22,0x66,0x22,0x3e,0x3c,0x6c,0x61,0x62,
    0x65,0x6c,0x3e,0xd0,0x9f,0xd0,0xb0,0xd1,0x80,0xd0,0xbe,0xd0,0xbb,0xd1,0x8c,0x3c,
    0x2f,0x6c,0x61,0x62,0x65,0x6c,0x3e,0x3c,0x69,0x6e,0x70,0x75,0x74,0x20,0x74,0x79,
    0x70,0x65,0x3d,0x22,0x70,0x61,0x73,0x73,0x77,0x6f,0x72,0x64,0x22,0x20,0x69,0x64,
    0x3d,0x22,0x77,0x65,0x62,0x5f,0x70,0x61,0x73,0x73,0x22,0x20,0x6f,0x6e,0x63,0x68,
    0x61,0x6e,0x67,0x65,0x3d,0x22,0x63,0x28,0x27,0x77,0x65,0x62,0x5f,0x70,0x61,0x73,
    0x73,0x27,0x2c,0x74,0x68,0x69,0x73,0x2e,0x76,0x61,0x6c,0x75,0x65,0x29,0x22,0x3e,
    0x3c,0x2f,0x64,0x69,0x76,0x3e,0x3c,0x64,0x69,0x76,0x20,0x63,0x6c,0x61,0x73,0x73,
    0x3d,0x22,0x66,0x22,0x20,0x73,0x74,0x79,0x6c,0x65,0x3d,0x22,0x6d,0x61,0x78,0x2d,
    0x77,0x69,0x64,0x74,0x68,0x3a,0x38,0x30,0x70,0x78,0x22,0x3e,0x3c,0x6c,0x61,0x62,
    0x65,0x6c,0x3e,0xd0,0x9f,0xd0,0xbe,0xd1,0x80,0xd1,0x82,0x3c,0x2f,0x6c,0x61,0x62,
    0x65,0x6c,0x3e,0x3c,0x69,0x6e,0x70,0x75,0x74,0x20,0x74,0x79,0x70,0x65,0x3d,0x22,
    0x6e,0x75,0x6d,0x62,0x65,0x72,0x22,0x20,0x69,0x64,0x3d,0x22,0x77,0x65,0x62,0x5f,
    0x70,0x6f,0x72,0x74,0x22,0x20,0x76,0x61,0x6c,0x75,0x65,0x3d,0x22,0x38,0x30,0x22,
    0x20,0x6f,0x6e,0x63,0x68,0x61,0x6e,0x67,0x65,0x3d,0x22,0x63,0x28,0x27,0x77,0x65,
    0x62,0x5f,0x70,0x6f,0x72,0x74,0x27,0x2c,0x2b,0x74,0x68,0x69,0x73,0x2e,0x76,0x61,
    0x6c,0x75,0x65,0x29,0x22,0x3e,0x3c,0x2f,0x64,0x69,0x76,0x3e,0x3c,0x2f,0x64,0x69,
    0x76,0x3e,0x0a,0x3c,0x64,0x69,0x76,0x20,0x63,0x6c,0x61,0x73,0x73,0x3d,0x22,0x72,
    0x22,0x3e,0x3c,0x64,0x69,0x76,0x20,0x63,0x6c,0x61,0x73,0x73,0x3d,0x22,0x74,0x67,
    0x22,0x3e,0x3c,0x69,0x6e,0x70,0x75,0x74,0x20,0x74,0x79,0x70,0x65,0x3d,0x22,0x63,
    0x68,0x65,0x63,0x6b,0x62,0x6f,0x78,0x22,0x20,0x69,0x64,0x3d,0x22,0x77,0x65,0x62,
    0x5f,0x61,0x75,0x74,0x68,0x5f,0x65,0x6e,0x61,0x62,0x6c,0x65,0x64,0x22,0x20,0x6f,
    0x6e,0x63,0x68,0x61,0x6e,0x67,0x65,0x3d,0x22,0x63,0x28,0x27,0x77,0x65,0x62,0x5f,
    0x61,0x75,0x74,0x68,0x5f,0x65,0x6e,0x61,0x62,0x6c,0x65,0x64,0x27,0x2c,0x74,0x68,
    0x69,0x73,0x2e,0x63,0x68,0x65,0x63,0x6b,0x65,0x64,0x29,0x22,0x3e,0x3c,0x73,0x70,
    0x61,0x6e,0x3e,0xd0,0x90,0xd1,0x83,0xd1,0x82,0xd0,0xb5,0xd0,0xbd,0xd1,0x82,0xd0,
    0xb8,0xd1,0x84,0xd0,0xb8,0xd0,0xba,0xd0,0xb0,0xd1,0x86,0xd0,0xb8,0xd1,0x8f,0x3c,
    0x2f,0x73,0x70,0x61,0x6e,0x3e,0x3c,0x2f,0x64,0x69,0x76,0x3e,0x3c,0x64,0x69,0x76,
    0x20,0x63,0x6c,0x61,0x73,0x73,0x3d,0x22,0x74,0x67,0x22,0x3e,0x3c,0x69,0x6e,0x70,
    0x75,0x74,0x20,0x74,0x79,0x70,0x65,0x3d,0x22,0x63,0x68,0x65,0x63,0x6b,0x62,0x6f,
    0x78,0x22,0x20,0x69,0x64,0x3d,0x22,0x77,0x65,0x62,0x5f,0x65,0x78,0x63,0x6c,0x75,
    0x73,0x69,0x76,0x65,0x5f,0x6d,0x6f,0x64,0x65,0x22,0x20,0x6f,0x6e,0x63,0x68,0x61,
    0x6e,0x67,0x65,0x3d,0x22,0x63,0x28,0x27,0x77,0x65,0x62,0x5f,0x65,0x78,0x63,0x6c,
    0x75,0x73,0x69,0x76,0x65,0x5f,0x6d,0x6f,0x64,0x65,0x27,0x2c,0x74,0x68,0x69,0x73,
    0x2e,0x63,0x68,0x65,0x63,0x6b,0x65,0x64,0x29,0x22,0x3e,0x3c,0x73,0x70,0x61,0x6e,
    0x3e,0xd0,0xad,0xd0,0xba,0xd1,0x81,0xd0,0xba,0xd0,0xbb,0xd1,0x8e,0xd0,0xb7,0xd0,
    0xb8,0xd0,0xb2,0xd0,0xbd,0xd1,0x8b,0xd0,0xb9,0x20,0xd1,0x80,0xd0,0xb5,0xd0,0xb6,
    0xd0,0xb8,0xd0,0xbc,0x3c,0x2f,0x73,0x70,0x61,0x6e,0x3e,0x3c,0x2f,0x64,0x69,0x76,
    0x3e,0x3c,0x64,0x69,0x76,0x20,0x63,0x6c,0x61,0x73,0x73,0x3d,0x22,0x66,0x22,0x20,
    0x73,0x74,0x79,0x6c,0x65,0x3d,0x22,0x6d,0x61,0x78,0x2d,0x77,0x69,0x64,0x74,0x68,
    0x3a,0x31,0x35,0x30,0x70,0x78,0x22,0x3e,0x3c,0x6c,0x61,0x62,0x65,0x6c,0x3e,0xd0,
    0xa2,0xd0,0xb0,0xd0,0xb9,0xd0,0xbc,0xd0,0xb0,0xd1,0x83,0xd1,0x82,0x20,0xd0,0xbf,
    0xd1,0x80,0xd0,0xbe,0xd1,0x81,0xd1,0x82,0xd0,0xbe,0xd1,0x8f,0x20,0x28,0xd1,0x81,
    0x29,0x3c,0x2f,0x6c,0x61,0x62,0x65,0x6c,0x3e,0x3c,0x69,0x6e,0x70,0x75,0x74,0x20,
    0x74,0x79,0x70,0x65,0x3d,0x22,0x6e,0x75,0x6d,0x62,0x65,0x72,0x22,0x20,0x69,0x64,
    0x3d,0x22,0x77,0x65,0x62,0x5f,0x69,0x64,0x6c,0x65,0x5f,0x74,0x69,0x6d,0x65,0x6f,
    0x75,0x74,0x5f,0x73,0x22,0x20,0x76,0x61,0x6c,0x75,0x65,0x3d,0x22,0x33,0x30,0x30,
    0x22,0x20,0x6f,0x6e,0x63,0x68,0x61,0x6e,0x67,0x65,0x3d,0x22,0x63,0x28,0x27,0x77,
    0x65,0x62,0x5f,0x69,0x64,0x6c,0x65,0x5f,0x74,0x69,0x6d,0x65,0x6f,0x75,0x74,0x5f,
    0x73,0x27,0x2c,0x2b,0x74,0x68,0x69,0x73,0x2e,0x76,0x61,0x6c,0x75,0x65,0x29,0x22,
    0x3e,0x3c,0x2f,0x64,0x69,0x76,0x3e,0x3c,0x2f,0x64,0x69,0x76,0x3e,0x0a,0x3c,0x2f,
    0x64,0x69,0x76,0x3e,0x3c,0x2f,0x64,0x65,0x74,0x61,0x69,0x6c,0x73,0x3e,0x0a,0x3c,
    0x64,0x65,0x74,0x61,0x69,0x6c,0x73,0x3e,0x3c,0x73,0x75,0x6d,0x6d,0x61,0x72,0x79,
    0x3e,0x4a,0x3a,0x20,0xd0,0x9e,0xd0,0xbf,0xd0,0xbe,0xd0,0xb2,0xd0,0xb5,0xd1,0x89,
    0xd0,0xb5,0xd0,0xbd,0xd0,0xb8,0xd1,0x8f,0x3c,0x2f,0x73,0x75,0x6d,0x6d,0x61,0x72,
    0x79,0x3e,0x3c,0x64,0x69,0x76,0x20,0x63,0x6c,0x61,0x73,0x73,0x3d,0x22,0x73,0x63,
    0x22,0x3e,0x0a,0x3c,0x64,0x69,0x76,0x20,0x63,0x6c,0x61,0x73,0x73,0x3d,0x22,0x72,
    0x22,0x3e,0x3c,0x64,0x69,0x76,0x20,0x63,0x6c,0x61,0x73,0x73,0x3d,0x22,0x74,0x67,
    0x22,0x3e,0x3c,0x69,0x6e,0x70,0x75,0x74,0x20,0x74,0x79,0x70,0x65,0x3d,0x22,0x63,
    0x68,0x65,0x63,0x6b,0x62,0x6f,0x78,0x22,0x20,0x69,0x64,0x3d,0x22,0x61,0x6c,0x65,
    0x72,0x74,0x73,0x5f,0x65,0x6e,0x61,0x62,0x6c,0x65,0x64,0x22,0x20,0x6f,0x6e,0x63,
    0x68,0x61,0x6e,0x67,0x65,0x3d,0x22,0x63,0x28,0x27,0x61,0x6c,0x65,0x72,0x74,0x73,
    0x5f,0x65,0x6e,0x61,0x62,0x6c,0x65,0x64,0x27,0x2c,0x74,0x68,0x69,0x73,0x2e,0x63,
    0x68,0x65,0x63,0x6b,0x65,0x64,0x29,0x22,0x3e,0x3c,0x73,0x70,0x61,0x6e,0x3e,0xd0,
    0x9e,0xd0,0xbf,0xd0,0xbe,0xd0,0xb2,0xd0,0xb5,0xd1,0x89,0xd0,0xb5,0xd0,0xbd,0xd0,
    0xb8,0xd1,0x8f,0x3c,0x2f,0x73,0x70,0x61,0x6e,0x3e,0x3c,0x2f,0x64,0x69,0x76,0x3e,
    0x3c,0x64,0x69,0x76,0x20,0x63,0x6c,0x61,0x73,0x73,0x3d,0x22,0x66,0x22,0x20,0x73,
    0x74,0x79,0x6c,0x65,0x3d,0x22,0x6d,0x61,0x78,0x2d,0x77,0x69,0x64,0x74,0x68,0x3a,
    0x31,0x35,0x30,0x70,0x78,0x22,0x3e,0x3c,0x6c,0x61,0x62,0x65,0x6c,0x3e,0xd0,0x91,
    0xd0,0xb0,0xd1,0x82,0xd0,0xb0,0xd1,0x80,0xd0,0xb5,0xd1,0x8f,0x20,0xd0,0xbc,0xd0,
    0xb8,0xd0,0xbd,0x2e,0x20,0x28,0x25,0x29,0x3c,0x2f,0x6c,0x61,0x62,0x65,0x6c,0x3e,
    0x3c,0x69,0x6e,0x70,0x75,0x74,0x20,0x74,0x79,0x70,0x65,0x3d,0x22,0x6e,0x75,0x6d,
    0x62,0x65,0x72,0x22,0x20,0x69,0x64,0x3d,0x22,0x62,0x61,0x74,0x74,0x5f,0x6c,0x6f,
    0x77,0x22,0x20,0x76,0x61,0x6c,0x75,0x65,0x3d,0x22,0x32,0x30,0x22,0x20,0x6f,0x6e,
    0x63,0x68,0x61,0x6e,0x67,0x65,0x3d,0x22,0x63,0x28,0x27,0x62,0x61,0x74,0x74,0x5f,
    0x6c,0x6f,0x77,0x27,0x2c,0x2b,0x74,0x68,0x69,0x73,0x2e,0x76,0x61,0x6c,0x75,0x65,
    0x29,0x22,0x3e,0x3c,0x2f,0x64,0x69,0x76,0x3e,0x3c,0x2f,0x64,0x69,0x76,0x3e,0x0a,
    0x3c,0x64,0x69,0x76,0x20,0x73,0x74,0x79,0x6c,0x65,0x3d,0x22,0x64,0x69,0x73,0x70,
    0x6c,0x61,0x79,0x3a,0x67,0x72,0x69,0x64,0x3b,0x67,0x72,0x69,0x64,0x2d,0x74,0x65,
    0x6d,0x70,0x6c,0x61,0x74,0x65,0x2d,0x63,0x6f,0x6c,0x75,0x6d,0x6e,0x73,0x3a,0x31,
    0x66,0x72,0x20,0x31,0x66,0x72,0x3b,0x67,0x61,0x70,0x3a,0x36,0x70,0x78,0x3b,0x6d,
    0x61,0x72,0x67,0x69,0x6e,0x2d,0x62,0x6f,0x74,0x74,0x6f,0x6d,0x3a,0x38,0x70,0x78,
    0x22,0x3e,0x3c,0x64,0x69,0x76,0x20,0x69,0x64,0x3d,0x22,0x73,0x6e,0x73,0x5f,0x6d,
    0x69,0x6e,0x22,0x3e,0x3c,0x2f,0x64,0x69,0x76,0x3e,0x3c,0x64,0x69,0x76,0x20,0x69,
    0x64,0x3d,0x22,0x73,0x6e,0x73,0x5f,0x6d,0x61,0x78,0x22,0x3e,0x3c,0x2f,0x64,0x69,
    0x76,0x3e,0x3c,0x2f,0x64,0x69,0x76,0x3e,0x0a,0x3c,0x64,0x69,0x76,0x20,0x63,0x6c,
    0x61,0x73,0x73,0x3d,0x22,0x72,0x22,0x3e,0x3c,0x64,0x69,0x76,0x20,0x63,0x6c,0x61,
    0x73,0x73,0x3d,0x22,0x74,0x67,0x22,0x3e,0x3c,0x69,0x6e,0x70,0x75,0x74,0x20,0x74,
    0x79,0x70,0x65,0x3d,0x22,0x63,0x68,0x65,0x63,0x6b,0x62,0x6f,0x78,0x22,0x20,0x69,
    0x64,0x3d,0x22,0x61,0x6c,0x65,0x72,0x74,0x5f,0x63,0x68,0x5f,0x66,0x61,0x69,0x6c,
    0x22,0x20,0x6f,0x6e,0x63,0x68,0x61,0x6e,0x67,0x65,0x3d,0x22,0x63,0x28,0x27,0x61,
    0x6c,0x65,0x72,0x74,0x5f,0x6f,0x6e,0x5f,0x63,0x68,0x61,0x6e,0x6e,0x65,0x6c,0x5f,
    0x66,0x61,0x69,0x6c,0x27,0x2c,0x74,0x68,0x69,0x73,0x2e,0x63,0x68,0x65,0x63,0x6b,
    0x65,0x64,0x29,0x22,0x3e,0x3c,0x73,0x70,0x61,0x6e,0x3e,0xd0,0xa1,0xd0,0xb1,0xd0,
    0xbe,0xd0,0xb9,0x20,0xd0,0xba,0xd0,0xb0,0xd0,0xbd,0xd0,0xb0,0xd0,0xbb,0xd0,0xb0,
    0x3c,0x2f,0x73,0x70,0x61,0x6e,0x3e,0x3c,0x2f,0x64,0x69,0x76,0x3e,0x3c,0x64,0x69,
    0x76,0x20,0x63,0x6c,0x61,0x73,0x73,0x3d,0x22,0x74,0x67,0x22,0x3e,0x3c,0x69,0x6e,
    0x70,0x75,0x74,0x20,0x74,0x79,0x70,0x65,0x3d,0x22,0x63,0x68,0x65,0x63,0x6b,0x62,
    0x6f,0x78,0x22,0x20,0x69,0x64,0x3d,0x22,0x61,0x6c,0x65,0x72,0x74,0x5f,0x73,0x6e,
    0x5f,0x66,0x61,0x69,0x6c,0x22,0x20,0x6f,0x6e,0x63,0x68,0x61,0x6e,0x67,0x65,0x3d,
    0x22,0x63,0x28,0x27,0x61,0x6c,0x65,0x72,0x74,0x5f,0x6f,0x6e,0x5f,0x73,0x65,0x6e,
    0x73,0x6f,0x72,0x5f,0x66,0x61,0x69,0x6c,0x27,0x2c,0x74,0x68,0x69,0x73,0x2e,0x63,
    0x68,0x65,0x63,0x6b,0x65,0x64,0x29,0x22,0x3e,0x3c,0x73,0x70,0x61,0x6e,0x3e,0xd0,
    0xa1,0xd0,0xb1,0xd0,0xbe,0xd0,0xb9,0x20,0xd0,0xb4,0xd0,0xb0,0xd1,0x82,0xd1,0x87,
    0xd0,0xb8,0xd0,0xba,0xd0,0xb0,0x3c,0x2f,0x73,0x70,0x61,0x6e,0x3e,0x3c,0x2f,0x64,
    0x69,0x76,0x3e,0x3c,0x2f,0x64,0x69,0x76,0x3e,0x0a,0x3c,0x64,0x69,0x76,0x20,0x63,
    0x6c,0x61,0x73,0x73,0x3d,0x22,0x66,0x22,0x20,0x73,0x74,0x79,0x6c,0x65,0x3d,0x22,
    0x6d,0x61,0x72,0x67,0x69,0x6e,0x2d,0x74,0x6f,0x70,0x3a,0x36,0x70,0x78,0x22,0x3e,
    0x3c,0x6c,0x61,0x62,0x65,0x6c,0x3e,0x57,0x65,0x62,0x68,0x6f,0x6f,0x6b,0x20,0xd0,
    0xbe,0xd0,0xbf,0xd0,0xbe,0xd0,0xb2,0xd0,0xb5,0xd1,0x89,0xd0,0xb5,0xd0,0xbd,0xd0,
    0xb8,0xd0,0xb9,0x3c,0x2f,0x6c,0x61,0x62,0x65,0x6c,0x3e,0x3c,0x69,0x6e,0x70,0x75,
    0x74,0x20,0x74,0x79,0x70,0x65,0x3d,0x22,0x74,0x65,0x78,0x74,0x22,0x20,0x69,0x64,
    0x3d,0x22,0x61,0x6c,0x65,0x72,0x74,0x5f,0x77,0x65,0x62,0x68,0x6f,0x6f,0x6b,0x5f,
    0x75,0x72,0x6c,0x22,0x20,0x6f,0x6e,0x63,0x68,0x61,0x6e,0x67,0x65,0x3d,0x22,0x63,
    0x28,0x27,0x61,0x6c,0x65,0x72,0x74,0x5f,0x77,0x65,0x62,0x68,0x6f,0x6f,0x6b,0x5f,
    0x75,0x72,0x6c,0x27,0x2c,0x74,0x68,0x69,0x73,0x2e,0x76,0x61,0x6c,0x75,0x65,0x29,
    0x22,0x3e,0x3c,0x2f,0x64,0x69,0x76,0x3e,0x0a,0x3c,0x2f,0x64,0x69,0x76,0x3e,0x3c,
    0x2f,0x64,0x65,0x74,0x61,0x69,0x6c,0x73,0x3e,0x0a,0x3c,0x64,0x69,0x76,0x20,0x63,
    0x6c,0x61,0x73,0x73,0x3d,0x22,0x62,0x61,0x72,0x22,0x3e,0x3c,0x62,0x75,0x74,0x74,
    0x6f,0x6e,0x20,0x63,0x6c,0x61,0x73,0x73,0x3d,0x22,0x62,0x74,0x6e,0x22,0x20,0x6f,
    0x6e,0x63,0x6c,0x69,0x63,0x6b,0x3d,0x22,0x73,0x61,0x76,0x65,0x28,0x29,0x22,0x3e,
    0xf0,0x9f,0x92,0xbe,0x20,0xd0,0xa1,0xd0,0xbe,0xd1,0x85,0xd1,0x80,0xd0,0xb0,0xd0,
    0xbd,0xd0,0xb8,0xd1,0x82,0xd1,0x8c,0x3c,0x2f,0x62,0x75,0x74,0x74,0x6f,0x6e,0x3e,
    0x3c,0x62,0x75,0x74,0x74,0x6f,0x6e,0x20,0x63,0x6c,0x61,0x73,0x73,0x3d,0x22,0x62,
    0x74,0x6e,0x20,0x73,0x22,0x20,0x6f,0x6e,0x63,0x6c,0x69,0x63,0x6b,0x3d,0x22,0x72,
    0x73,0x74,0x28,0x29,0x22,0x3e,0xe2,0x86,0xba,0x20,0xd0,0xa1,0xd0,0xb1,0xd1,0x80,
    0xd0,0xbe,0xd1,0x81,0x3c,0x2f,0x62,0x75,0x74,0x74,0x6f,0x6e,0x3e,0x3c,0x62,0x75,
    0x74,0x74,0x6f,0x6e,0x20,0x63,0x6c,0x61,0x73,0x73,0x3d,0x22,0x62,0x74,0x6e,0x20,
    0x73,0x22,0x20,0x6f,0x6e,0x63,0x6c,0x69,0x63,0x6b,0x3d,0x22,0x65,0x78,0x70,0x28,
    0x29,0x22,0x3e,0xe2,0xac,0x87,0x20,0xd0,0xad,0xd0,0xba,0xd1,0x81,0xd0,0xbf,0xd0,
    0xbe,0xd1,0x80,0xd1,0x82,0x20,0x4a,0x53,0x4f,0x4e,0x3c,0x2f,0x62,0x75,0x74,0x74,
    0x6f,0x6e,0x3e,0x3c,0x73,0x70,0x61,0x6e,0x20,0x63,0x6c,0x61,0x73,0x73,0x3d,0x22,
    0x6d,0x73,0x67,0x22,0x20,0x69,0x64,0x3d,0x22,0x6d,0x73,0x67,0x22,0x3e,0x3c,0x2f,
    0x73,0x70,0x61,0x6e,0x3e,0x3c,0x2f,0x64,0x69,0x76,0x3e,0x3c,0x2f,0x64,0x69,0x76,
    0x3e,0x0a,0x3c,0x2f,0x64,0x69,0x76,0x3e,0x0a,0x3c,0x64,0x69,0x76,0x20,0x69,0x64,
    0x3d,0x22,0x74,0x6f,0x61,0x73,0x74,0x22,0x3e,0x3c,0x2f,0x64,0x69,0x76,0x3e,0x0a,
    0x3c,0x73,0x63,0x72,0x69,0x70,0x74,0x3e,0x0a,0x76,0x61,0x72,0x20,0x63,0x66,0x67,
    0x3d,0x7b,0x7d,0x3b,0x0a,0x76,0x61,0x72,0x20,0x44,0x54,0x3d,0x5b,0x27,0x49,0x4e,
    0x54,0x31,0x36,0x27,0x2c,0x27,0x55,0x49,0x4e,0x54,0x31,0x36,0x27,0x2c,0x27,0x49,
    0x4e,0x54,0x33,0x32,0x5f,0x42,0x45,0x27,0x2c,0x27,0x55,0x49,0x4e,0x54,0x33,0x32,
    0x5f,0x42,0x45,0x27,0x2c,0x27,0x46,0x4c,0x4f,0x41,0x54,0x33,0x32,0x5f,0x42,0x45,
    0x27,0x5d,0x3b,0x0a,0x76,0x61,0x72,0x20,0x53,0x52,0x43,0x3d,0x5b,0x27,0xd0,0x94,
    0xd0,0xb0,0xd1,0x82,0xd1,0x87,0xd0,0xb8,0xd0,0xba,0x20,0x30,0x27,0x2c,0x27,0xd0,
    0x94,0xd0,0xb0,0xd1,0x82,0xd1,0x87,0xd0,0xb8,0xd0,0xba,0x20,0x31,0x27,0x2c,0x27,
    0xd0,0x94,0xd0,0xb0,0xd1,0x82,0xd1,0x87,0xd0,0xb8,0xd0,0xba,0x20,0x32,0x27,0x2c,
    0x27,0xd0,0x94,0xd0,0xb0,0xd1,0x82,0xd1,0x87,0xd0,0xb8,0xd0,0xba,0x20,0x33,0x27,
    0x2c,0x27,0xd0,0x91,0xd0,0xb0,0xd1,0x82,0xd0,0xb0,0xd1,0x80,0xd0,0xb5,0xd1,0x8f,
    0x25,0x27,0x2c,0x27,0xd0,0x91,0xd0,0xb0,0xd1,0x82,0xd0,0xb0,0xd1,0x80,0xd0,0xb5,
    0xd1,0x8f,0x20,0x56,0x27,0x2c,0x27,0xd0,0xa1,0xd1,0x82,0xd0,0xb0,0xd1,0x82,0xd1,
    0x83,0xd1,0x81,0x20,0xd0,0xba,0xd0,0xb0,0xd0,0xbd,0xd0,0xb0,0xd0,0xbb,0xd0,0xbe,
    0xd0,0xb2,0x27,0x5d,0x3b,0x0a,0x76,0x61,0x72,0x20,0x43,0x48,0x4e,0x3d,0x5b,0x27,
    0x45,0x74,0x68,0x65,0x72,0x6e,0x65,0x74,0x20,0x57,0x35,0x35,0x30,0x30,0x27,0x2c,
    0x27,0x47,0x53,0x4d,0x27,0x2c,0x27,0x57,0x69,0x46,0x69,0x20,0x45,0x53,0x50,0x38,
    0x32,0x36,0x36,0x27,0x2c,0x27,0x49,0x72,0x69,0x64,0x69,0x75,0x6d,0x20,0x53,0x42,
    0x44,0x27,0x5d,0x3b,0x0a,0x76,0x61,0x72,0x20,0x63,0x6f,0x72,0x64,0x3d,0x5b,0x30,
    0x2c,0x31,0x2c,0x32,0x2c,0x33,0x5d,0x2c,0x63,0x6f,0x65,0x6e,0x3d,0x5b,0x66,0x61,
    0x6c,0x73,0x65,0x2c,0x66,0x61,0x6c,0x73,0x65,0x2c,0x66,0x61,0x6c,0x73,0x65,0x2c,
    0x66,0x61,0x6c,0x73,0x65,0x5d,0x3b,0x0a,0x0a,0x66,0x75,0x6e,0x63,0x74,0x69,0x6f,
    0x6e,0x20,0x63,0x28,0x6b,0x2c,0x76,0x29,0x7b,0x63,0x66,0x67,0x5b,0x6b,0x5d,0x3d,
    0x76,0x7d,0x0a,0x66,0x75,0x6e,0x63,0x74,0x69,0x6f,0x6e,0x20,0x73,0x68,0x28,0x69,
    0x64,0x2c,0x76,0x29,0x7b,0x64,0x6f,0x63,0x75,0x6d,0x65,0x6e,0x74,0x2e,0x67,0x65,
    0x74,0x45,0x6c,0x65,0x6d,0x65,0x6e,0x74,0x42,0x79,0x49,0x64,0x28,0x69,0x64,0x29,
    0x2e,0x73,0x74,0x79,0x6c,0x65,0x2e,0x64,0x69,0x73,0x70,0x6c,0x61,0x79,0x3d,0x76,
    0x3f,0x27,0x66,0x6c,0x65,0x78,0x27,0x3a,0x27,0x6e,0x6f,0x6e,0x65,0x27,0x7d,0x0a,
    0x0a,0x66,0x75,0x6e,0x63,0x74,0x69,0x6f,0x6e,0x20,0x73,0x70,0x28,0x76,0x29,0x7b,
    0x0a,0x20,0x20,0x64,0x6f,0x63,0x75,0x6d,0x65,0x6e,0x74,0x2e,0x67,0x65,0x74,0x45,
    0x6c,0x65,0x6d,0x65,0x6e,0x74,0x42,0x79,0x49,0x64,0x28,0x27,0x67,0x5f,0x74,0x62,
    0x27,0x29,0x2e,0x73,0x74,0x79,0x6c,0x65,0x2e,0x64,0x69,0x73,0x70,0x6c,0x61,0x79,
    0x3d,0x28,0x76,0x3d,0x3d,0x3d,0x27,0x68,0x74,0x74,0x70,0x73,0x5f,0x74,0x62,0x27,
    0x7c,0x7c,0x76,0x3d,0x3d,0x3d,0x27,0x6d,0x71,0x74,0x74,0x5f,0x74,0x62,0x27,0x29,
    0x3f,0x27,0x62,0x6c,0x6f,0x63,0x6b,0x27,0x3a,0x27,0x6e,0x6f,0x6e,0x65,0x27,0x3b,
    0x0a,0x20,0x20,0x64,0x6f,0x63,0x75,0x6d,0x65,0x6e,0x74,0x2e,0x67,0x65,0x74,0x45,
    0x6c,0x65,0x6d,0x65,0x6e,0x74,0x42,0x79,0x49,0x64,0x28,0x27,0x67,0x5f,0x6d,0x71,
    0x74,0x74,0x27,0x29,0x2e,0x73,0x74,0x79,0x6c,0x65,0x2e,0x64,0x69,0x73,0x70,0x6c,
    0x61,0x79,0x3d,0x28,0x76,0x3d,0x3d,0x3d,0x27,0x6d,0x71,0x74,0x74,0x5f,0x67,0x65,
    0x6e,0x27,0x7c,0x7c,0x76,0x3d,0x3d,0x3d,0x27,0x6d,0x71,0x74,0x74,0x5f,0x74,0x62,
    0x27,0x29,0x3f,0x27,0x62,0x6c,0x6f,0x63,0x6b,0x27,0x3a,0x27,0x6e,0x6f,0x6e,0x65,
    0x27,0x3b,0x0a,0x20,0x20,0x64,0x6f,0x63,0x75,0x6d,0x65,0x6e,0x74,0x2e,0x67,0x65,
    0x74,0x45,0x6c,0x65,0x6d,0x65,0x6e,0x74,0x42,0x79,0x49,0x64,0x28,0x27,0x67,0x5f,
    0x77,0x68,0x27,0x29,0x2e,0x73,0x74,0x79,0x6c,0x65,0x2e,0x64,0x69,0x73,0x70,0x6c,
    0x61,0x79,0x3d,0x28,0x76,0x3d,0x3d,0x3d,0x27,0x77,0x65,0x62,0x68,0x6f,0x6f,0x6b,
    0x27,0x29,0x3f,0x27,0x62,0x6c,0x6f,0x63,0x6b,0x27,0x3a,0x27,0x6e,0x6f,0x6e,0x65,
    0x27,0x3b,0x0a,0x20,0x20,0x63,0x66,0x67,0x2e,0x70,0x72,0x6f,0x74,0x6f,0x3d,0x76,
    0x3b,0x0a,0x7d,0x0a,0x0a,0x66,0x75,0x6e,0x63,0x74,0x69,0x6f,0x6e,0x20,0x73,0x74,
    0x28,0x65,0x6c,0x2c,0x69,0x64,0x29,0x7b,0x0a,0x20,0x20,0x64,0x6f,0x63,0x75,0x6d,
    0x65,0x6e,0x74,0x2e,0x71,0x75,0x65,0x72,0x79,0x53,0x65,0x6c,0x65,0x63,0x74,0x6f,
    0x72,0x41,0x6c,0x6c,0x28,0x27,0x2e,0x74,0x61,0x62,0x27,0x29,0x2e,0x66,0x6f,0x72,
    0x45,0x61,0x63,0x68,0x28,0x66,0x75,0x6e,0x63,0x74,0x69,0x6f,0x6e,0x28,0x74,0x29,
    0x7b,0x74,0x2e,0x63,0x6c,0x61,0x73,0x73,0x4c,0x69,0x73,0x74,0x2e,0x72,0x65,0x6d,
    0x6f,0x76,0x65,0x28,0x27,0x61,0x63,0x74,0x27,0x29,0x7d,0x29,0x3b,0x0a,0x20,0x20,
    0x64,0x6f,0x63,0x75,0x6d,0x65,0x6e,0x74,0x2e,0x71,0x75,0x65,0x72,0x79,0x53,0x65,
    0x6c,0x65,0x63,0x74,0x6f,0x72,0x41,0x6c,0x6c,0x28,0x27,0x2e,0x74,0x70,0x27,0x29,
    0x2e,0x66,0x6f,0x72,0x45,0x61,0x63,0x68,0x28,0x66,0x75,0x6e,0x63,0x74,0x69,0x6f,
    0x6e,0x28,0x74,0x29,0x7b,0x74,0x2e,0x63,0x6c,0x61,0x73,0x73,0x4c,0x69,0x73,0x74,
    0x2e,0x72,0x65,0x6d,0x6f,0x76,0x65,0x28,0x27,0x61,0x63,0x74,0x27,0x29,0x7d,0x29,
    0x3b,0x0a,0x20,0x20,0x65,0x6c,0x2e,0x63,0x6c,0x61,0x73,0x73,0x4c,0x69,0x73,0x74,
    0x2e,0x61,0x64,0x64,0x28,0x27,0x61,0x63,0x74,0x27,0x29,0x3b,0x64,0x6f,0x63,0x75,
    0x6d,0x65,0x6e,0x74,0x2e,0x67,0x65,0x74,0x45,0x6c,0x65,0x6d,0x65,0x6e,0x74,0x42,
    0x79,0x49,0x64,0x28,0x69,0x64,0x29,0x2e,0x63,0x6c,0x61,0x73,0x73,0x4c,0x69,0x73,
    0x74,0x2e,0x61,0x64,0x64,0x28,0x27,0x61,0x63,0x74,0x27,0x29,0x3b,0x0a,0x7d,0x0a,
    0x0a,0x66,0x75,0x6e,0x63,0x74,0x69,0x6f,0x6e,0x20,0x6d,0x76,0x28,0x69,0x2c,0x64,
    0x29,0x7b,0x0a,0x20,0x20,0x76,0x61,0x72,0x20,0x6a,0x3d,0x69,0x2b,0x64,0x3b,0x69,
    0x66,0x28,0x6a,0x3c,0x30,0x7c,0x7c,0x6a,0x3e,0x33,0x29,0x72,0x65,0x74,0x75,0x72,
    0x6e,0x3b,0x0a,0x20,0x20,0x76,0x61,0x72,0x20,0x74,0x3d,0x63,0x6f,0x72,0x64,0x5b,
    0x69,0x5d,0x3b,0x63,0x6f,0x72,0x64,0x5b,0x69,0x5d,0x3d,0x63,0x6f,0x72,0x64,0x5b,
    0x6a,0x5d,0x3b,0x63,0x6f,0x72,0x64,0x5b,0x6a,0x5d,0x3d,0x74,0x3b,0x0a,0x20,0x20,
    0x76,0x61,0x72,0x20,0x74,0x32,0x3d,0x63,0x6f,0x65,0x6e,0x5b,0x69,0x5d,0x3b,0x63,
    0x6f,0x65,0x6e,0x5b,0x69,0x5d,0x3d,0x63,0x6f,0x65,0x6e,0x5b,0x6a,0x5d,0x3b,0x63,
    0x6f,0x65,0x6e,0x5b,0x6a,0x5d,0x3d,0x74,0x32,0x3b,0x0a,0x20,0x20,0x72,0x6e,0x64,
    0x4f,0x72,0x64,0x28,0x29,0x3b,0x0a,0x7d,0x0a,0x0a,0x66,0x75,0x6e,0x63,0x74,0x69,
    0x6f,0x6e,0x20,0x72,0x6e,0x64,0x4f,0x72,0x64,0x28,0x29,0x7b,0x0a,0x20,0x20,0x76,
    0x61,0x72,0x20,0x68,0x3d,0x27,0x27,0x3b,0x0a,0x20,0x20,0x66,0x6f,0x72,0x28,0x76,
    0x61,0x72,0x20,0x69,0x3d,0x30,0x3b,0x69,0x3c,0x34,0x3b,0x69,0x2b,0x2b,0x29,0x7b,
    0x0a,0x20,0x20,0x20,0x20,0x68,0x2b,0x3d,0x27,0x3c,0x64,0x69,0x76,0x20,0x63,0x6c,
    0x61,0x73,0x73,0x3d,0x22,0x64,0x72,0x22,0x3e,0x3c,0x69,0x6e,0x70,0x75,0x74,0x20,
    0x74,0x79,0x70,0x65,0x3d,0x22,0x63,0x68,0x65,0x63,0x6b,0x62,0x6f,0x78,0x22,0x20,
    0x73,0x74,0x79,0x6c,0x65,0x3d,0x22,0x77,0x69,0x64,0x74,0x68,0x3a,0x61,0x75,0x74,
    0x6f,0x22,0x27,0x2b,0x28,0x63,0x6f,0x65,0x6e,0x5b,0x69,0x5d,0x3f,0x27,0x20,0x63,
    0x68,0x65,0x63,0x6b,0x65,0x64,0x27,0x3a,0x27,0x27,0x29,0x0a,0x20,0x20,0x20,0x20,
    0x20,0x20,0x2b,0x27,0x20,0x6f,0x6e,0x63,0x68,0x61,0x6e,0x67,0x65,0x3d,0x22,0x63,
    0x6f,0x65,0x6e,0x5b,0x27,0x2b,0x69,0x2b,0x27,0x5d,0x3d,0x74,0x68,0x69,0x73,0x2e,
    0x63,0x68,0x65,0x63,0x6b,0x65,0x64,0x22,0x3e,0x3c,0x73,0x70,0x61,0x6e,0x3e,0x27,
    0x2b,0x43,0x48,0x4e,0x5b,0x63,0x6f,0x72,0x64,0x5b,0x69,0x5d,0x5d,0x2b,0x27,0x3c,
    0x2f,0x73,0x70,0x61,0x6e,0x3e,0x27,0x0a,0x20,0x20,0x20,0x20,0x20,0x20,0x2b,0x27,
    0x3c,0x62,0x75,0x74,0x74,0x6f,0x6e,0x20,0x6f,0x6e,0x63,0x6c,0x69,0x63,0x6b,0x3d,
    0x22,0x6d,0x76,0x28,0x27,0x2b,0x69,0x2b,0x27,0x2c,0x2d,0x31,0x29,0x22,0x3e,0xe2,
    0x96,0xb2,0x3c,0x2f,0x62,0x75,0x74,0x74,0x6f,0x6e,0x3e,0x3c,0x62,0x75,0x74,0x74,
    0x6f,0x6e,0x20,0x6f,0x6e,0x63,0x6c,0x69,0x63,0x6b,0x3d,0x22,0x6d,0x76,0x28,0x27,
    0x2b,0x69,0x2b,0x27,0x2c,0x31,0x29,0x22,0x3e,0xe2,0x96,0xbc,0x3c,0x2f,0x62,0x75,
    0x74,0x74,0x6f,0x6e,0x3e,0x3c,0x2f,0x64,0x69,0x76,0x3e,0x27,0x3b,0x0a,0x20,0x20,
    0x7d,0x0a,0x20,0x20,0x64,0x6f,0x63,0x75,0x6d,0x65,0x6e,0x74,0x2e,0x67,0x65,0x74,
    0x45,0x6c,0x65,0x6d,0x65,0x6e,0x74,0x42,0x79,0x49,0x64,0x28,0x27,0x63,0x6f,0x72,
    0x64,0x27,0x29,0x2e,0x69,0x6e,0x6e,0x65,0x72,0x48,0x54,0x4d,0x4c,0x3d,0x68,0x3b,
    0x0a,0x7d,0x0a,0x0a,0x76,0x61,0x72,0x20,0x42,0x44,0x3d,0x5b,0x27,0x32,0x34,0x30,
    0x30,0x27,0x2c,0x27,0x34,0x38,0x30,0x30,0x27,0x2c,0x27,0x39,0x36,0x30,0x30,0x27,
    0x2c,0x27,0x31,0x39,0x32,0x30,0x30,0x27,0x2c,0x27,0x33,0x38,0x34,0x30,0x30,0x27,
    0x2c,0x27,0x31,0x31,0x35,0x32,0x30,0x30,0x27,0x5d,0x3b,0x0a,0x76,0x61,0x72,0x20,
    0x72,0x74,0x75,0x3d,0x5b,0x5d,0x3b,0x0a,0x0a,0x66,0x75,0x6e,0x63,0x74,0x69,0x6f,
    0x6e,0x20,0x72,0x74,0x75,0x48,0x28,0x70,0x29,0x7b,0x0a,0x20,0x20,0x76,0x61,0x72,
    0x20,0x78,0x3d,0x72,0x74,0x75,0x5b,0x70,0x5d,0x3b,0x0a,0x20,0x20,0x76,0x61,0x72,
    0x20,0x68,0x3d,0x27,0x3c,0x64,0x69,0x76,0x20,0x63,0x6c,0x61,0x73,0x73,0x3d,0x22,
    0x72,0x22,0x3e,0x3c,0x64,0x69,0x76,0x20,0x63,0x6c,0x61,0x73,0x73,0x3d,0x22,0x74,
    0x67,0x22,0x3e,0x3c,0x69,0x6e,0x70,0x75,0x74,0x20,0x74,0x79,0x70,0x65,0x3d,0x22,
    0x63,0x68,0x65,0x63,0x6b,0x62,0x6f,0x78,0x22,0x27,0x2b,0x28,0x78,0x2e,0x65,0x6e,
    0x3f,0x27,0x20,0x63,0x68,0x65,0x63,0x6b,0x65,0x64,0x27,0x3a,0x27,0x27,0x29,0x2b,
    0x27,0x20,0x6f,0x6e,0x63,0x68,0x61,0x6e,0x67,0x65,0x3d,0x22,0x72,0x74,0x75,0x5b,
    0x27,0x2b,0x70,0x2b,0x27,0x5d,0x2e,0x65,0x6e,0x3d,0x74,0x68,0x69,0x73,0x2e,0x63,
    0x68,0x65,0x63,0x6b,0x65,0x64,0x22,0x3e,0x3c,0x73,0x70,0x61,0x6e,0x3e,0xd0,0x92,
    0xd0,0xba,0xd0,0xbb,0xd1,0x8e,0xd1,0x87,0xd0,0xb8,0xd1,0x82,0xd1,0x8c,0x3c,0x2f,
    0x73,0x70,0x61,0x6e,0x3e,0x3c,0x2f,0x64,0x69,0x76,0x3e,0x27,0x0a,0x20,0x20,0x20,
    0x20,0x2b,0x27,0x3c,0x64,0x69,0x76,0x20,0x63,0x6c,0x61,0x73,0x73,0x3d,0x22,0x66,
    0x22,0x20,0x73,0x74,0x79,0x6c,0x65,0x3d,0x22,0x6d,0x61,0x78,0x2d,0x77,0x69,0x64,
    0x74,0x68,0x3a,0x31,0x30,0x30,0x70,0x78,0x22,0x3e,0x3c,0x6c,0x61,0x62,0x65,0x6c,
    0x3e,0xd0,0x91,0xd0,0xbe,0xd0,0xb4,0xd1,0x80,0xd0,0xb5,0xd0,0xb9,0xd1,0x82,0x3c,
    0x2f,0x6c,0x61,0x62,0x65,0x6c,0x3e,0x3c,0x73,0x65,0x6c,0x65,0x63,0x74,0x20,0x6f,
    0x6e,0x63,0x68,0x61,0x6e,0x67,0x65,0x3d,0x22,0x72,0x74,0x75,0x5b,0x27,0x2b,0x70,
    0x2b,0x27,0x5d,0x2e,0x62,0x61,0x75,0x64,0x3d,0x2b,0x74,0x68,0x69,0x73,0x2e,0x76,
    0x61,0x6c,0x75,0x65,0x22,0x3e,0x27,0x3b,0x0a,0x20,0x20,0x42,0x44,0x2e,0x66,0x6f,
    0x72,0x45,0x61,0x63,0x68,0x28,0x66,0x75,0x6e,0x63,0x74,0x69,0x6f,0x6e,0x28,0x62,
    0x29,0x7b,0x68,0x2b,0x3d,0x27,0x3c,0x6f,0x70,0x74,0x69,0x6f,0x6e,0x27,0x2b,0x28,
    0x78,0x2e,0x62,0x61,0x75,0x64,0x3d,0x3d,0x62,0x3f,0x27,0x20,0x73,0x65,0x6c,0x65,
    0x63,0x74,0x65,0x64,0x27,0x3a,0x27,0x27,0x29,0x2b,0x27,0x3e,0x27,0x2b,0x62,0x2b,
    0x27,0x3c,0x2f,0x6f,0x70,0x74,0x69,0x6f,0x6e,0x3e,0x27,0x7d,0x29,0x3b,0x0a,0x20,
    0x20,0x68,0x2b,0x3d,0x27,0x3c,0x2f,0x73,0x65,0x6c,0x65,0x63,0x74,0x3e,0x3c,0x2f,
    0x64,0x69,0x76,0x3e,0x3c,0x64,0x69,0x76,0x20,0x63,0x6c,0x61,0x73,0x73,0x3d,0x22,
    0x66,0x22,0x20,0x73,0x74,0x79,0x6c,0x65,0x3d,0x22,0x6d,0x61,0x78,0x2d,0x77,0x69,
    0x64,0x74,0x68,0x3a,0x38,0x30,0x70,0x78,0x22,0x3e,0x3c,0x6c,0x61,0x62,0x65,0x6c,
    0x3e,0xd0,0xa1,0xd1,0x82,0xd0,0xbe,0xd0,0xbf,0x2d,0xd0,0xb1,0xd0,0xb8,0xd1,0x82,
    0xd1,0x8b,0x3c,0x2f,0x6c,0x61,0x62,0x65,0x6c,0x3e,0x3c,0x73,0x65,0x6c,0x65,0x63,
    0x74,0x20,0x6f,0x6e,0x63,0x68,0x61,0x6e,0x67,0x65,0x3d,0x22,0x72,0x74,0x75,0x5b,
    0x27,0x2b,0x70,0x2b,0x27,0x5d,0x2e,0x73,0x62,0x3d,0x2b,0x74,0x68,0x69,0x73,0x2e,
    0x76,0x61,0x6c,0x75,0x65,0x22,0x3e,0x3c,0x6f,0x70,0x74,0x69,0x6f,0x6e,0x27,0x2b,
    0x28,0x78,0x2e,0x73,0x62,0x3d,0x3d,0x31,0x3f,0x27,0x20,0x73,0x65,0x6c,0x65,0x63,
    0x74,0x65,0x64,0x27,0x3a,0x27,0x27,0x29,0x2b,0x27,0x3e,0x31,0x3c,0x2f,0x6f,0x70,
    0x74,0x69,0x6f,0x6e,0x3e,0x3c,0x6f,0x70,0x74,0x69,0x6f,0x6e,0x27,0x2b,0x28,0x78,
    0x2e,0x73,0x62,0x3d,0x3d,0x32,0x3f,0x27,0x20,0x73,0x65,0x6c,0x65,0x63,0x74,0x65,
    0x64,0x27,0x3a,0x27,0x27,0x29,0x2b,0x27,0x3e,0x32,0x3c,0x2f,0x6f,0x70,0x74,0x69,
    0x6f,0x6e,0x3e,0x3c,0x2f,0x73,0x65,0x6c,0x65,0x63,0x74,0x3e,0x3c,0x2f,0x64,0x69,
    0x76,0x3e,0x27,0x0a,0x20,0x20,0x20,0x20,0x2b,0x27,0x3c,0x64,0x69,0x76,0x20,0x63,
    0x6c,0x61,0x73,0x73,0x3d,0x22,0x66,0x22,0x20,0x73,0x74,0x79,0x6c,0x65,0x3d,0x22,
    0x6d,0x61,0x78,0x2d,0x77,0x69,0x64,0x74,0x68,0x3a,0x31,0x30,0x30,0x70,0x78,0x22,
    0x3e,0x3c,0x6c,0x61,0x62,0x65,0x6c,0x3e,0xd0,0xa7,0xd1,0x91,0xd1,0x82,0xd0,0xbd,
    0xd0,0xbe,0xd1,0x81,0xd1,0x82,0xd1,0x8c,0x3c,0x2f,0x6c,0x61,0x62,0x65,0x6c,0x3e,
    0x3c,0x73,0x65,0x6c,0x65,0x63,0x74,0x20,0x6f,0x6e,0x63,0x68,0x61,0x6e,0x67,0x65,
    0x3d,0x22,0x72,0x74,0x75,0x5b,0x27,0x2b,0x70,0x2b,0x27,0x5d,0x2e,0x70,0x61,0x72,
    0x3d,0x74,0x68,0x69,0x73,0x2e,0x76,0x61,0x6c,0x75,0x65,0x22,0x3e,0x3c,0x6f,0x70,
    0x74,0x69,0x6f,0x6e,0x27,0x2b,0x28,0x78,0x2e,0x70,0x61,0x72,0x3d,0x3d,0x22,0x4e,
    0x6f,0x6e,0x65,0x22,0x3f,0x27,0x20,0x73,0x65,0x6c,0x65,0x63,0x74,0x65,0x64,0x27,
    0x3a,0x27,0x27,0x29,0x2b,0x27,0x3e,0x4e,0x6f,0x6e,0x65,0x3c,0x2f,0x6f,0x70,0x74,
    0x69,0x6f,0x6e,0x3e,0x3c,0x6f,0x70,0x74,0x69,0x6f,0x6e,0x27,0x2b,0x28,0x78,0x2e,
    0x70,0x61,0x72,0x3d,0x3d,0x22,0x45,0x76,0x65,0x6e,0x22,0x3f,0x27,0x20,0x73,0x65,
    0x6c,0x65,0x63,0x74,0x65,0x64,0x27,0x3a,0x27,0x27,0x29,0x2b,0x27,0x3e,0x45,0x76,
    0x65,0x6e,0x3c,0x2f,0x6f,0x70,0x74,0x69,0x6f,0x6e,0x3e,0x3c,0x6f,0x70,0x74,0x69,
    0x6f,0x6e,0x27,0x2b,0x28,0x78,0x2e,0x70,0x61,0x72,0x3d,0x3d,0x22,0x4f,0x64,0x64,
    0x22,0x3f,0x27,0x20,0x73,0x65,0x6c,0x65,0x63,0x74,0x65,0x64,0x27,0x3a,0x27,0x27,
    0x29,0x2b,0x27,0x3e,0x4f,0x64,0x64,0x3c,0x2f,0x6f,0x70,0x74,0x69,0x6f,0x6e,0x3e,
    0x3c,0x2f,0x73,0x65,0x6c,0x65,0x63,0x74,0x3e,0x3c,0x2f,0x64,0x69,0x76,0x3e,0x27,
    0x0a,0x20,0x20,0x20,0x20,0x2b,0x27,0x3c,0x64,0x69,0x76,0x20,0x63,0x6c,0x61,0x73,
    0x73,0x3d,0x22,0x66,0x22,0x20,0x73,0x74,0x79,0x6c,0x65,0x3d,0x22,0x6d,0x61,0x78,
    0x2d,0x77,0x69,0x64,0x74,0x68,0x3a,0x31,0x32,0x30,0x70,0x78,0x22,0x3e,0x3c,0x6c,
    0x61,0x62,0x65,0x6c,0x3e,0xd0,0xa2,0xd0,0xb0,0xd0,0xb9,0xd0,0xbc,0xd0,0xb0,0xd1,
    0x83,0xd1,0x82,0x20,0xd0,0xbe,0xd1,0x82,0xd0,0xb2,0x2e,0x28,0xd0,0xbc,0xd1,0x81,
    0x29,0x3c,0x2f,0x6c,0x61,0x62,0x65,0x6c,0x3e,0x3c,0x69,0x6e,0x70,0x75,0x74,0x20,
    0x74,0x79,0x70,0x65,0x3d,0x22,0x6e,0x75,0x6d,0x62,0x65,0x72,0x22,0x20,0x76,0x61,
    0x6c,0x75,0x65,0x3d,0x22,0x27,0x2b,0x78,0x2e,0x72,0x6d,0x73,0x2b,0x27,0x22,0x20,
    0x6f,0x6e,0x63,0x68,0x61,0x6e,0x67,0x65,0x3d,0x22,0x72,0x74,0x75,0x5b,0x27,0x2b,
    0x70,0x2b,0x27,0x5d,0x2e,0x72,0x6d,0x73,0x3d,0x2b,0x74,0x68,0x69,0x73,0x2e,0x76,
    0x61,0x6c,0x75,0x65,0x22,0x3e,0x3c,0x2f,0x64,0x69,0x76,0x3e,0x27,0x0a,0x20,0x20,
    0x20,0x20,0x2b,0x27,0x3c,0x64,0x69,0x76,0x20,0x63,0x6c,0x61,0x73,0x73,0x3d,0x22,
    0x66,0x22,0x20,0x73,0x74,0x79,0x6c,0x65,0x3d,0x22,0x6d,0x61,0x78,0x2d,0x77,0x69,
    0x64,0x74,0x68,0x3a,0x31,0x32,0x30,0x70,0x78,0x22,0x3e,0x3c,0x6c,0x61,0x62,0x65,
    0x6c,0x3e,0xd0,0x9c,0xd0,0xb5,0xd0,0xb6,0xd1,0x84,0xd1,0x80,0xd0,0xb5,0xd0,0xb9,
    0xd0,0xbc,0xd0,0xbe,0xd0,0xb2,0xd1,0x8b,0xd0,0xb9,0x28,0xd0,0xbc,0xd1,0x81,0x29,
    0x3c,0x2f,0x6c,0x61,0x62,0x65,0x6c,0x3e,0x3c,0x69,0x6e,0x70,0x75,0x74,0x20,0x74,
    0x79,0x70,0x65,0x3d,0x22,0x6e,0x75,0x6d,0x62,0x65,0x72,0x22,0x20,0x76,0x61,0x6c,
    0x75,0x65,0x3d,0x22,0x27,0x2b,0x78,0x2e,0x66,0x6d,0x73,0x2b,0x27,0x22,0x20,0x6f,
    0x6e,0x63,0x68,0x61,0x6e,0x67,0x65,0x3d,0x22,0x72,0x74,0x75,0x5b,0x27,0x2b,0x70,
    0x2b,0x27,0x5d,0x2e,0x66,0x6d,0x73,0x3d,0x2b,0x74,0x68,0x69,0x73,0x2e,0x76,0x61,
    0x6c,0x75,0x65,0x22,0x3e,0x3c,0x2f,0x64,0x69,0x76,0x3e,0x27,0x0a,0x20,0x20,0x20,
    0x20,0x2b,0x27,0x3c,0x2f,0x64,0x69,0x76,0x3e,0x3c,0x64,0x69,0x76,0x20,0x69,0x64,
    0x3d,0x22,0x72,0x64,0x27,0x2b,0x70,0x2b,0x27,0x22,0x3e,0x3c,0x2f,0x64,0x69,0x76,
    0x3e,0x27,0x0a,0x20,0x20,0x20,0x20,0x2b,0x27,0x3c,0x62,0x75,0x74,0x74,0x6f,0x6e,
    0x20,0x63,0x6c,0x61,0x73,0x73,0x3d,0x22,0x62,0x74,0x6e,0x20,0x73,0x22,0x20,0x6f,
    0x6e,0x63,0x6c,0x69,0x63,0x6b,0x3d,0x22,0x61,0x64,0x64,0x52,0x44,0x28,0x27,0x2b,
    0x70,0x2b,0x27,0x29,0x22,0x3e,0x2b,0x20,0xd0,0x94,0xd0,0xbe,0xd0,0xb1,0xd0,0xb0,
    0xd0,0xb2,0xd0,0xb8,0xd1,0x82,0xd1,0x8c,0x20,0xd1,0x83,0xd1,0x81,0xd1,0x82,0xd1,
    0x80,0xd0,0xbe,0xd0,0xb9,0xd1,0x81,0xd1,0x82,0xd0,0xb2,0xd0,0xbe,0x3c,0x2f,0x62,
    0x75,0x74,0x74,0x6f,0x6e,0x3e,0x27,0x3b,0x0a,0x20,0x20,0x72,0x65,0x74,0x75,0x72,
    0x6e,0x20,0x68,0x3b,0x0a,0x7d,0x0a,0x0a,0x66,0x75,0x6e,0x63,0x74,0x69,0x6f,0x6e,
    0x20,0x72,0x74,0x75,0x44,0x48,0x28,0x70,0x2c,0x69,0x29,0x7b,0x0a,0x20,0x20,0x76,
    0x61,0x72,0x20,0x64,0x3d,0x72,0x74,0x75,0x5b,0x70,0x5d,0x2e,0x64,0x65,0x76,0x73,
    0x5b,0x69,0x5d,0x3b,0x0a,0x20,0x20,0x72,0x65,0x74,0x75,0x72,0x6e,0x20,0x27,0x3c,
    0x64,0x69,0x76,0x20,0x63,0x6c,0x61,0x73,0x73,0x3d,0x22,0x63,0x64,0x22,0x3e,0x3c,
    0x64,0x69,0x76,0x20,0x63,0x6c,0x61,0x73,0x73,0x3d,0x22,0x63,0x68,0x22,0x3e,0x3c,
    0x73,0x70,0x61,0x6e,0x20,0x73,0x74,0x79,0x6c,0x65,0x3d,0x22,0x66,0x6f,0x6e,0x74,
    0x2d,0x73,0x69,0x7a,0x65,0x3a,0x31,0x32,0x70,0x78,0x3b,0x66,0x6f,0x6e,0x74,0x2d,
    0x77,0x65,0x69,0x67,0x68,0x74,0x3a,0x36,0x30,0x30,0x22,0x3e,0xd0,0xa3,0xd1,0x81,
    0xd1,0x82,0xd1,0x80,0xd0,0xbe,0xd0,0xb9,0xd1,0x81,0xd1,0x82,0xd0,0xb2,0xd0,0xbe,
    0x20,0x27,0x2b,0x28,0x69,0x2b,0x31,0x29,0x2b,0x27,0x3c,0x2f,0x73,0x70,0x61,0x6e,
    0x3e,0x27,0x0a,0x20,0x20,0x20,0x20,0x2b,0x27,0x3c,0x62,0x75,0x74,0x74,0x6f,0x6e,
    0x20,0x63,0x6c,0x61,0x73,0x73,0x3d,0x22,0x62,0x74,0x6e,0x20,0x73,0x22,0x20,0x73,
    0x74,0x79,0x6c,0x65,0x3d,0x22,0x70,0x61,0x64,0x64,0x69,0x6e,0x67,0x3a,0x32,0x70,
    0x78,0x20,0x38,0x70,0x78,0x3b,0x66,0x6f,0x6e,0x74,0x2d,0x73,0x69,0x7a,0x65,0x3a,
    0x31,0x31,0x70,0x78,0x22,0x20,0x6f,0x6e,0x63,0x6c,0x69,0x63,0x6b,0x3d,0x22,0x64,
    0x65,0x6c,0x52,0x44,0x28,0x27,0x2b,0x70,0x2b,0x27,0x2c,0x27,0x2b,0x69,0x2b,0x27,
    0x29,0x22,0x3e,0xe2,0x9c,0x95,0x3c,0x2f,0x62,0x75,0x74,0x74,0x6f,0x6e,0x3e,0x3c,
    0x2f,0x64,0x69,0x76,0x3e,0x27,0x0a,0x20,0x20,0x20,0x20,0x2b,0x27,0x3c,0x64,0x69,
    0x76,0x20,0x63,0x6c,0x61,0x73,0x73,0x3d,0x22,0x72,0x22,0x3e,0x3c,0x64,0x69,0x76,
    0x20,0x63,0x6c,0x61,0x73,0x73,0x3d,0x22,0x74,0x67,0x22,0x3e,0x3c,0x69,0x6e,0x70,
    0x75,0x74,0x20,0x74,0x79,0x70,0x65,0x3d,0x22,0x63,0x68,0x65,0x63,0x6b,0x62,0x6f,
    0x78,0x22,0x27,0x2b,0x28,0x64,0x2e,0x65,0x6e,0x3f,0x27,0x20,0x63,0x68,0x65,0x63,
    0x6b,0x65,0x64,0x27,0x3a,0x27,0x27,0x29,0x2b,0x27,0x20,0x6f,0x6e,0x63,0x68,0x61,
    0x6e,0x67,0x65,0x3d,0x22,0x72,0x74,0x75,0x5b,0x27,0x2b,0x70,0x2b,0x27,0x5d,0x2e,
    0x64,0x65,0x76,0x73,0x5b,0x27,0x2b,0x69,0x2b,0x27,0x5d,0x2e,0x65,0x6e,0x3d,0x74,
    0x68,0x69,0x73,0x2e,0x63,0x68,0x65,0x63,0x6b,0x65,0x64,0x22,0x3e,0x3c,0x73,0x70,
    0x61,0x6e,0x3e,0xd0,0x92,0xd0,0xba,0xd0,0xbb,0x3c,0x2f,0x73,0x70,0x61,0x6e,0x3e,
    0x3c,0x2f,0x64,0x69,0x76,0x3e,0x27,0x0a,0x20,0x20,0x20,0x20,0x2b,0x27,0x3c,0x64,
    0x69,0x76,0x20,0x63,0x6c,0x61,0x73,0x73,0x3d,0x22,0x66,0x22,0x20,0x73,0x74,0x79,
    0x6c,0x65,0x3d,0x22,0x6d,0x61,0x78,0x2d,0x77,0x69,0x64,0x74,0x68,0x3a,0x38,0x30,
    0x70,0x78,0x22,0x3e,0x3c,0x6c,0x61,0x62,0x65,0x6c,0x3e,0x53,0x6c,0x61,0x76,0x65,
    0x20,0x61,0x64,0x64,0x72,0x3c,0x2f,0x6c,0x61,0x62,0x65,0x6c,0x3e,0x3c,0x69,0x6e,
    0x70,0x75,0x74,0x20,0x74,0x79,0x70,0x65,0x3d,0x22,0x6e,0x75,0x6d,0x62,0x65,0x72,
    0x22,0x20,0x76,0x61,0x6c,0x75,0x65,0x3d,0x22,0x27,0x2b,0x64,0x2e,0x73,0x61,0x2b,
    0x27,0x22,0x20,0x6f,0x6e,0x63,0x68,0x61,0x6e,0x67,0x65,0x3d,0x22,0x72,0x74,0x75,
    0x5b,0x27,0x2b,0x70,0x2b,0x27,0x5d,0x2e,0x64,0x65,0x76,0x73,0x5b,0x27,0x2b,0x69,
    0x2b,0x27,0x5d,0x2e,0x73,0x61,0x3d,0x2b,0x74,0x68,0x69,0x73,0x2e,0x76,0x61,0x6c,
    0x75,0x65,0x22,0x3e,0x3c,0x2f,0x64,0x69,0x76,0x3e,0x27,0x0a,0x20,0x20,0x20,0x20,
    0x2b,0x27,0x3c,0x64,0x69,0x76,0x20,0x63,0x6c,0x61,0x73,0x73,0x3d,0x22,0x66,0x22,
    0x3e,0x3c,0x6c,0x61,0x62,0x65,0x6c,0x3e,0xd0,0x98,0xd0,0xbc,0xd1,0x8f,0x3c,0x2f,
    0x6c,0x61,0x62,0x65,0x6c,0x3e,0x3c,0x69,0x6e,0x70,0x75,0x74,0x20,0x74,0x79,0x70,
    0x65,0x3d,0x22,0x74,0x65,0x78,0x74,0x22,0x20,0x76,0x61,0x6c,0x75,0x65,0x3d,0x22,
    0x27,0x2b,0x64,0x2e,0x6e,0x6d,0x2b,0x27,0x22,0x20,0x6f,0x6e,0x63,0x68,0x61,0x6e,
    0x67,0x65,0x3d,0x22,0x72,0x74,0x75,0x5b,0x27,0x2b,0x70,0x2b,0x27,0x5d,0x2e,0x64,
    0x65,0x76,0x73,0x5b,0x27,0x2b,0x69,0x2b,0x27,0x5d,0x2e,0x6e,0x6d,0x3d,0x74,0x68,
    0x69,0x73,0x2e,0x76,0x61,0x6c,0x75,0x65,0x22,0x3e,0x3c,0x2f,0x64,0x69,0x76,0x3e,
    0x27,0x0a,0x20,0x20,0x20,0x20,0x2b,0x27,0x3c,0x64,0x69,0x76,0x20,0x63,0x6c,0x61,
    0x73,0x73,0x3d,0x22,0x66,0x22,0x20,0x73,0x74,0x79,0x6c,0x65,0x3d,0x22,0x6d,0x61,
    0x78,0x2d,0x77,0x69,0x64,0x74,0x68,0x3a,0x38,0x30,0x70,0x78,0x22,0x3e,0x3c,0x6c,
    0x61,0x62,0x65,0x6c,0x3e,0x46,0x75,0x6e,0x63,0x3c,0x2f,0x6c,0x61,0x62,0x65,0x6c,
    0x3e,0x3c,0x73,0x65,0x6c,0x65,0x63,0x74,0x20,0x6f,0x6e,0x63,0x68,0x61,0x6e,0x67,
    0x65,0x3d,0x22,0x72,0x74,0x75,0x5b,0x27,0x2b,0x70,0x2b,0x27,0x5d,0x2e,0x64,0x65,
    0x76,0x73,0x5b,0x27,0x2b,0x69,0x2b,0x27,0x5d,0x2e,0x66,0x63,0x3d,0x2b,0x74,0x68,
    0x69,0x73,0x2e,0x76,0x61,0x6c,0x75,0x65,0x22,0x3e,0x3c,0x6f,0x70,0x74,0x69,0x6f,
    0x6e,0x27,0x2b,0x28,0x64,0x2e,0x66,0x63,0x3d,0x3d,0x33,0x3f,0x27,0x20,0x73,0x65,
    0x6c,0x65,0x63,0x74,0x65,0x64,0x27,0x3a,0x27,0x27,0x29,0x2b,0x27,0x20,0x76,0x61,
    0x6c,0x75,0x65,0x3d,0x22,0x33,0x22,0x3e,0x30,0x33,0x3c,0x2f,0x6f,0x70,0x74,0x69,
    0x6f,0x6e,0x3e,0x3c,0x6f,0x70,0x74,0x69,0x6f,0x6e,0x27,0x2b,0x28,0x64,0x2e,0x66,
    0x63,0x3d,0x3d,0x34,0x3f,0x27,0x20,0x73,0x65,0x6c,0x65,0x63,0x74,0x65,0x64,0x27,
    0x3a,0x27,0x27,0x29,0x2b,0x27,0x20,0x76,0x61,0x6c,0x75,0x65,0x3d,0x22,0x34,0x22,
    0x3e,0x30,0x34,0x3c,0x2f,0x6f,0x70,0x74,0x69,0x6f,0x6e,0x3e,0x3c,0x2f,0x73,0x65,
    0x6c,0x65,0x63,0x74,0x3e,0x3c,0x2f,0x64,0x69,0x76,0x3e,0x27,0x0a,0x20,0x20,0x20,
    0x20,0x2b,0x27,0x3c,0x64,0x69,0x76,0x20,0x63,0x6c,0x61,0x73,0x73,0x3d,0x22,0x66,
    0x22,0x20,0x73,0x74,0x79,0x6c,0x65,0x3d,0x22,0x6d,0x61,0x78,0x2d,0x77,0x69,0x64,
    0x74,0x68,0x3a,0x31,0x30,0x30,0x70,0x78,0x22,0x3e,0x3c,0x6c,0x61,0x62,0x65,0x6c,
    0x3e,0x52,0x65,0x67,0x20,0x73,0x74,0x61,0x72,0x74,0x3c,0x2f,0x6c,0x61,0x62,0x65,
    0x6c,0x3e,0x3c,0x69,0x6e,0x70,0x75,0x74,0x20,0x74,0x79,0x70,0x65,0x3d,0x22,0x74,
    0x65,0x78,0x74,0x22,0x20,0x76,0x61,0x6c,0x75,0x65,0x3d,0x22,0x30,0x78,0x27,0x2b,
    0x64,0x2e,0x72,0x73,0x2e,0x74,0x6f,0x53,0x74,0x72,0x69,0x6e,0x67,0x28,0x31,0x36,
    0x29,0x2e,0x74,0x6f,0x55,0x70,0x70,0x65,0x72,0x43,0x61,0x73,0x65,0x28,0x29,0x2b,
    0x27,0x22,0x20,0x6f,0x6e,0x63,0x68,0x61,0x6e,0x67,0x65,0x3d,0x22,0x72,0x74,0x75,
    0x5b,0x27,0x2b,0x70,0x2b,0x27,0x5d,0x2e,0x64,0x65,0x76,0x73,0x5b,0x27,0x2b,0x69,
    0x2b,0x27,0x5d,0x2e,0x72,0x73,0x3d,0x70,0x61,0x72,0x73,0x65,0x49,0x6e,0x74,0x28,
    0x74,0x68,0x69,0x73,0x2e,0x76,0x61,0x6c,0x75,0x65,0x29,0x22,0x3e,0x3c,0x2f,0x64,
    0x69,0x76,0x3e,0x27,0x0a,0x20,0x20,0x20,0x20,0x2b,0x27,0x3c,0x64,0x69,0x76,0x20,
    0x63,0x6c,0x61,0x73,0x73,0x3d,0x22,0x66,0x22,0x20,0x73,0x74,0x79,0x6c,0x65,0x3d,
    0x22,0x6d,0x61,0x78,0x2d,0x77,0x69,0x64,0x74,0x68,0x3a,0x38,0x30,0x70,0x78,0x22,
    0x3e,0x3c,0x6c,0x61,0x62,0x65,0x6c,0x3e,0x43,0x6f,0x75,0x6e,0x74,0x3c,0x2f,0x6c,
    0x61,0x62,0x65,0x6c,0x3e,0x3c,0x69,0x6e,0x70,0x75,0x74,0x20,0x74,0x79,0x70,0x65,
    0x3d,0x22,0x6e,0x75,0x6d,0x62,0x65,0x72,0x22,0x20,0x76,0x61,0x6c,0x75,0x65,0x3d,
    0x22,0x27,0x2b,0x64,0x2e,0x72,0x63,0x2b,0x27,0x22,0x20,0x6f,0x6e,0x63,0x68,0x61,
    0x6e,0x67,0x65,0x3d,0x22,0x72,0x74,0x75,0x5b,0x27,0x2b,0x70,0x2b,0x27,0x5d,0x2e,
    0x64,0x65,0x76,0x73,0x5b,0x27,0x2b,0x69,0x2b,0x27,0x5d,0x2e,0x72,0x63,0x3d,0x2b,
    0x74,0x68,0x69,0x73,0x2e,0x76,0x61,0x6c,0x75,0x65,0x22,0x3e,0x3c,0x2f,0x64,0x69,
    0x76,0x3e,0x27,0x0a,0x20,0x20,0x20,0x20,0x2b,0x27,0x3c,0x2f,0x64,0x69,0x76,0x3e,
    0x3c,0x64,0x69,0x76,0x20,0x63,0x6c,0x61,0x73,0x73,0x3d,0x22,0x72,0x22,0x3e,0x3c,
    0x64,0x69,0x76,0x20,0x63,0x6c,0x61,0x73,0x73,0x3d,0x22,0x66,0x22,0x20,0x73,0x74,
    0x79,0x6c,0x65,0x3d,0x22,0x6d,0x61,0x78,0x2d,0x77,0x69,0x64,0x74,0x68,0x3a,0x31,
    0x34,0x30,0x70,0x78,0x22,0x3e,0x3c,0x6c,0x61,0x62,0x65,0x6c,0x3e,0x44,0x61,0x74,
    0x61,0x20,0x74,0x79,0x70,0x65,0x3c,0x2f,0x6c,0x61,0x62,0x65,0x6c,0x3e,0x3c,0x73,
    0x65,0x6c,0x65,0x63,0x74,0x20,0x6f,0x6e,0x63,0x68,0x61,0x6e,0x67,0x65,0x3d,0x22,
    0x72,0x74,0x75,0x5b,0x27,0x2b,0x70,0x2b,0x27,0x5d,0x2e,0x64,0x65,0x76,0x73,0x5b,
    0x27,0x2b,0x69,0x2b,0x27,0x5d,0x2e,0x64,0x74,0x3d,0x74,0x68,0x69,0x73,0x2e,0x76,
    0x61,0x6c,0x75,0x65,0x22,0x3e,0x27,0x0a,0x20,0x20,0x20,0x20,0x2b,0x44,0x54,0x2e,
    0x6d,0x61,0x70,0x28,0x66,0x75,0x6e,0x63,0x74,0x69,0x6f,0x6e,0x28,0x74,0x29,0x7b,
    0x72,0x65,0x74,0x75,0x72,0x6e,0x27,0x3c,0x6f,0x70,0x74,0x69,0x6f,0x6e,0x27,0x2b,
    0x28,0x64,0x2e,0x64,0x74,0x3d,0x3d,0x3d,0x74,0x3f,0x27,0x20,0x73,0x65,0x6c,0x65,
    0x63,0x74,0x65,0x64,0x27,0x3a,0x27,0x27,0x29,0x2b,0x27,0x3e,0x27,0x2b,0x74,0x2b,
    0x27,0x3c,0x2f,0x6f,0x70,0x74,0x69,0x6f,0x6e,0x3e,0x27,0x7d,0x29,0x2e,0x6a,0x6f,
    0x69,0x6e,0x28,0x27,0x27,0x29,0x0a,0x20,0x20,0x20,0x20,0x2b,0x27,0x3c,0x2f,0x73,
    0x65,0x6c,0x65,0x63,0x74,0x3e,0x3c,0x2f,0x64,0x69,0x76,0x3e,0x3c,0x64,0x69,0x76,
    0x20,0x63,0x6c,0x61,0x73,0x73,0x3d,0x22,0x66,0x22,0x20,0x73,0x74,0x79,0x6c,0x65,
    0x3d,0x22,0x6d,0x61,0x78,0x2d,0x77,0x69,0x64,0x74,0x68,0x3a,0x38,0x30,0x70,0x78,
    0x22,0x3e,0x3c,0x6c,0x61,0x62,0x65,0x6c,0x3e,0xd0,0x9c,0xd0,0xb0,0xd1,0x81,0xd1,
    0x88,0xd1,0x82,0xd0,0xb0,0xd0,0xb1,0x3c,0x2f,0x6c,0x61,0x62,0x65,0x6c,0x3e,0x3c,
    0x69,0x6e,0x70,0x75,0x74,0x20,0x74,0x79,0x70,0x65,0x3d,0x22,0x6e,0x75,0x6d,0x62,
    0x65,0x72,0x22,0x20,0x73,0x74,0x65,0x70,0x3d,0x22,0x61,0x6e,0x79,0x22,0x20,0x76,
    0x61,0x6c,0x75,0x65,0x3d,0x22,0x27,0x2b,0x64,0x2e,0x73,0x63,0x2b,0x27,0x22,0x20,
    0x6f,0x6e,0x63,0x68,0x61,0x6e,0x67,0x65,0x3d,0x22,0x72,0x74,0x75,0x5b,0x27,0x2b,
    0x70,0x2b,0x27,0x5d,0x2e,0x64,0x65,0x76,0x73,0x5b,0x27,0x2b,0x69,0x2b,0x27,0x5d,
    0x2e,0x73,0x63,0x3d,0x2b,0x74,0x68,0x69,0x73,0x2e,0x76,0x61,0x6c,0x75,0x65,0x22,
    0x3e,0x3c,0x2f,0x64,0x69,0x76,0x3e,0x27,0x0a,0x20,0x20,0x20,0x20,0x2b,0x27,0x3c,
    0x64,0x69,0x76,0x20,0x63,0x6c,0x61,0x73,0x73,0x3d,0x22,0x66,0x22,0x20,0x73,0x74,
    0x79,0x6c,0x65,0x3d,0x22,0x6d,0x61,0x78,0x2d,0x77,0x69,0x64,0x74,0x68,0x3a,0x38,
    0x30,0x70,0x78,0x22,0x3e,0x3c,0x6c,0x61,0x62,0x65,0x6c,0x3e,0xd0,0xa1,0xd0,0xbc,
    0xd0,0xb5,0xd1,0x89,0xd0,0xb5,0xd0,0xbd,0xd0,0xb8,0xd0,0xb5,0x3c,0x2f,0x6c,0x61,
    0x62,0x65,0x6c,0x3e,0x3c,0x69,0x6e,0x70,0x75,0x74,0x20,0x74,0x79,0x70,0x65,0x3d,
    0x22,0x6e,0x75,0x6d,0x62,0x65,0x72,0x22,0x20,0x73,0x74,0x65,0x70,0x3d,0x22,0x61,
    0x6e,0x79,0x22,0x20,0x76,0x61,0x6c,0x75,0x65,0x3d,0x22,0x27,0x2b,0x64,0x2e,0x6f,
    0x66,0x2b,0x27,0x22,0x20,0x6f,0x6e,0x63,0x68,0x61,0x6e,0x67,0x65,0x3d,0x22,0x72,
    0x74,0x75,0x5b,0x27,0x2b,0x70,0x2b,0x27,0x5d,0x2e,0x64,0x65,0x76,0x73,0x5b,0x27,
    0x2b,0x69,0x2b,0x27,0x5d,0x2e,0x6f,0x66,0x3d,0x2b,0x74,0x68,0x69,0x73,0x2e,0x76,
    0x61,0x6c,0x75,0x65,0x22,0x3e,0x3c,0x2f,0x64,0x69,0x76,0x3e,0x27,0x0a,0x20,0x20,
    0x20,0x20,0x2b,0x27,0x3c,0x64,0x69,0x76,0x20,0x63,0x6c,0x61,0x73,0x73,0x3d,0x22,
    0x66,0x22,0x20,0x73,0x74,0x79,0x6c,0x65,0x3d,0x22,0x6d,0x61,0x78,0x2d,0x77,0x69,
    0x64,0x74,0x68,0x3a,0x37,0x30,0x70,0x78,0x22,0x3e,0x3c,0x6c,0x61,0x62,0x65,0x6c,
    0x3e,0xd0,0x95,0xd0,0xb4,0x2e,0x3c,0x2f,0x6c,0x61,0x62,0x65,0x6c,0x3e,0x3c,0x69,
    0x6e,0x70,0x75,0x74,0x20,0x74,0x79,0x70,0x65,0x3d,0x22,0x74,0x65,0x78,0x74,0x22,
    0x20,0x76,0x61,0x6c,0x75,0x65,0x3d,0x22,0x27,0x2b,0x64,0x2e,0x75,0x6e,0x2b,0x27,
    0x22,0x20,0x6f,0x6e,0x63,0x68,0x61,0x6e,0x67,0x65,0x3d,0x22,0x72,0x74,0x75,0x5b,
    0x27,0x2b,0x70,0x2b,0x27,0x5d,0x2e,0x64,0x65,0x76,0x73,0x5b,0x27,0x2b,0x69,0x2b,
    0x27,0x5d,0x2e,0x75,0x6e,0x3d,0x74,0x68,0x69,0x73,0x2e,0x76,0x61,0x6c,0x75,0x65,
    0x22,0x3e,0x3c,0x2f,0x64,0x69,0x76,0x3e,0x27,0x0a,0x20,0x20,0x20,0x20,0x2b,0x27,
    0x3c,0x64,0x69,0x76,0x20,0x63,0x6c,0x61,0x73,0x73,0x3d,0x22,0x66,0x22,0x20,0x73,
    0x74,0x79,0x6c,0x65,0x3d,0x22,0x6d,0x61,0x78,0x2d,0x77,0x69,0x64,0x74,0x68,0x3a,
    0x38,0x30,0x70,0x78,0x22,0x3e,0x3c,0x6c,0x61,0x62,0x65,0x6c,0x3e,0x43,0x48,0x20,
    0x69,0x64,0x78,0x3c,0x2f,0x6c,0x61,0x62,0x65,0x6c,0x3e,0x3c,0x69,0x6e,0x70,0x75,
    0x74,0x20,0x74,0x79,0x70,0x65,0x3d,0x22,0x6e,0x75,0x6d,0x62,0x65,0x72,0x22,0x20,
    0x76,0x61,0x6c,0x75,0x65,0x3d,0x22,0x27,0x2b,0x64,0x2e,0x63,0x69,0x2b,0x27,0x22,
    0x20,0x6f,0x6e,0x63,0x68,0x61,0x6e,0x67,0x65,0x3d,0x22,0x72,0x74,0x75,0x5b,0x27,
    0x2b,0x70,0x2b,0x27,0x5d,0x2e,0x64,0x65,0x76,0x73,0x5b,0x27,0x2b,0x69,0x2b,0x27,
    0x5d,0x2e,0x63,0x69,0x3d,0x2b,0x74,0x68,0x69,0x73,0x2e,0x76,0x61,0x6c,0x75,0x65,
    0x22,0x3e,0x3c,0x2f,0x64,0x69,0x76,0x3e,0x27,0x0a,0x20,0x20,0x20,0x20,0x2b,0x27,
    0x3c,0x2f,0x64,0x69,0x76,0x3e,0x3c,0x2f,0x64,0x69,0x76,0x3e,0x27,0x3b,0x0a,0x7d,
    0x0a,0x0a,0x66,0x75,0x6e,0x63,0x74,0x69,0x6f,0x6e,0x20,0x61,0x64,0x64,0x52,0x44,
    0x28,0x70,0x29,0x7b,0x69,0x66,0x28,0x72,0x74,0x75,0x5b,0x70,0x5d,0x2e,0x64,0x65,
    0x76,0x73,0x2e,0x6c,0x65,0x6e,0x67,0x74,0x68,0x3c,0x38,0x29,0x7b,0x72,0x74,0x75,
    0x5b,0x70,0x5d,0x2e,0x64,0x65,0x76,0x73,0x2e,0x70,0x75,0x73,0x68,0x28,0x7b,0x65,
    0x6e,0x3a,0x66,0x61,0x6c,0x73,0x65,0x2c,0x73,0x61,0x3a,0x31,0x2c,0x6e,0x6d,0x3a,
    0x27,0x27,0x2c,0x66,0x63,0x3a,0x33,0x2c,0x72,0x73,0x3a,0x30,0x2c,0x72,0x63,0x3a,
    0x31,0x2c,0x64,0x74,0x3a,0x27,0x49,0x4e,0x54,0x31,0x36,0x27,0x2c,0x73,0x63,0x3a,
    0x31,0x2c,0x6f,0x66,0x3a,0x30,0x2c,0x75,0x6e,0x3a,0x27,0x27,0x2c,0x63,0x69,0x3a,
    0x30,0x7d,0x29,0x3b,0x72,0x6e,0x64,0x52,0x44,0x28,0x70,0x29,0x7d,0x7d,0x0a,0x66,
    0x75,0x6e,0x63,0x74,0x69,0x6f,0x6e,0x20,0x64,0x65,0x6c,0x52,0x44,0x28,0x70,0x2c,
    0x69,0x29,0x7b,0x72,0x74,0x75,0x5b,0x70,0x5d,0x2e,0x64,0x65,0x76,0x73,0x2e,0x73,
    0x70,0x6c,0x69,0x63,0x65,0x28,0x69,0x2c,0x31,0x29,0x3b,0x72,0x6e,0x64,0x52,0x44,
    0x28,0x70,0x29,0x7d,0x0a,0x66,0x75,0x6e,0x63,0x74,0x69,0x6f,0x6e,0x20,0x72,0x6e,
    0x64,0x52,0x44,0x28,0x70,0x29,0x7b,0x76,0x61,0x72,0x20,0x68,0x3d,0x27,0x27,0x3b,
    0x72,0x74,0x75,0x5b,0x70,0x5d,0x2e,0x64,0x65,0x76,0x73,0x2e,0x66,0x6f,0x72,0x45,
    0x61,0x63,0x68,0x28,0x66,0x75,0x6e,0x63,0x74,0x69,0x6f,0x6e,0x28,0x5f,0x2c,0x69,
    0x29,0x7b,0x68,0x2b,0x3d,0x72,0x74,0x75,0x44,0x48,0x28,0x70,0x2c,0x69,0x29,0x7d,
    0x29,0x3b,0x64,0x6f,0x63,0x75,0x6d,0x65,0x6e,0x74,0x2e,0x67,0x65,0x74,0x45,0x6c,
    0x65,0x6d,0x65,0x6e,0x74,0x42,0x79,0x49,0x64,0x28,0x27,0x72,0x64,0x27,0x2b,0x70,
    0x29,0x2e,0x69,0x6e,0x6e,0x65,0x72,0x48,0x54,0x4d,0x4c,0x3d,0x68,0x7d,0x0a,0x0a,
    0x76,0x61,0x72,0x20,0x74,0x63,0x70,0x64,0x3d,0x5b,0x5d,0x3b,0x0a,0x66,0x75,0x6e,
    0x63,0x74,0x69,0x6f,0x6e,0x20,0x74,0x63,0x70,0x44,0x48,0x28,0x69,0x29,0x7b,0x0a,
    0x20,0x20,0x76,0x61,0x72,0x20,0x64,0x3d,0x74,0x63,0x70,0x64,0x5b,0x69,0x5d,0x3b,
    0x0a,0x20,0x20,0x72,0x65,0x74,0x75,0x72,0x6e,0x20,0x27,0x3c,0x64,0x69,0x76,0x20,
    0x63,0x6c,0x61,0x73,0x73,0x3d,0x22,0x63,0x64,0x22,0x3e,0x3c,0x64,0x69,0x76,0x20,
    0x63,0x6c,0x61,0x73,0x73,0x3d,0x22,0x63,0x68,0x22,0x3e,0x3c,0x73,0x70,0x61,0x6e,
    0x20,0x73,0x74,0x79,0x6c,0x65,0x3d,0x22,0x66,0x6f,0x6e,0x74,0x2d,0x73,0x69,0x7a,
    0x65,0x3a,0x31,0x32,0x70,0x78,0x3b,0x66,0x6f,0x6e,0x74,0x2d,0x77,0x65,0x69,0x67,
    0x68,0x74,0x3a,0x36,0x30,0x30,0x22,0x3e,0x54,0x43,0x50,0x20,0x27,0x2b,0x28,0x69,
    0x2b,0x31,0x29,0x2b,0x27,0x3c,0x2f,0x73,0x70,0x61,0x6e,0x3e,0x27,0x0a,0x20,0x20,
    0x20,0x20,0x2b,0x27,0x3c,0x62,0x75,0x74,0x74,0x6f,0x6e,0x20,0x63,0x6c,0x61,0x73,
    0x73,0x3d,0x22,0x62,0x74,0x6e,0x20,0x73,0x22,0x20,0x73,0x74,0x79,0x6c,0x65,0x3d,
    0x22,0x70,0x61,0x64,0x64,0x69,0x6e,0x67,0x3a,0x32,0x70,0x78,0x20,0x38,0x70,0x78,
    0x3b,0x66,0x6f,0x6e,0x74,0x2d,0x73,0x69,0x7a,0x65,0x3a,0x31,0x31,0x70,0x78,0x22,
    0x20,0x6f,0x6e,0x63,0x6c,0x69,0x63,0x6b,0x3d,0x22,0x64,0x65,0x6c,0x54,0x44,0x28,
    0x27,0x2b,0x69,0x2b,0x27,0x29,0x22,0x3e,0xe2,0x9c,0x95,0x3c,0x2f,0x62,0x75,0x74,
    0x74,0x6f,0x6e,0x3e,0x3c,0x2f,0x64,0x69,0x76,0x3e,0x27,0x0a,0x20,0x20,0x20,0x20,
    0x2b,0x27,0x3c,0x64,0x69,0x76,0x20,0x63,0x6c,0x61,0x73,0x73,0x3d,0x22,0x72,0x22,
    0x3e,0x3c,0x64,0x69,0x76,0x20,0x63,0x6c,0x61,0x73,0x73,0x3d,0x22,0x74,0x67,0x22,
    0x3e,0x3c,0x69,0x6e,0x70,0x75,0x74,0x20,0x74,0x79,0x70,0x65,0x3d,0x22,0x63,0x68,
    0x65,0x63,0x6b,0x62,0x6f,0x78,0x22,0x27,0x2b,0x28,0x64,0x2e,0x65,0x6e,0x3f,0x27,
    0x20,0x63,0x68,0x65,0x63,0x6b,0x65,0x64,0x27,0x3a,0x27,0x27,0x29,0x2b,0x27,0x20,
    0x6f,0x6e,0x63,0x68,0x61,0x6e,0x67,0x65,0x3d,0x22,0x74,0x63,0x70,0x64,0x5b,0x27,
    0x2b,0x69,0x2b,0x27,0x5d,0x2e,0x65,0x6e,0x3d,0x74,0x68,0x69,0x73,0x2e,0x63,0x68,
    0x65,0x63,0x6b,0x65,0x64,0x22,0x3e,0x3c,0x73,0x70,0x61,0x6e,0x3e,0xd0,0x92,0xd0,
    0xba,0xd0,0xbb,0x3c,0x2f,0x73,0x70,0x61,0x6e,0x3e,0x3c,0x2f,0x64,0x69,0x76,0x3e,
    0x27,0x0a,0x20,0x20,0x20,0x20,0x2b,0x27,0x3c,0x64,0x69,0x76,0x20,0x63,0x6c,0x61,
    0x73,0x73,0x3d,0x22,0x66,0x22,0x3e,0x3c,0x6c,0x61,0x62,0x65,0x6c,0x3e,0x49,0x50,
    0x3c,0x2f,0x6c,0x61,0x62,0x65,0x6c,0x3e,0x3c,0x69,0x6e,0x70,0x75,0x74,0x20,0x74,
    0x79,0x70,0x65,0x3d,0x22,0x74,0x65,0x78,0x74,0x22,0x20,0x76,0x61,0x6c,0x75,0x65,
    0x3d,0x22,0x27,0x2b,0x64,0x2e,0x69,0x70,0x2b,0x27,0x22,0x20,0x6f,0x6e,0x63,0x68,
    0x61,0x6e,0x67,0x65,0x3d,0x22,0x74,0x63,0x70,0x64,0x5b,0x27,0x2b,0x69,0x2b,0x27,
    0x5d,0x2e,0x69,0x70,0x3d,0x74,0x68,0x69,0x73,0x2e,0x76,0x61,0x6c,0x75,0x65,0x22,
    0x3e,0x3c,0x2f,0x64,0x69,0x76,0x3e,0x27,0x0a,0x20,0x20,0x20,0x20,0x2b,0x27,0x3c,
    0x64,0x69,0x76,0x20,0x63,0x6c,0x61,0x73,0x73,0x3d,0x22,0x66,0x22,0x20,0x73,0x74,
    0x79,0x6c,0x65,0x3d,0x22,0x6d,0x61,0x78,0x2d,0x77,0x69,0x64,0x74,0x68,0x3a,0x38,
    0x30,0x70,0x78,0x22,0x3e,0x3c,0x6c,0x61,0x62,0x65,0x6c,0x3e,0xd0,0x9f,0xd0,0xbe,
    0xd1,0x80,0xd1,0x82,0x3c,0x2f,0x6c,0x61,0x62,0x65,0x6c,0x3e,0x3c,0x69,0x6e,0x70,
    0x75,0x74,0x20,0x74,0x79,0x70,0x65,0x3d,0x22,0x6e,0x75,0x6d,0x62,0x65,0x72,0x22,
    0x20,0x76,0x61,0x6c,0x75,0x65,0x3d,0x22,0x27,0x2b,0x64,0x2e,0x70,0x6f,0x72,0x74,
    0x2b,0x27,0x22,0x20,0x6f,0x6e,0x63,0x68,0x61,0x6e,0x67,0x65,0x3d,0x22,0x74,0x63,
    0x70,0x64,0x5b,0x27,0x2b,0x69,0x2b,0x27,0x5d,0x2e,0x70,0x6f,0x72,0x74,0x3d,0x2b,
    0x74,0x68,0x69,0x73,0x2e,0x76,0x61,0x6c,0x75,0x65,0x22,0x3e,0x3c,0x2f,0x64,0x69,
    0x76,0x3e,0x27,0x0a,0x20,0x20,0x20,0x20,0x2b,0x27,0x3c,0x64,0x69,0x76,0x20,0x63,
    0x6c,0x61,0x73,0x73,0x3d,0x22,0x66,0x22,0x20,0x73,0x74,0x79,0x6c,0x65,0x3d,0x22,
    0x6d,0x61,0x78,0x2d,0x77,0x69,0x64,0x74,0x68,0x3a,0x38,0x30,0x70,0x78,0x22,0x3e,
    0x3c,0x6c,0x61,0x62,0x65,0x6c,0x3e,0x55,0x6e,0x69,0x74,0x20,0x49,0x44,0x3c,0x2f,
    0x6c,0x61,0x62,0x65,0x6c,0x3e,0x3c,0x69,0x6e,0x70,0x75,0x74,0x20,0x74,0x79,0x70,
    0x65,0x3d,0x22,0x6e,0x75,0x6d,0x62,0x65,0x72,0x22,0x20,0x76,0x61,0x6c,0x75,0x65,
    0x3d,0x22,0x27,0x2b,0x64,0x2e,0x75,0x69,0x64,0x2b,0x27,0x22,0x20,0x6f,0x6e,0x63,
    0x68,0x61,0x6e,0x67,0x65,0x3d,0x22,0x74,0x63,0x70,0x64,0x5b,0x27,0x2b,0x69,0x2b,
    0x27,0x5d,0x2e,0x75,0x69,0x64,0x3d,0x2b,0x74,0x68,0x69,0x73,0x2e,0x76,0x61,0x6c,
    0x75,0x65,0x22,0x3e,0x3c,0x2f,0x64,0x69,0x76,0x3e,0x27,0x0a,0x20,0x20,0x20,0x20,
    0x2b,0x27,0x3c,0x64,0x69,0x76,0x20,0x63,0x6c,0x61,0x73,0x73,0x3d,0x22,0x66,0x22,
    0x3e,0x3c,0x6c,0x61,0x62,0x65,0x6c,0x3e,0xd0,0x98,0xd0,0xbc,0xd1,0x8f,0x3c,0x2f,
    0x6c,0x61,0x62,0x65,0x6c,0x3e,0x3c,0x69,0x6e,0x70,0x75,0x74,0x20,0x74,0x79,0x70,
    0x65,0x3d,0x22,0x74,0x65,0x78,0x74,0x22,0x20,0x76,0x61,0x6c,0x75,0x65,0x3d,0x22,
    0x27,0x2b,0x64,0x2e,0x6e,0x6d,0x2b,0x27,0x22,0x20,0x6f,0x6e,0x63,0x68,0x61,0x6e,
    0x67,0x65,0x3d,0x22,0x74,0x63,0x70,0x64,0x5b,0x27,0x2b,0x69,0x2b,0x27,0x5d,0x2e,
    0x6e,0x6d,0x3d,0x74,0x68,0x69,0x73,0x2e,0x76,0x61,0x6c,0x75,0x65,0x22,0x3e,0x3c,
    0x2f,0x64,0x69,0x76,0x3e,0x27,0x0a,0x20,0x20,0x20,0x20,0x2b,0x27,0x3c,0x64,0x69,
    0x76,0x20,0x63,0x6c,0x61,0x73,0x73,0x3d,0x22,0x66,0x22,0x20,0x73,0x74,0x79,0x6c,
    0x65,0x3d,0x22,0x6d,0x61,0x78,0x2d,0x77,0x69,0x64,0x74,0x68,0x3a,0x37,0x30,0x70,
    0x78,0x22,0x3e,0x3c,0x6c,0x61,0x62,0x65,0x6c,0x3e,0xd0,0x95,0xd0,0xb4,0x2e,0x3c,
    0x2f,0x6c,0x61,0x62,0x65,0x6c,0x3e,0x3c,0x69,0x6e,0x70,0x75,0x74,0x20,0x74,0x79,
    0x70,0x65,0x3d,0x22,0x74,0x65,0x78,0x74,0x22,0x20,0x76,0x61,0x6c,0x75,0x65,0x3d,
    0x22,0x27,0x2b,0x64,0x2e,0x75,0x6e,0x2b,0x27,0x22,0x20,0x6f,0x6e,0x63,0x68,0x61,
    0x6e,0x67,0x65,0x3d,0x22,0x74,0x63,0x70,0x64,0x5b,0x27,0x2b,0x69,0x2b,0x27,0x5d,
    0x2e,0x75,0x6e,0x3d,0x74,0x68,0x69,0x73,0x2e,0x76,0x61,0x6c,0x75,0x65,0x22,0x3e,
    0x3c,0x2f,0x64,0x69,0x76,0x3e,0x27,0x0a,0x20,0x20,0x20,0x20,0x2b,0x27,0x3c,0x2f,
    0x64,0x69,0x76,0x3e,0x3c,0x64,0x69,0x76,0x20,0x63,0x6c,0x61,0x73,0x73,0x3d,0x22,
    0x72,0x22,0x3e,0x27,0x0a,0x20,0x20,0x20,0x20,0x2b,0x27,0x3c,0x64,0x69,0x76,0x20,
    0x63,0x6c,0x61,0x73,0x73,0x3d,0x22,0x66,0x22,0x20,0x73,0x74,0x79,0x6c,0x65,0x3d,
    0x22,0x6d,0x61,0x78,0x2d,0x77,0x69,0x64,0x74,0x68,0x3a,0x38,0x30,0x70,0x78,0x22,
    0x3e,0x3c,0x6c,0x61,0x62,0x65,0x6c,0x3e,0x46,0x75,0x6e,0x63,0x3c,0x2f,0x6c,0x61,
    0x62,0x65,0x6c,0x3e,0x3c,0x73,0x65,0x6c,0x65,0x63,0x74,0x20,0x6f,0x6e,0x63,0x68,
    0x61,0x6e,0x67,0x65,0x3d,0x22,0x74,0x63,0x70,0x64,0x5b,0x27,0x2b,0x69,0x2b,0x27,
    0x5d,0x2e,0x66,0x63,0x3d,0x2b,0x74,0x68,0x69,0x73,0x2e,0x76,0x61,0x6c,0x75,0x65,
    0x22,0x3e,0x3c,0x6f,0x70,0x74,0x69,0x6f,0x6e,0x27,0x2b,0x28,0x64,0x2e,0x66,0x63,
    0x3d,0x3d,0x33,0x3f,0x27,0x20,0x73,0x65,0x6c,0x65,0x63,0x74,0x65,0x64,0x27,0x3a,
    0x27,0x27,0x29,0x2b,0x27,0x20,0x76,0x61,0x6c,0x75,0x65,0x3d,0x22,0x33,0x22,0x3e,
    0x30,0x33,0x3c,0x2f,0x6f,0x70,0x74,0x69,0x6f,0x6e,0x3e,0x3c,0x6f,0x70,0x74,0x69,
    0x6f,0x6e,0x27,0x2b,0x28,0x64,0x2e,0x66,0x63,0x3d,0x3d,0x34,0x3f,0x27,0x20,0x73,
    0x65,0x6c,0x65,0x63,0x74,0x65,0x64,0x27,0x3a,0x27,0x27,0x29,0x2b,0x27,0x20,0x76,
    0x61,0x6c,0x75,0x65,0x3d,0x22,0x34,0x22,0x3e,0x30,0x34,0x3c,0x2f,0x6f,0x70,0x74,
    0x69,0x6f,0x6e,0x3e,0x3c,0x2f,0x73,0x65,0x6c,0x65,0x63,0x74,0x3e,0x3c,0x2f,0x64,
    0x69,0x76,0x3e,0x27,0x0a,0x20,0x20,0x20,0x20,0x2b,0x27,0x3c,0x64,0x69,0x76,0x20,
    0x63,0x6c,0x61,0x73,0x73,0x3d,0x22,0x66,0x22,0x20,0x73,0x74,0x79,0x6c,0x65,0x3d,
    0x22,0x6d,0x61,0x78,0x2d,0x77,0x69,0x64,0x74,0x68,0x3a,0x31,0x30,0x30,0x70,0x78,
    0x22,0x3e,0x3c,0x6c,0x61,0x62,0x65,0x6c,0x3e,0x52,0x65,0x67,0x20,0x73,0x74,0x61,
    0x72,0x74,0x3c,0x2f,0x6c,0x61,0x62,0x65,0x6c,0x3e,0x3c,0x69,0x6e,0x70,0x75,0x74,
    0x20,0x74,0x79,0x70,0x65,0x3d,0x22,0x74,0x65,0x78,0x74,0x22,0x20,0x76,0x61,0x6c,
    0x75,0x65,0x3d,0x22,0x30,0x78,0x27,0x2b,0x64,0x2e,0x72,0x73,0x2e,0x74,0x6f,0x53,
    0x74,0x72,0x69,0x6e,0x67,0x28,0x31,0x36,0x29,0x2e,0x74,0x6f,0x55,0x70,0x70,0x65,
    0x72,0x43,0x61,0x73,0x65,0x28,0x29,0x2b,0x27,0x22,0x20,0x6f,0x6e,0x63,0x68,0x61,
    0x6e,0x67,0x65,0x3d,0x22,0x74,0x63,0x70,0x64,0x5b,0x27,0x2b,0x69,0x2b,0x27,0x5d,
    0x2e,0x72,0x73,0x3d,0x70,0x61,0x72,0x73,0x65,0x49,0x6e,0x74,0x28,0x74,0x68,0x69,
    0x73,0x2e,0x76,0x61,0x6c,0x75,0x65,0x29,0x22,0x3e,0x3c,0x2f,0x64,0x69,0x76,0x3e,
    0x27,0x0a,0x20,0x20,0x20,0x20,0x2b,0x27,0x3c,0x64,0x69,0x76,0x20,0x63,0x6c,0x61,
    0x73,0x73,0x3d,0x22,0x66,0x22,0x20,0x73,0x74,0x79,0x6c,0x65,0x3d,0x22,0x6d,0x61,
    0x78,0x2d,0x77,0x69,0x64,0x74,0x68,0x3a,0x38,0x30,0x70,0x78,0x22,0x3e,0x3c,0x6c,
    0x61,0x62,0x65,0x6c,0x3e,0x43,0x6f,0x75,0x6e,0x74,0x3c,0x2f,0x6c,0x61,0x62,0x65,
    0x6c,0x3e,0x3c,0x69,0x6e,0x70,0x75,0x74,0x20,0x74,0x79,0x70,0x65,0x3d,0x22,0x6e,
    0x75,0x6d,0x62,0x65,0x72,0x22,0x20,0x76,0x61,0x6c,0x75,0x65,0x3d,0x22,0x27,0x2b,
    0x64,0x2e,0x72,0x63,0x2b,0x27,0x22,0x20,0x6f,0x6e,0x63,0x68,0x61,0x6e,0x67,0x65,
    0x3d,0x22,0x74,0x63,0x70,0x64,0x5b,0x27,0x2b,0x69,0x2b,0x27,0x5d,0x2e,0x72,0x63,
    0x3d,0x2b,0x74,0x68,0x69,0x73,0x2e,0x76,0x61,0x6c,0x75,0x65,0x22,0x3e,0x3c,0x2f,
    0x64,0x69,0x76,0x3e,0x27,0x0a,0x20,0x20,0x20,0x20,0x2b,0x27,0x3c,0x64,0x69,0x76,
    0x20,0x63,0x6c,0x61,0x73,0x73,0x3d,0x22,0x66,0x22,0x20,0x73,0x74,0x79,0x6c,0x65,
    0x3d,0x22,0x6d,0x61,0x78,0x2d,0x77,0x69,0x64,0x74,0x68,0x3a,0x31,0x33,0x30,0x70,
    0x78,0x22,0x3e,0x3c,0x6c,0x61,0x62,0x65,0x6c,0x3e,0x44,0x61,0x74,0x61,0x20,0x74,
    0x79,0x70,0x65,0x3c,0x2f,0x6c,0x61,0x62,0x65,0x6c,0x3e,0x3c,0x73,0x65,0x6c,0x65,
    0x63,0x74,0x20,0x6f,0x6e,0x63,0x68,0x61,0x6e,0x67,0x65,0x3d,0x22,0x74,0x63,0x70,
    0x64,0x5b,0x27,0x2b,0x69,0x2b,0x27,0x5d,0x2e,0x64,0x74,0x3d,0x74,0x68,0x69,0x73,
    0x2e,0x76,0x61,0x6c,0x75,0x65,0x22,0x3e,0x27,0x0a,0x20,0x20,0x20,0x20,0x2b,0x44,
    0x54,0x2e,0x6d,0x61,0x70,0x28,0x66,0x75,0x6e,0x63,0x74,0x69,0x6f,0x6e,0x28,0x74,
    0x29,0x7b,0x72,0x65,0x74,0x75,0x72,0x6e,0x27,0x3c,0x6f,0x70,0x74,0x69,0x6f,0x6e,
    0x27,0x2b,0x28,0x64,0x2e,0x64,0x74,0x3d,0x3d,0x3d,0x74,0x3f,0x27,0x20,0x73,0x65,
    0x6c,0x65,0x63,0x74,0x65,0x64,0x27,0x3a,0x27,0x27,0x29,0x2b,0x27,0x3e,0x27,0x2b,
    0x74,0x2b,0x27,0x3c,0x2f,0x6f,0x70,0x74,0x69,0x6f,0x6e,0x3e,0x27,0x7d,0x29,0x2e,
    0x6a,0x6f,0x69,0x6e,0x28,0x27,0x27,0x29,0x0a,0x20,0x20,0x20,0x20,0x2b,0x27,0x3c,
    0x2f,0x73,0x65,0x6c,0x65,0x63,0x74,0x3e,0x3c,0x2f,0x64,0x69,0x76,0x3e,0x27,0x0a,
    0x20,0x20,0x20,0x20,0x2b,0x27,0x3c,0x64,0x69,0x76,0x20,0x63,0x6c,0x61,0x73,0x73,
    0x3d,0x22,0x66,0x22,0x20,0x73,0x74,0x79,0x6c,0x65,0x3d,0x22,0x6d,0x61,0x78,0x2d,
    0x77,0x69,0x64,0x74,0x68,0x3a,0x37,0x30,0x70,0x78,0x22,0x3e,0x3c,0x6c,0x61,0x62,
    0x65,0x6c,0x3e,0xd0,0x9c,0xd0,0xb0,0xd1,0x81,0xd1,0x88,0xd1,0x82,0xd0,0xb0,0xd0,
    0xb1,0x3c,0x2f,0x6c,0x61,0x62,0x65,0x6c,0x3e,0x3c,0x69,0x6e,0x70,0x75,0x74,0x20,
    0x74,0x79,0x70,0x65,0x3d,0x22,0x6e,0x75,0x6d,0x62,0x65,0x72,0x22,0x20,0x73,0x74,
    0x65,0x70,0x3d,0x22,0x61,0x6e,0x79,0x22,0x20,0x76,0x61,0x6c,0x75,0x65,0x3d,0x22,
    0x27,0x2b,0x64,0x2e,0x73,0x63,0x2b,0x27,0x22,0x20,0x6f,0x6e,0x63,0x68,0x61,0x6e,
    0x67,0x65,0x3d,0x22,0x74,0x63,0x70,0x64,0x5b,0x27,0x2b,0x69,0x2b,0x27,0x5d,0x2e,
    0x73,0x63,0x3d,0x2b,0x74,0x68,0x69,0x73,0x2e,0x76,0x61,0x6c,0x75,0x65,0x22,0x3e,
    0x3c,0x2f,0x64,0x69,0x76,0x3e,0x27,0x0a,0x20,0x20,0x20,0x20,0x2b,0x27,0x3c,0x64,
    0x69,0x76,0x20,0x63,0x6c,0x61,0x73,0x73,0x3d,0x22,0x66,0x22,0x20,0x73,0x74,0x79,
    0x6c,0x65,0x3d,0x22,0x6d,0x61,0x78,0x2d,0x77,0x69,0x64,0x74,0x68,0x3a,0x37,0x30,
    0x70,0x78,0x22,0x3e,0x3c,0x6c,0x61,0x62,0x65,0x6c,0x3e,0xd0,0xa1,0xd0,0xbc,0xd0,
    0xb5,0xd1,0x89,0xd0,0xb5,0xd0,0xbd,0xd0,0xb8,0xd0,0xb5,0x3c,0x2f,0x6c,0x61,0x62,
    0x65,0x6c,0x3e,0x3c,0x69,0x6e,0x70,0x75,0x74,0x20,0x74,0x79,0x70,0x65,0x3d,0x22,
    0x6e,0x75,0x6d,0x62,0x65,0x72,0x22,0x20,0x73,0x74,0x65,0x70,0x3d,0x22,0x61,0x6e,
    0x79,0x22,0x20,0x76,0x61,0x6c,0x75,0x65,0x3d,0x22,0x27,0x2b,0x64,0x2e,0x6f,0x66,
    0x2b,0x27,0x22,0x20,0x6f,0x6e,0x63,0x68,0x61,0x6e,0x67,0x65,0x3d,0x22,0x74,0x63,
    0x70,0x64,0x5b,0x27,0x2b,0x69,0x2b,0x27,0x5d,0x2e,0x6f,0x66,0x3d,0x2b,0x74,0x68,
    0x69,0x73,0x2e,0x76,0x61,0x6c,0x75,0x65,0x22,0x3e,0x3c,0x2f,0x64,0x69,0x76,0x3e,
    0x27,0x0a,0x20,0x20,0x20,0x20,0x2b,0x27,0x3c,0x64,0x69,0x76,0x20,0x63,0x6c,0x61,
    0x73,0x73,0x3d,0x22,0x66,0x22,0x20,0x73,0x74,0x79,0x6c,0x65,0x3d,0x22,0x6d,0x61,
    0x78,0x2d,0x77,0x69,0x64,0x74,0x68,0x3a,0x37,0x30,0x70,0x78,0x22,0x3e,0x3c,0x6c,
    0x61,0x62,0x65,0x6c,0x3e,0x43,0x48,0x20,0x69,0x64,0x78,0x3c,0x2f,0x6c,0x61,0x62,
    0x65,0x6c,0x3e,0x3c,0x69,0x6e,0x70,0x75,0x74,0x20,0x74,0x79,0x70,0x65,0x3d,0x22,
    0x6e,0x75,0x6d,0x62,0x65,0x72,0x22,0x20,0x76,0x61,0x6c,0x75,0x65,0x3d,0x22,0x27,
    0x2b,0x64,0x2e,0x63,0x69,0x2b,0x27,0x22,0x20,0x6f,0x6e,0x63,0x68,0x61,0x6e,0x67,
    0x65,0x3d,0x22,0x74,0x63,0x70,0x64,0x5b,0x27,0x2b,0x69,0x2b,0x27,0x5d,0x2e,0x63,
    0x69,0x3d,0x2b,0x74,0x68,0x69,0x73,0x2e,0x76,0x61,0x6c,0x75,0x65,0x22,0x3e,0x3c,
    0x2f,0x64,0x69,0x76,0x3e,0x27,0x0a,0x20,0x20,0x20,0x20,0x2b,0x27,0x3c,0x64,0x69,
    0x76,0x20,0x63,0x6c,0x61,0x73,0x73,0x3d,0x22,0x66,0x22,0x20,0x73,0x74,0x79,0x6c,
    0x65,0x3d,0x22,0x6d,0x61,0x78,0x2d,0x77,0x69,0x64,0x74,0x68,0x3a,0x31,0x31,0x30,
    0x70,0x78,0x22,0x3e,0x3c,0x6c,0x61,0x62,0x65,0x6c,0x3e,0x50,0x6f,0x6c,0x6c,0x20,
    0x74,0x69,0x6d,0x65,0x6f,0x75,0x74,0x28,0xd0,0xbc,0xd1,0x81,0x29,0x3c,0x2f,0x6c,
    0x61,0x62,0x65,0x6c,0x3e,0x3c,0x69,0x6e,0x70,0x75,0x74,0x20,0x74,0x79,0x70,0x65,
    0x3d,0x22,0x6e,0x75,0x6d,0x62,0x65,0x72,0x22,0x20,0x76,0x61,0x6c,0x75,0x65,0x3d,
    0x22,0x27,0x2b,0x64,0x2e,0x70,0x6d,0x73,0x2b,0x27,0x22,0x20,0x6f,0x6e,0x63,0x68,
    0x61,0x6e,0x67,0x65,0x3d,0x22,0x74,0x63,0x70,0x64,0x5b,0x27,0x2b,0x69,0x2b,0x27,
    0x5d,0x2e,0x70,0x6d,0x73,0x3d,0x2b,0x74,0x68,0x69,0x73,0x2e,0x76,0x61,0x6c,0x75,
    0x65,0x22,0x3e,0x3c,0x2f,0x64,0x69,0x76,0x3e,0x27,0x0a,0x20,0x20,0x20,0x20,0x2b,
    0x27,0x3c,0x64,0x69,0x76,0x20,0x63,0x6c,0x61,0x73,0x73,0x3d,0x22,0x66,0x22,0x20,
    0x73,0x74,0x79,0x6c,0x65,0x3d,0x22,0x6d,0x61,0x78,0x2d,0x77,0x69,0x64,0x74,0x68,
    0x3a,0x31,0x32,0x30,0x70,0x78,0x22,0x3e,0x3c,0x6c,0x61,0x62,0x65,0x6c,0x3e,0x43,
    0x6f,0x6e,0x6e,0x20,0x74,0x69,0x6d,0x65,0x6f,0x75,0x74,0x28,0xd0,0xbc,0xd1,0x81,
    0x29,0x3c,0x2f,0x6c,0x61,0x62,0x65,0x6c,0x3e,0x3c,0x69,0x6e,0x70,0x75,0x74,0x20,
    0x74,0x79,0x70,0x65,0x3d,0x22,0x6e,0x75,0x6d,0x62,0x65,0x72,0x22,0x20,0x76,0x61,
    0x6c,0x75,0x65,0x3d,0x22,0x27,0x2b,0x64,0x2e,0x63,0x6d,0x73,0x2b,0x27,0x22,0x20,
    0x6f,0x6e,0x63,0x68,0x61,0x6e,0x67,0x65,0x3d,0x22,0x74,0x63,0x70,0x64,0x5b,0x27,
    0x2b,0x69,0x2b,0x27,0x5d,0x2e,0x63,0x6d,0x73,0x3d,0x2b,0x74,0x68,0x69,0x73,0x2e,
    0x76,0x61,0x6c,0x75,0x65,0x22,0x3e,0x3c,0x2f,0x64,0x69,0x76,0x3e,0x27,0x0a,0x20,
    0x20,0x20,0x20,0x2b,0x27,0x3c,0x64,0x69,0x76,0x20,0x63,0x6c,0x61,0x73,0x73,0x3d,
    0x22,0x66,0x22,0x20,0x73,0x74,0x79,0x6c,0x65,0x3d,0x22,0x6d,0x61,0x78,0x2d,0x77,
    0x69,0x64,0x74,0x68,0x3a,0x31,0x30,0x30,0x70,0x78,0x22,0x3e,0x3c,0x6c,0x61,0x62,
    0x65,0x6c,0x3e,0x57,0x35,0x35,0x30,0x30,0x20,0xd1,0x81,0xd0,0xbe,0xd0,0xba,0xd0,
    0xb5,0xd1,0x82,0x3c,0x2f,0x6c,0x61,0x62,0x65,0x6c,0x3e,0x3c,0x69,0x6e,0x70,0x75,
    0x74,0x20,0x74,0x79,0x70,0x65,0x3d,0x22,0x6e,0x75,0x6d,0x62,0x65,0x72,0x22,0x20,
    0x76,0x61,0x6c,0x75,0x65,0x3d,0x22,0x27,0x2b,0x64,0x2e,0x73,0x6b,0x2b,0x27,0x22,
    0x20,0x6f,0x6e,0x63,0x68,0x61,0x6e,0x67,0x65,0x3d,0x22,0x74,0x63,0x70,0x64,0x5b,
    0x27,0x2b,0x69,0x2b,0x27,0x5d,0x2e,0x73,0x6b,0x3d,0x2b,0x74,0x68,0x69,0x73,0x2e,
    0x76,0x61,0x6c,0x75,0x65,0x22,0x3e,0x3c,0x2f,0x64,0x69,0x76,0x3e,0x27,0x0a,0x20,
    0x20,0x20,0x20,0x2b,0x27,0x3c,0x2f,0x64,0x69,0x76,0x3e,0x3c,0x2f,0x64,0x69,0x76,
    0x3e,0x27,0x3b,0x0a,0x7d,0x0a,0x0a,0x66,0x75,0x6e,0x63,0x74,0x69,0x6f,0x6e,0x20,
    0x61,0x64,0x64,0x54,0x44,0x28,0x29,0x7b,0x69,0x66,0x28,0x74,0x63,0x70,0x64,0x2e,
    0x6c,0x65,0x6e,0x67,0x74,0x68,0x3c,0x38,0x29,0x7b,0x74,0x63,0x70,0x64,0x2e,0x70,
    0x75,0x73,0x68,0x28,0x7b,0x65,0x6e,0x3a,0x66,0x61,0x6c,0x73,0x65,0x2c,0x69,0x70,
    0x3a,0x27,0x27,0x2c,0x70,0x6f,0x72,0x74,0x3a,0x35,0x30,0x32,0x2c,0x75,0x69,0x64,
    0x3a,0x31,0x2c,0x6e,0x6d,0x3a,0x27,0x27,0x2c,0x75,0x6e,0x3a,0x27,0x27,0x2c,0x66,
    0x63,0x3a,0x33,0x2c,0x72,0x73,0x3a,0x30,0x2c,0x72,0x63,0x3a,0x31,0x2c,0x64,0x74,
    0x3a,0x27,0x49,0x4e,0x54,0x31,0x36,0x27,0x2c,0x73,0x63,0x3a,0x31,0x2c,0x6f,0x66,
    0x3a,0x30,0x2c,0x63,0x69,0x3a,0x30,0x2c,0x70,0x6d,0x73,0x3a,0x31,0x30,0x30,0x30,
    0x2c,0x63,0x6d,0x73,0x3a,0x33,0x30,0x30,0x30,0x2c,0x73,0x6b,0x3a,0x31,0x7d,0x29,
    0x3b,0x72,0x6e,0x64,0x54,0x44,0x28,0x29,0x7d,0x7d,0x0a,0x66,0x75,0x6e,0x63,0x74,
    0x69,0x6f,0x6e,0x20,0x64,0x65,0x6c,0x54,0x44,0x28,0x69,0x29,0x7b,0x74,0x63,0x70,
    0x64,0x2e,0x73,0x70,0x6c,0x69,0x63,0x65,0x28,0x69,0x2c,0x31,0x29,0x3b,0x72,0x6e,
    0x64,0x54,0x44,0x28,0x29,0x7d,0x0a,0x66,0x75,0x6e,0x63,0x74,0x69,0x6f,0x6e,0x20,
    0x72,0x6e,0x64,0x54,0x44,0x28,0x29,0x7b,0x76,0x61,0x72,0x20,0x68,0x3d,0x27,0x27,
    0x3b,0x74,0x63,0x70,0x64,0x2e,0x66,0x6f,0x72,0x45,0x61,0x63,0x68,0x28,0x66,0x75,
    0x6e,0x63,0x74,0x69,0x6f,0x6e,0x28,0x5f,0x2c,0x69,0x29,0x7b,0x68,0x2b,0x3d,0x74,
    0x63,0x70,0x44,0x48,0x28,0x69,0x29,0x7d,0x29,0x3b,0x64,0x6f,0x63,0x75,0x6d,0x65,
    0x6e,0x74,0x2e,0x67,0x65,0x74,0x45,0x6c,0x65,0x6d,0x65,0x6e,0x74,0x42,0x79,0x49,
    0x64,0x28,0x27,0x74,0x63,0x70,0x5f,0x64,0x65,0x76,0x73,0x27,0x29,0x2e,0x69,0x6e,
    0x6e,0x65,0x72,0x48,0x54,0x4d,0x4c,0x3d,0x68,0x7d,0x0a,0x0a,0x76,0x61,0x72,0x20,
    0x72,0x65,0x67,0x73,0x3d,0x5b,0x5d,0x3b,0x0a,0x66,0x75,0x6e,0x63,0x74,0x69,0x6f,
    0x6e,0x20,0x72,0x65,0x67,0x52,0x28,0x69,0x29,0x7b,0x0a,0x20,0x20,0x76,0x61,0x72,
    0x20,0x72,0x3d,0x72,0x65,0x67,0x73,0x5b,0x69,0x5d,0x3b,0x0a,0x20,0x20,0x72,0x65,
    0x74,0x75,0x72,0x6e,0x20,0x27,0x3c,0x74,0x72,0x3e,0x3c,0x74,0x64,0x3e,0x3c,0x69,
    0x6e,0x70,0x75,0x74,0x20,0x74,0x79,0x70,0x65,0x3d,0x22,0x6e,0x75,0x6d,0x62,0x65,
    0x72,0x22,0x20,0x76,0x61,0x6c,0x75,0x65,0x3d,0x22,0x27,0x2b,0x72,0x2e,0x61,0x64,
    0x2b,0x27,0x22,0x20,0x73,0x74,0x79,0x6c,0x65,0x3d,0x22,0x77,0x69,0x64,0x74,0x68,
    0x3a,0x35,0x35,0x70,0x78,0x22,0x20,0x6f,0x6e,0x63,0x68,0x61,0x6e,0x67,0x65,0x3d,
    0x22,0x72,0x65,0x67,0x73,0x5b,0x27,0x2b,0x69,0x2b,0x27,0x5d,0x2e,0x61,0x64,0x3d,
    0x2b,0x74,0x68,0x69,0x73,0x2e,0x76,0x61,0x6c,0x75,0x65,0x22,0x3e,0x3c,0x2f,0x74,
    0x64,0x3e,0x27,0x0a,0x20,0x20,0x20,0x20,0x2b,0x27,0x3c,0x74,0x64,0x3e,0x3c,0x73,
    0x65,0x6c,0x65,0x63,0x74,0x20,0x73,0x74,0x79,0x6c,0x65,0x3d,0x22,0x66,0x6f,0x6e,
    0x74,0x2d,0x73,0x69,0x7a,0x65,0x3a,0x31,0x31,0x70,0x78,0x22,0x20,0x6f,0x6e,0x63,
    0x68,0x61,0x6e,0x67,0x65,0x3d,0x22,0x72,0x65,0x67,0x73,0x5b,0x27,0x2b,0x69,0x2b,
    0x27,0x5d,0x2e,0x73,0x72,0x63,0x3d,0x74,0x68,0x69,0x73,0x2e,0x76,0x61,0x6c,0x75,
    0x65,0x22,0x3e,0x27,0x2b,0x53,0x52,0x43,0x2e,0x6d,0x61,0x70,0x28,0x66,0x75,0x6e,
    0x63,0x74,0x69,0x6f,0x6e,0x28,0x73,0x29,0x7b,0x72,0x65,0x74,0x75,0x72,0x6e,0x27,
    0x3c,0x6f,0x70,0x74,0x69,0x6f,0x6e,0x27,0x2b,0x28,0x72,0x2e,0x73,0x72,0x63,0x3d,
    0x3d,0x3d,0x73,0x3f,0x27,0x20,0x73,0x65,0x6c,0x65,0x63,0x74,0x65,0x64,0x27,0x3a,
    0x27,0x27,0x29,0x2b,0x27,0x3e,0x27,0x2b,0x73,0x2b,0x27,0x3c,0x2f,0x6f,0x70,0x74,
    0x69,0x6f,0x6e,0x3e,0x27,0x7d,0x29,0x2e,0x6a,0x6f,0x69,0x6e,0x28,0x27,0x27,0x29,
    0x2b,0x27,0x3c,0x2f,0x73,0x65,0x6c,0x65,0x63,0x74,0x3e,0x3c,0x2f,0x74,0x64,0x3e,
    0x27,0x0a,0x20,0x20,0x20,0x20,0x2b,0x27,0x3c,0x74,0x64,0x3e,0x3c,0x73,0x65,0x6c,
    0x65,0x63,0x74,0x20,0x73,0x74,0x79,0x6c,0x65,0x3d,0x22,0x66,0x6f,0x6e,0x74,0x2d,
    0x73,0x69,0x7a,0x65,0x3a,0x31,0x31,0x70,0x78,0x22,0x20,0x6f,0x6e,0x63,0x68,0x61,
    0x6e,0x67,0x65,0x3d,0x22,0x72,0x65,0x67,0x73,0x5b,0x27,0x2b,0x69,0x2b,0x27,0x5d,
    0x2e,0x64,0x74,0x3d,0x74,0x68,0x69,0x73,0x2e,0x76,0x61,0x6c,0x75,0x65,0x22,0x3e,
    0x27,0x2b,0x44,0x54,0x2e,0x6d,0x61,0x70,0x28,0x66,0x75,0x6e,0x63,0x74,0x69,0x6f,
    0x6e,0x28,0x74,0x29,0x7b,0x72,0x65,0x74,0x75,0x72,0x6e,0x27,0x3c,0x6f,0x70,0x74,
    0x69,0x6f,0x6e,0x27,0x2b,0x28,0x72,0x2e,0x64,0x74,0x3d,0x3d,0x3d,0x74,0x3f,0x27,
    0x20,0x73,0x65,0x6c,0x65,0x63,0x74,0x65,0x64,0x27,0x3a,0x27,0x27,0x29,0x2b,0x27,
    0x3e,0x27,0x2b,0x74,0x2b,0x27,0x3c,0x2f,0x6f,0x70,0x74,0x69,0x6f,0x6e,0x3e,0x27,
    0x7d,0x29,0x2e,0x6a,0x6f,0x69,0x6e,0x28,0x27,0x27,0x29,0x2b,0x27,0x3c,0x2f,0x73,
    0x65,0x6c,0x65,0x63,0x74,0x3e,0x3c,0x2f,0x74,0x64,0x3e,0x27,0x0a,0x20,0x20,0x20,
    0x20,0x2b,0x27,0x3c,0x74,0x64,0x3e,0x3c,0x69,0x6e,0x70,0x75,0x74,0x20,0x74,0x79,
    0x70,0x65,0x3d,0x22,0x6e,0x75,0x6d,0x62,0x65,0x72,0x22,0x20,0x73,0x74,0x65,0x70,
    0x3d,0x22,0x61,0x6e,0x79,0x22,0x20,0x76,0x61,0x6c,0x75,0x65,0x3d,0x22,0x27,0x2b,
    0x72,0x2e,0x73,0x63,0x2b,0x27,0x22,0x20,0x73,0x74,0x79,0x6c,0x65,0x3d,0x22,0x77,
    0x69,0x64,0x74,0x68,0x3a,0x35,0x30,0x70,0x78,0x22,0x20,0x6f,0x6e,0x63,0x68,0x61,
    0x6e,0x67,0x65,0x3d,0x22,0x72,0x65,0x67,0x73,0x5b,0x27,0x2b,0x69,0x2b,0x27,0x5d,
    0x2e,0x73,0x63,0x3d,0x2b,0x74,0x68,0x69,0x73,0x2e,0x76,0x61,0x6c,0x75,0x65,0x22,
    0x3e,0x3c,0x2f,0x74,0x64,0x3e,0x27,0x0a,0x20,0x20,0x20,0x20,0x2b,0x27,0x3c,0x74,
    0x64,0x3e,0x3c,0x69,0x6e,0x70,0x75,0x74,0x20,0x74,0x79,0x70,0x65,0x3d,0x22,0x74,
    0x65,0x78,0x74,0x22,0x20,0x76,0x61,0x6c,0x75,0x65,0x3d,0x22,0x27,0x2b,0x72,0x2e,
    0x75,0x6e,0x2b,0x27,0x22,0x20,0x73,0x74,0x79,0x6c,0x65,0x3d,0x22,0x77,0x69,0x64,
    0x74,0x68,0x3a,0x33,0x35,0x70,0x78,0x22,0x20,0x6f,0x6e,0x63,0x68,0x61,0x6e,0x67,
    0x65,0x3d,0x22,0x72,0x65,0x67,0x73,0x5b,0x27,0x2b,0x69,0x2b,0x27,0x5d,0x2e,0x75,
    0x6e,0x3d,0x74,0x68,0x69,0x73,0x2e,0x76,0x61,0x6c,0x75,0x65,0x22,0x3e,0x3c,0x2f,
    0x74,0x64,0x3e,0x27,0x0a,0x20,0x20,0x20,0x20,0x2b,0x27,0x3c,0x74,0x64,0x3e,0x3c,
    0x69,0x6e,0x70,0x75,0x74,0x20,0x74,0x79,0x70,0x65,0x3d,0x22,0x74,0x65,0x78,0x74,
    0x22,0x20,0x76,0x61,0x6c,0x75,0x65,0x3d,0x22,0x27,0x2b,0x72,0x2e,0x6e,0x6d,0x2b,
    0x27,0x22,0x20,0x73,0x74,0x79,0x6c,0x65,0x3d,0x22,0x77,0x69,0x64,0x74,0x68,0x3a,
    0x37,0x30,0x70,0x78,0x22,0x20,0x6f,0x6e,0x63,0x68,0x61,0x6e,0x67,0x65,0x3d,0x22,
    0x72,0x65,0x67,0x73,0x5b,0x27,0x2b,0x69,0x2b,0x27,0x5d,0x2e,0x6e,0x6d,0x3d,0x74,
    0x68,0x69,0x73,0x2e,0x76,0x61,0x6c,0x75,0x65,0x22,0x3e,0x3c,0x2f,0x74,0x64,0x3e,
    0x27,0x0a,0x20,0x20,0x20,0x20,0x2b,0x27,0x3c,0x74,0x64,0x3e,0x3c,0x62,0x75,0x74,
    0x74,0x6f,0x6e,0x20,0x73,0x74,0x79,0x6c,0x65,0x3d,0x22,0x62,0x61,0x63,0x6b,0x67,
    0x72,0x6f,0x75,0x6e,0x64,0x3a,0x6e,0x6f,0x6e,0x65,0x3b,0x62,0x6f,0x72,0x64,0x65,
    0x72,0x3a,0x6e,0x6f,0x6e,0x65,0x3b,0x63,0x6f,0x6c,0x6f,0x72,0x3a,0x23,0x66,0x38,
    0x37,0x31,0x37,0x31,0x3b,0x63,0x75,0x72,0x73,0x6f,0x72,0x3a,0x70,0x6f,0x69,0x6e,
    0x74,0x65,0x72,0x22,0x20,0x6f,0x6e,0x63,0x6c,0x69,0x63,0x6b,0x3d,0x22,0x64,0x65,
    0x6c,0x52,0x65,0x67,0x28,0x27,0x2b,0x69,0x2b,0x27,0x29,0x22,0x3e,0xe2,0x9c,0x95,
    0x3c,0x2f,0x62,0x75,0x74,0x74,0x6f,0x6e,0x3e,0x3c,0x2f,0x74,0x64,0x3e,0x3c,0x2f,
    0x74,0x72,0x3e,0x27,0x3b,0x0a,0x7d,0x0a,0x66,0x75,0x6e,0x63,0x74,0x69,0x6f,0x6e,
    0x20,0x61,0x64,0x64,0x52,0x65,0x67,0x28,0x29,0x7b,0x72,0x65,0x67,0x73,0x2e,0x70,
    0x75,0x73,0x68,0x28,0x7b,0x61,0x64,0x3a,0x30,0x2c,0x73,0x72,0x63,0x3a,0x27,0xd0,
    0x94,0xd0,0xb0,0xd1,0x82,0xd1,0x87,0xd0,0xb8,0xd0,0xba,0x20,0x30,0x27,0x2c,0x64,
    0x74,0x3a,0x27,0x49,0x4e,0x54,0x31,0x36,0x27,0x2c,0x73,0x63,0x3a,0x31,0x2c,0x75,
    0x6e,0x3a,0x27,0x27,0x2c,0x6e,0x6d,0x3a,0x27,0x27,0x7d,0x29,0x3b,0x72,0x6e,0x64,
    0x52,0x65,0x67,0x73,0x28,0x29,0x7d,0x0a,0x66,0x75,0x6e,0x63,0x74,0x69,0x6f,0x6e,
    0x20,0x64,0x65,0x6c,0x52,0x65,0x67,0x28,0x69,0x29,0x7b,0x72,0x65,0x67,0x73,0x2e,
    0x73,0x70,0x6c,0x69,0x63,0x65,0x28,0x69,0x2c,0x31,0x29,0x3b,0x72,0x6e,0x64,0x52,
    0x65,0x67,0x73,0x28,0x29,0x7d,0x0a,0x66,0x75,0x6e,0x63,0x74,0x69,0x6f,0x6e,0x20,
    0x72,0x6e,0x64,0x52,0x65,0x67,0x73,0x28,0x29,0x7b,0x76,0x61,0x72,0x20,0x68,0x3d,
    0x27,0x27,0x3b,0x72,0x65,0x67,0x73,0x2e,0x66,0x6f,0x72,0x45,0x61,0x63,0x68,0x28,
    0x66,0x75,0x6e,0x63,0x74,0x69,0x6f,0x6e,0x28,0x5f,0x2c,0x69,0x29,0x7b,0x68,0x2b,
    0x3d,0x72,0x65,0x67,0x52,0x28,0x69,0x29,0x7d,0x29,0x3b,0x64,0x6f,0x63,0x75,0x6d,
    0x65,0x6e,0x74,0x2e,0x67,0x65,0x74,0x45,0x6c,0x65,0x6d,0x65,0x6e,0x74,0x42,0x79,
    0x49,0x64,0x28,0x27,0x72,0x65,0x67,0x74,0x62,0x6c,0x27,0x29,0x2e,0x69,0x6e,0x6e,
    0x65,0x72,0x48,0x54,0x4d,0x4c,0x3d,0x68,0x7d,0x0a,0x0a,0x66,0x75,0x6e,0x63,0x74,
    0x69,0x6f,0x6e,0x20,0x69,0x6e,0x69,0x74,0x53,0x6e,0x73,0x28,0x6e,0x29,0x7b,0x0a,
    0x20,0x20,0x76,0x61,0x72,0x20,0x61,0x3d,0x27,0x27,0x2c,0x62,0x3d,0x27,0x27,0x3b,
    0x0a,0x20,0x20,0x66,0x6f,0x72,0x28,0x76,0x61,0x72,0x20,0x69,0x3d,0x30,0x3b,0x69,
    0x3c,0x6e,0x3b,0x69,0x2b,0x2b,0x29,0x7b,0x0a,0x20,0x20,0x20,0x20,0x61,0x2b,0x3d,
    0x27,0x3c,0x64,0x69,0x76,0x20,0x63,0x6c,0x61,0x73,0x73,0x3d,0x22,0x66,0x22,0x20,
    0x73,0x74,0x79,0x6c,0x65,0x3d,0x22,0x6d,0x61,0x72,0x67,0x69,0x6e,0x2d,0x62,0x6f,
    0x74,0x74,0x6f,0x6d,0x3a,0x34,0x70,0x78,0x22,0x3e,0x3c,0x6c,0x61,0x62,0x65,0x6c,
    0x3e,0xd0,0x94,0xd0,0xb0,0xd1,0x82,0xd1,0x87,0xd0,0xb8,0xd0,0xba,0x20,0x27,0x2b,
    0x69,0x2b,0x27,0x20,0xd0,0xbc,0xd0,0xb8,0xd0,0xbd,0x3c,0x2f,0x6c,0x61,0x62,0x65,
    0x6c,0x3e,0x3c,0x69,0x6e,0x70,0x75,0x74,0x20,0x74,0x79,0x70,0x65,0x3d,0x22,0x6e,
    0x75,0x6d,0x62,0x65,0x72,0x22,0x20,0x73,0x74,0x65,0x70,0x3d,0x22,0x61,0x6e,0x79,
    0x22,0x20,0x6f,0x6e,0x63,0x68,0x61,0x6e,0x67,0x65,0x3d,0x22,0x63,0x28,0x5c,0x27,
    0x73,0x65,0x6e,0x73,0x6f,0x72,0x5f,0x6d,0x69,0x6e,0x27,0x2b,0x69,0x2b,0x27,0x5c,
    0x27,0x2c,0x2b,0x74,0x68,0x69,0x73,0x2e,0x76,0x61,0x6c,0x75,0x65,0x29,0x22,0x3e,
    0x3c,0x2f,0x64,0x69,0x76,0x3e,0x27,0x3b,0x0a,0x20,0x20,0x20,0x20,0x62,0x2b,0x3d,
    0x27,0x3c,0x64,0x69,0x76,0x20,0x63,0x6c,0x61,0x73,0x73,0x3d,0x22,0x66,0x22,0x20,
    0x73,0x74,0x79,0x6c,0x65,0x3d,0x22,0x6d,0x61,0x72,0x67,0x69,0x6e,0x2d,0x62,0x6f,
    0x74,0x74,0x6f,0x6d,0x3a,0x34,0x70,0x78,0x22,0x3e,0x3c,0x6c,0x61,0x62,0x65,0x6c,
    0x3e,0xd0,0x94,0xd0,0xb0,0xd1,0x82,0xd1,0x87,0xd0,0xb8,0xd0,0xba,0x20,0x27,0x2b,
    0x69,0x2b,0x27,0x20,0xd0,0xbc,0xd0,0xb0,0xd0,0xba,0xd1,0x81,0x3c,0x2f,0x6c,0x61,
    0x62,0x65,0x6c,0x3e,0x3c,0x69,0x6e,0x70,0x75,0x74,0x20,0x74,0x79,0x70,0x65,0x3d,
    0x22,0x6e,0x75,0x6d,0x62,0x65,0x72,0x22,0x20,0x73,0x74,0x65,0x70,0x3d,0x22,0x61,
    0x6e,0x79,0x22,0x20,0x6f,0x6e,0x63,0x68,0x61,0x6e,0x67,0x65,0x3d,0x22,0x63,0x28,
    0x5c,0x27,0x73,0x65,0x6e,0x73,0x6f,0x72,0x5f,0x6d,0x61,0x78,0x27,0x2b,0x69,0x2b,
    0x27,0x5c,0x27,0x2c,0x2b,0x74,0x68,0x69,0x73,0x2e,0x76,0x61,0x6c,0x75,0x65,0x29,
    0x22,0x3e,0x3c,0x2f,0x64,0x69,0x76,0x3e,0x27,0x3b,0x0a,0x20,0x20,0x7d,0x0a,0x20,
    0x20,0x64,0x6f,0x63,0x75,0x6d,0x65,0x6e,0x74,0x2e,0x67,0x65,0x74,0x45,0x6c,0x65,
    0x6d,0x65,0x6e,0x74,0x42,0x79,0x49,0x64,0x28,0x27,0x73,0x6e,0x73,0x5f,0x6d,0x69,
    0x6e,0x27,0x29,0x2e,0x69,0x6e,0x6e,0x65,0x72,0x48,0x54,0x4d,0x4c,0x3d,0x61,0x3b,
    0x0a,0x20,0x20,0x64,0x6f,0x63,0x75,0x6d,0x65,0x6e,0x74,0x2e,0x67,0x65,0x74,0x45,
    0x6c,0x65,0x6d,0x65,0x6e,0x74,0x42,0x79,0x49,0x64,0x28,0x27,0x73,0x6e,0x73,0x5f,
    0x6d,0x61,0x78,0x27,0x29,0x2e,0x69,0x6e,0x6e,0x65,0x72,0x48,0x54,0x4d,0x4c,0x3d,
    0x62,0x3b,0x0a,0x7d,0x0a,0x0a,0x66,0x75,0x6e,0x63,0x74,0x69,0x6f,0x6e,0x20,0x69,
    0x6e,0x69,0x74,0x54,0x5a,0x28,0x29,0x7b,0x0a,0x20,0x20,0x76,0x61,0x72,0x20,0x68,
    0x3d,0x27,0x27,0x3b,0x66,0x6f,0x72,0x28,0x76,0x61,0x72,0x20,0x69,0x3d,0x2d,0x31,
    0x32,0x3b,0x69,0x3c,0x3d,0x31,0x34,0x3b,0x69,0x2b,0x2b,0x29,0x68,0x2b,0x3d,0x27,
    0x3c,0x6f,0x70,0x74,0x69,0x6f,0x6e,0x20,0x76,0x61,0x6c,0x75,0x65,0x3d,0x22,0x27,
    0x2b,0x69,0x2b,0x27,0x22,0x27,0x2b,0x28,0x69,0x3d,0x3d,0x3d,0x33,0x3f,0x27,0x20,
    0x73,0x65,0x6c,0x65,0x63,0x74,0x65,0x64,0x27,0x3a,0x27,0x27,0x29,0x2b,0x27,0x3e,
    0x27,0x2b,0x28,0x69,0x3e,0x3d,0x30,0x3f,0x27,0x2b,0x27,0x3a,0x27,0x27,0x29,0x2b,
    0x69,0x2b,0x27,0x3c,0x2f,0x6f,0x70,0x74,0x69,0x6f,0x6e,0x3e,0x27,0x3b,0x0a,0x20,
    0x20,0x64,0x6f,0x63,0x75,0x6d,0x65,0x6e,0x74,0x2e,0x67,0x65,0x74,0x45,0x6c,0x65,
    0x6d,0x65,0x6e,0x74,0x42,0x79,0x49,0x64,0x28,0x27,0x74,0x7a,0x5f,0x6f,0x66,0x66,
    0x27,0x29,0x2e,0x69,0x6e,0x6e,0x65,0x72,0x48,0x54,0x4d,0x4c,0x3d,0x68,0x3b,0x0a,
    0x7d,0x0a,0x0a,0x66,0x75,0x6e,0x63,0x74,0x69,0x6f,0x6e,0x20,0x73,0x68,0x6f,0x77,
    0x4d,0x73,0x67,0x28,0x6f,0x6b,0x2c,0x74,0x29,0x7b,0x76,0x61,0x72,0x20,0x6d,0x3d,
    0x64,0x6f,0x63,0x75,0x6d,0x65,0x6e,0x74,0x2e,0x67,0x65,0x74,0x45,0x6c,0x65,0x6d,
    0x65,0x6e,0x74,0x42,0x79,0x49,0x64,0x28,0x27,0x6d,0x73,0x67,0x27,0x29,0x3b,0x6d,
    0x2e,0x63,0x6c,0x61,0x73,0x73,0x4e,0x61,0x6d,0x65,0x3d,0x27,0x6d,0x73,0x67,0x20,
    0x27,0x2b,0x28,0x6f,0x6b,0x3d,0x3d,0x3d,0x74,0x72,0x75,0x65,0x3f,0x27,0x6f,0x6b,
    0x27,0x3a,0x6f,0x6b,0x3d,0x3d,0x3d,0x66,0x61,0x6c,0x73,0x65,0x3f,0x27,0x65,0x72,
    0x27,0x3a,0x27,0x77,0x61,0x72,0x6e,0x27,0x29,0x3b,0x6d,0x2e,0x74,0x65,0x78,0x74,
    0x43,0x6f,0x6e,0x74,0x65,0x6e,0x74,0x3d,0x74,0x3b,0x6d,0x2e,0x73,0x74,0x79,0x6c,
    0x65,0x2e,0x64,0x69,0x73,0x70,0x6c,0x61,0x79,0x3d,0x27,0x69,0x6e,0x6c,0x69,0x6e,
    0x65,0x27,0x3b,0x73,0x65,0x74,0x54,0x69,0x6d,0x65,0x6f,0x75,0x74,0x28,0x66,0x75,
    0x6e,0x63,0x74,0x69,0x6f,0x6e,0x28,0x29,0x7b,0x6d,0x2e,0x73,0x74,0x79,0x6c,0x65,
    0x2e,0x64,0x69,0x73,0x70,0x6c,0x61,0x79,0x3d,0x27,0x6e,0x6f,0x6e,0x65,0x27,0x7d,
    0x2c,0x36,0x30,0x30,0x30,0x29,0x7d,0x0a,0x0a,0x66,0x75,0x6e,0x63,0x74,0x69,0x6f,
    0x6e,0x20,0x72,0x65,0x6c,0x6f,0x61,0x64,0x43,0x66,0x67,0x28,0x29,0x7b,0x0a,0x20,
    0x20,0x66,0x65,0x74,0x63,0x68,0x28,0x27,0x2f,0x61,0x70,0x69,0x2f,0x63,0x6f,0x6e,
    0x66,0x69,0x67,0x27,0x29,0x2e,0x74,0x68,0x65,0x6e,0x28,0x66,0x75,0x6e,0x63,0x74,
    0x69,0x6f,0x6e,0x28,0x72,0x29,0x7b,0x72,0x65,0x74,0x75,0x72,0x6e,0x20,0x72,0x2e,
    0x6a,0x73,0x6f,0x6e,0x28,0x29,0x7d,0x29,0x2e,0x74,0x68,0x65,0x6e,0x28,0x66,0x75,
    0x6e,0x63,0x74,0x69,0x6f,0x6e,0x28,0x64,0x29,0x7b,0x0a,0x20,0x20,0x20,0x20,0x63,
    0x66,0x67,0x3d,0x64,0x3b,0x0a,0x20,0x20,0x20,0x20,0x2f,0x2f,0x20,0x63,0x68,0x65,
    0x63,0x6b,0x62,0x6f,0x78,0x65,0x73,0x0a,0x20,0x20,0x20,0x20,0x76,0x61,0x72,0x20,
    0x62,0x6b,0x3d,0x5b,0x27,0x63,0x68,0x5f,0x65,0x74,0x68,0x27,0x2c,0x27,0x63,0x68,
    0x5f,0x67,0x73,0x6d,0x27,0x2c,0x27,0x63,0x68,0x5f,0x77,0x69,0x66,0x69,0x27,0x2c,
    0x27,0x63,0x68,0x5f,0x69,0x72,0x69,0x64,0x69,0x75,0x6d,0x27,0x2c,0x27,0x63,0x68,
    0x61,0x69,0x6e,0x5f,0x6d,0x6f,0x64,0x65,0x27,0x2c,0x27,0x64,0x65,0x65,0x70,0x5f,
    0x73,0x6c,0x65,0x65,0x70,0x5f,0x65,0x6e,0x61,0x62,0x6c,0x65,0x64,0x27,0x2c,0x0a,
    0x20,0x20,0x20,0x20,0x20,0x20,0x20,0x20,0x20,0x20,0x20,0x20,0x27,0x73,0x63,0x68,
    0x65,0x64,0x75,0x6c,0x65,0x5f,0x65,0x6e,0x61,0x62,0x6c,0x65,0x64,0x27,0x2c,0x27,
    0x6d,0x74,0x63,0x70,0x6d,0x5f,0x65,0x6e,0x27,0x2c,0x27,0x6d,0x74,0x63,0x70,0x73,
    0x5f,0x65,0x6e,0x27,0x2c,0x27,0x6e,0x74,0x70,0x5f,0x65,0x6e,0x61,0x62,0x6c,0x65,
    0x64,0x27,0x2c,0x27,0x77,0x65,0x62,0x5f,0x61,0x75,0x74,0x68,0x5f,0x65,0x6e,0x61,
    0x62,0x6c,0x65,0x64,0x27,0x2c,0x0a,0x20,0x20,0x20,0x20,0x20,0x20,0x20,0x20,0x20,
    0x20,0x20,0x20,0x27,0x77,0x65,0x62,0x5f,0x65,0x78,0x63,0x6c,0x75,0x73,0x69,0x76,
    0x65,0x5f,0x6d,0x6f,0x64,0x65,0x27,0x2c,0x27,0x61,0x6c,0x65,0x72,0x74,0x73,0x5f,
    0x65,0x6e,0x61,0x62,0x6c,0x65,0x64,0x27,0x2c,0x27,0x61,0x6c,0x65,0x72,0x74,0x5f,
    0x6f,0x6e,0x5f,0x63,0x68,0x61,0x6e,0x6e,0x65,0x6c,0x5f,0x66,0x61,0x69,0x6c,0x27,
    0x2c,0x0a,0x20,0x20,0x20,0x20,0x20,0x20,0x20,0x20,0x20,0x20,0x20,0x20,0x27,0x61,
    0x6c,0x65,0x72,0x74,0x5f,0x6f,0x6e,0x5f,0x73,0x65,0x6e,0x73,0x6f,0x72,0x5f,0x66,
    0x61,0x69,0x6c,0x27,0x2c,0x27,0x6d,0x71,0x74,0x74,0x5f,0x74,0x6c,0x73,0x27,0x2c,
    0x27,0x65,0x74,0x68,0x5f,0x64,0x68,0x63,0x70,0x27,0x5d,0x3b,0x0a,0x20,0x20,0x20,
    0x20,0x62,0x6b,0x2e,0x66,0x6f,0x72,0x45,0x61,0x63,0x68,0x28,0x66,0x75,0x6e,0x63,
    0x74,0x69,0x6f,0x6e,0x28,0x6b,0x29,0x7b,0x76,0x61,0x72,0x20,0x65,0x3d,0x64,0x6f,
    0x63,0x75,0x6d,0x65,0x6e,0x74,0x2e,0x67,0x65,0x74,0x45,0x6c,0x65,0x6d,0x65,0x6e,
    0x74,0x42,0x79,0x49,0x64,0x28,0x6b,0x29,0x3b,0x69,0x66,0x28,0x65,0x29,0x65,0x2e,
    0x63,0x68,0x65,0x63,0x6b,0x65,0x64,0x3d,0x21,0x21,0x64,0x5b,0x6b,0x5d,0x7d,0x29,
    0x3b,0x0a,0x20,0x20,0x20,0x20,0x2f,0x2f,0x20,0x74,0x65,0x78,0x74,0x2f,0x6e,0x75,
    0x6d,0x62,0x65,0x72,0x20,0x69,0x6e,0x70,0x75,0x74,0x73,0x20,0x2b,0x20,0x70,0x61,
    0x73,0x73,0x77,0x6f,0x72,0x64,0x20,0x69,0x6e,0x70,0x75,0x74,0x73,0x0a,0x20,0x20,
    0x20,0x20,0x76,0x61,0x72,0x20,0x74,0x78,0x3d,0x5b,0x27,0x74,0x62,0x5f,0x68,0x6f,
    0x73,0x74,0x27,0x2c,0x27,0x74,0x62,0x5f,0x74,0x6f,0x6b,0x65,0x6e,0x27,0x2c,0x27,
    0x74,0x62,0x5f,0x70,0x6f,0x72,0x74,0x27,0x2c,0x27,0x6d,0x71,0x74,0x74,0x5f,0x68,
    0x6f,0x73,0x74,0x27,0x2c,0x27,0x6d,0x71,0x74,0x74,0x5f,0x70,0x6f,0x72,0x74,0x27,
    0x2c,0x27,0x6d,0x71,0x74,0x74,0x5f,0x75,0x73,0x65,0x72,0x27,0x2c,0x27,0x6d,0x71,
    0x74,0x74,0x5f,0x74,0x6f,0x70,0x69,0x63,0x27,0x2c,0x0a,0x20,0x20,0x20,0x20,0x20,
    0x20,0x20,0x20,0x20,0x20,0x20,0x20,0x27,0x6d,0x71,0x74,0x74,0x5f,0x70,0x61,0x73,
    0x73,0x27,0x2c,0x27,0x77,0x65,0x62,0x68,0x6f,0x6f,0x6b,0x5f,0x75,0x72,0x6c,0x27,
    0x2c,0x27,0x70,0x6f,0x6c,0x6c,0x5f,0x69,0x6e,0x74,0x65,0x72,0x76,0x61,0x6c,0x5f,
    0x73,0x27,0x2c,0x27,0x73,0x65,0x6e,0x64,0x5f,0x69,0x6e,0x74,0x65,0x72,0x76,0x61,
    0x6c,0x5f,0x73,0x27,0x2c,0x27,0x62,0x61,0x63,0x6b,0x75,0x70,0x5f,0x72,0x65,0x74,
    0x72,0x79,0x5f,0x73,0x27,0x2c,0x0a,0x20,0x20,0x20,0x20,0x20,0x20,0x20,0x20,0x20,
    0x20,0x20,0x20,0x27,0x61,0x76,0x67,0x5f,0x63,0x6f,0x75,0x6e,0x74,0x27,0x2c,0x27,
    0x64,0x65,0x65,0x70,0x5f,0x73,0x6c,0x65,0x65,0x70,0x5f,0x73,0x27,0x2c,0x27,0x73,
    0x63,0x68,0x65,0x64,0x75,0x6c,0x65,0x5f,0x73,0x74,0x61,0x72,0x74,0x27,0x2c,0x27,
    0x73,0x63,0x68,0x65,0x64,0x75,0x6c,0x65,0x5f,0x73,0x74,0x6f,0x70,0x27,0x2c,0x27,
    0x73,0x6c,0x5f,0x70,0x6f,0x72,0x74,0x27,0x2c,0x27,0x73,0x6c,0x5f,0x75,0x69,0x64,
    0x27,0x2c,0x0a,0x20,0x20,0x20,0x20,0x20,0x20,0x20,0x20,0x20,0x20,0x20,0x20,0x27,
    0x73,0x6c,0x5f,0x73,0x6f,0x63,0x6b,0x27,0x2c,0x27,0x73,0x6c,0x5f,0x63,0x74,0x6d,
    0x73,0x27,0x2c,0x27,0x65,0x74,0x68,0x5f,0x69,0x70,0x27,0x2c,0x27,0x65,0x74,0x68,
    0x5f,0x73,0x6e,0x27,0x2c,0x27,0x65,0x74,0x68,0x5f,0x67,0x77,0x27,0x2c,0x27,0x65,
    0x74,0x68,0x5f,0x64,0x6e,0x73,0x27,0x2c,0x27,0x67,0x73,0x6d,0x5f,0x61,0x70,0x6e,
    0x27,0x2c,0x27,0x67,0x73,0x6d,0x5f,0x75,0x73,0x65,0x72,0x27,0x2c,0x0a,0x20,0x20,
    0x20,0x20,0x20,0x20,0x20,0x20,0x20,0x20,0x20,0x20,0x27,0x67,0x73,0x6d,0x5f,0x70,
    0x61,0x73,0x73,0x27,0x2c,0x27,0x77,0x69,0x66,0x69,0x5f,0x73,0x73,0x69,0x64,0x27,
    0x2c,0x27,0x77,0x69,0x66,0x69,0x5f,0x70,0x61,0x73,0x73,0x27,0x2c,0x27,0x6e,0x74,
    0x70,0x5f,0x73,0x65,0x72,0x76,0x65,0x72,0x27,0x2c,0x27,0x77,0x65,0x62,0x5f,0x75,
    0x73,0x65,0x72,0x27,0x2c,0x27,0x77,0x65,0x62,0x5f,0x70,0x61,0x73,0x73,0x27,0x2c,
    0x27,0x77,0x65,0x62,0x5f,0x70,0x6f,0x72,0x74,0x27,0x2c,0x0a,0x20,0x20,0x20,0x20,
    0x20,0x20,0x20,0x20,0x20,0x20,0x20,0x20,0x27,0x77,0x65,0x62,0x5f,0x69,0x64,0x6c,
    0x65,0x5f,0x74,0x69,0x6d,0x65,0x6f,0x75,0x74,0x5f,0x73,0x27,0x2c,0x27,0x62,0x61,
    0x74,0x74,0x5f,0x6c,0x6f,0x77,0x27,0x2c,0x27,0x61,0x6c,0x65,0x72,0x74,0x5f,0x77,
    0x65,0x62,0x68,0x6f,0x6f,0x6b,0x5f,0x75,0x72,0x6c,0x27,0x2c,0x27,0x63,0x68,0x61,
    0x6e,0x6e,0x65,0x6c,0x5f,0x74,0x69,0x6d,0x65,0x6f,0x75,0x74,0x5f,0x73,0x27,0x2c,
    0x0a,0x20,0x20,0x20,0x20,0x20,0x20,0x20,0x20,0x20,0x20,0x20,0x20,0x27,0x63,0x68,
    0x61,0x6e,0x6e,0x65,0x6c,0x5f,0x72,0x65,0x74,0x72,0x79,0x5f,0x73,0x27,0x2c,0x27,
    0x63,0x68,0x61,0x6e,0x6e,0x65,0x6c,0x5f,0x6d,0x61,0x78,0x5f,0x72,0x65,0x74,0x72,
    0x69,0x65,0x73,0x27,0x5d,0x3b,0x0a,0x20,0x20,0x20,0x20,0x74,0x78,0x2e,0x66,0x6f,
    0x72,0x45,0x61,0x63,0x68,0x28,0x66,0x75,0x6e,0x63,0x74,0x69,0x6f,0x6e,0x28,0x6b,
    0x29,0x7b,0x76,0x61,0x72,0x20,0x65,0x3d,0x64,0x6f,0x63,0x75,0x6d,0x65,0x6e,0x74,
    0x2e,0x67,0x65,0x74,0x45,0x6c,0x65,0x6d,0x65,0x6e,0x74,0x42,0x79,0x49,0x64,0x28,
    0x6b,0x29,0x3b,0x69,0x66,0x28,0x65,0x26,0x26,0x64,0x5b,0x6b,0x5d,0x21,0x3d,0x3d,
    0x75,0x6e,0x64,0x65,0x66,0x69,0x6e,0x65,0x64,0x29,0x65,0x2e,0x76,0x61,0x6c,0x75,
    0x65,0x3d,0x64,0x5b,0x6b,0x5d,0x7d,0x29,0x3b,0x0a,0x20,0x20,0x20,0x20,0x2f,0x2f,
    0x20,0x73,0x65,0x6c,0x65,0x63,0x74,0x20,0x65,0x6c,0x65,0x6d,0x65,0x6e,0x74,0x73,
    0x3a,0x20,0x70,0x72,0x6f,0x74,0x6f,0x2c,0x20,0x6d,0x71,0x74,0x74,0x5f,0x71,0x6f,
    0x73,0x2c,0x20,0x77,0x65,0x62,0x68,0x6f,0x6f,0x6b,0x5f,0x6d,0x65,0x74,0x68,0x6f,
    0x64,0x2c,0x20,0x74,0x7a,0x5f,0x6f,0x66,0x66,0x0a,0x20,0x20,0x20,0x20,0x5b,0x27,
    0x70,0x72,0x6f,0x74,0x6f,0x27,0x2c,0x27,0x6d,0x71,0x74,0x74,0x5f,0x71,0x6f,0x73,
    0x27,0x2c,0x27,0x77,0x65,0x62,0x68,0x6f,0x6f,0x6b,0x5f,0x6d,0x65,0x74,0x68,0x6f,
    0x64,0x27,0x2c,0x27,0x74,0x7a,0x5f,0x6f,0x66,0x66,0x27,0x5d,0x2e,0x66,0x6f,0x72,
    0x45,0x61,0x63,0x68,0x28,0x66,0x75,0x6e,0x63,0x74,0x69,0x6f,0x6e,0x28,0x6b,0x29,
    0x7b,0x0a,0x20,0x20,0x20,0x20,0x20,0x20,0x76,0x61,0x72,0x20,0x65,0x3d,0x64,0x6f,
    0x63,0x75,0x6d,0x65,0x6e,0x74,0x2e,0x67,0x65,0x74,0x45,0x6c,0x65,0x6d,0x65,0x6e,
    0x74,0x42,0x79,0x49,0x64,0x28,0x6b,0x29,0x3b,0x69,0x66,0x28,0x65,0x26,0x26,0x64,
    0x5b,0x6b,0x5d,0x21,0x3d,0x3d,0x75,0x6e,0x64,0x65,0x66,0x69,0x6e,0x65,0x64,0x29,
    0x65,0x2e,0x76,0x61,0x6c,0x75,0x65,0x3d,0x64,0x5b,0x6b,0x5d,0x3b,0x0a,0x20,0x20,
    0x20,0x20,0x7d,0x29,0x3b,0x0a,0x20,0x20,0x20,0x20,0x69,0x66,0x28,0x64,0x2e,0x70,
    0x72,0x6f,0x74,0x6f,0x29,0x7b,0x76,0x61,0x72,0x20,0x65,0x70,0x3d,0x64,0x6f,0x63,
    0x75,0x6d,0x65,0x6e,0x74,0x2e,0x67,0x65,0x74,0x45,0x6c,0x65,0x6d,0x65,0x6e,0x74,
    0x42,0x79,0x49,0x64,0x28,0x27,0x70,0x72,0x6f,0x74,0x6f,0x27,0x29,0x3b,0x69,0x66,
    0x28,0x65,0x70,0x29,0x65,0x70,0x2e,0x76,0x61,0x6c,0x75,0x65,0x3d,0x64,0x2e,0x70,
    0x72,0x6f,0x74,0x6f,0x3b,0x73,0x70,0x28,0x64,0x2e,0x70,0x72,0x6f,0x74,0x6f,0x29,
    0x3b,0x7d,0x0a,0x20,0x20,0x20,0x20,0x69,0x66,0x28,0x64,0x2e,0x63,0x68,0x61,0x69,
    0x6e,0x5f,0x6f,0x72,0x64,0x65,0x72,0x29,0x7b,0x63,0x6f,0x72,0x64,0x3d,0x64,0x2e,
    0x63,0x68,0x61,0x69,0x6e,0x5f,0x6f,0x72,0x64,0x65,0x72,0x3b,0x63,0x6f,0x65,0x6e,
    0x3d,0x64,0x2e,0x63,0x6f,0x5f,0x65,0x6e,0x7c,0x7c,0x63,0x6f,0x65,0x6e,0x3b,0x72,
    0x6e,0x64,0x4f,0x72,0x64,0x28,0x29,0x7d,0x0a,0x20,0x20,0x20,0x20,0x69,0x66,0x28,
    0x64,0x2e,0x74,0x63,0x70,0x5f,0x64,0x65,0x76,0x73,0x29,0x7b,0x74,0x63,0x70,0x64,
    0x3d,0x64,0x2e,0x74,0x63,0x70,0x5f,0x64,0x65,0x76,0x73,0x3b,0x72,0x6e,0x64,0x54,
    0x44,0x28,0x29,0x7d,0x0a,0x20,0x20,0x20,0x20,0x69,0x66,0x28,0x64,0x2e,0x72,0x65,
    0x67,0x73,0x29,0x7b,0x72,0x65,0x67,0x73,0x3d,0x64,0x2e,0x72,0x65,0x67,0x73,0x3b,
    0x72,0x6e,0x64,0x52,0x65,0x67,0x73,0x28,0x29,0x7d,0x0a,0x20,0x20,0x20,0x20,0x69,
    0x66,0x28,0x64,0x2e,0x72,0x74,0x75,0x29,0x7b,0x64,0x2e,0x72,0x74,0x75,0x2e,0x66,
    0x6f,0x72,0x45,0x61,0x63,0x68,0x28,0x66,0x75,0x6e,0x63,0x74,0x69,0x6f,0x6e,0x28,
    0x72,0x2c,0x70,0x29,0x7b,0x69,0x66,0x28,0x72,0x74,0x75,0x5b,0x70,0x5d,0x29,0x7b,
    0x4f,0x62,0x6a,0x65,0x63,0x74,0x2e,0x61,0x73,0x73,0x69,0x67,0x6e,0x28,0x72,0x74,
    0x75,0x5b,0x70,0x5d,0x2c,0x72,0x29,0x3b,0x64,0x6f,0x63,0x75,0x6d,0x65,0x6e,0x74,
    0x2e,0x67,0x65,0x74,0x45,0x6c,0x65,0x6d,0x65,0x6e,0x74,0x42,0x79,0x49,0x64,0x28,
    0x27,0x74,0x70,0x27,0x2b,0x70,0x29,0x2e,0x69,0x6e,0x6e,0x65,0x72,0x48,0x54,0x4d,
    0x4c,0x3d,0x72,0x74,0x75,0x48,0x28,0x70,0x29,0x3b,0x7d,0x7d,0x29,0x7d,0x0a,0x20,
    0x20,0x20,0x20,0x73,0x68,0x28,0x27,0x64,0x73,0x5f,0x66,0x27,0x2c,0x21,0x21,0x64,
    0x2e,0x64,0x65,0x65,0x70,0x5f,0x73,0x6c,0x65,0x65,0x70,0x5f,0x65,0x6e,0x61,0x62,
    0x6c,0x65,0x64,0x29,0x3b,0x0a,0x20,0x20,0x20,0x20,0x73,0x68,0x28,0x27,0x65,0x74,
    0x68,0x5f,0x73,0x74,0x27,0x2c,0x21,0x64,0x2e,0x65,0x74,0x68,0x5f,0x64,0x68,0x63,
    0x70,0x29,0x3b,0x0a,0x20,0x20,0x20,0x20,0x73,0x68,0x28,0x27,0x73,0x63,0x68,0x5f,
    0x66,0x27,0x2c,0x21,0x21,0x64,0x2e,0x73,0x63,0x68,0x65,0x64,0x75,0x6c,0x65,0x5f,
    0x65,0x6e,0x61,0x62,0x6c,0x65,0x64,0x29,0x3b,0x0a,0x20,0x20,0x7d,0x29,0x2e,0x63,
    0x61,0x74,0x63,0x68,0x28,0x66,0x75,0x6e,0x63,0x74,0x69,0x6f,0x6e,0x28,0x29,0x7b,
    0x7d,0x29,0x3b,0x0a,0x7d,0x0a,0x0a,0x66,0x75,0x6e,0x63,0x74,0x69,0x6f,0x6e,0x20,
    0x73,0x61,0x76,0x65,0x28,0x29,0x7b,0x0a,0x20,0x20,0x2f,0x2f,0x20,0x63,0x68,0x65,
    0x63,0x6b,0x62,0x6f,0x78,0x65,0x73,0x0a,0x20,0x20,0x76,0x61,0x72,0x20,0x62,0x6b,
    0x3d,0x5b,0x27,0x63,0x68,0x5f,0x65,0x74,0x68,0x27,0x2c,0x27,0x63,0x68,0x5f,0x67,
    0x73,0x6d,0x27,0x2c,0x27,0x63,0x68,0x5f,0x77,0x69,0x66,0x69,0x27,0x2c,0x27,0x63,
    0x68,0x5f,0x69,0x72,0x69,0x64,0x69,0x75,0x6d,0x27,0x2c,0x27,0x63,0x68,0x61,0x69,
    0x6e,0x5f,0x6d,0x6f,0x64,0x65,0x27,0x2c,0x27,0x64,0x65,0x65,0x70,0x5f,0x73,0x6c,
    0x65,0x65,0x70,0x5f,0x65,0x6e,0x61,0x62,0x6c,0x65,0x64,0x27,0x2c,0x0a,0x20,0x20,
    0x20,0x20,0x20,0x20,0x20,0x20,0x20,0x20,0x27,0x73,0x63,0x68,0x65,0x64,0x75,0x6c,
    0x65,0x5f,0x65,0x6e,0x61,0x62,0x6c,0x65,0x64,0x27,0x2c,0x27,0x6d,0x74,0x63,0x70,
    0x6d,0x5f,0x65,0x6e,0x27,0x2c,0x27,0x6d,0x74,0x63,0x70,0x73,0x5f,0x65,0x6e,0x27,
    0x2c,0x27,0x6e,0x74,0x70,0x5f,0x65,0x6e,0x61,0x62,0x6c,0x65,0x64,0x27,0x2c,0x27,
    0x77,0x65,0x62,0x5f,0x61,0x75,0x74,0x68,0x5f,0x65,0x6e,0x61,0x62,0x6c,0x65,0x64,
    0x27,0x2c,0x0a,0x20,0x20,0x20,0x20,0x20,0x20,0x20,0x20,0x20,0x20,0x27,0x77,0x65,
    0x62,0x5f,0x65,0x78,0x63,0x6c,0x75,0x73,0x69,0x76,0x65,0x5f,0x6d,0x6f,0x64,0x65,
    0x27,0x2c,0x27,0x61,0x6c,0x65,0x72,0x74,0x73,0x5f,0x65,0x6e,0x61,0x62,0x6c,0x65,
    0x64,0x27,0x2c,0x27,0x61,0x6c,0x65,0x72,0x74,0x5f,0x6f,0x6e,0x5f,0x63,0x68,0x61,
    0x6e,0x6e,0x65,0x6c,0x5f,0x66,0x61,0x69,0x6c,0x27,0x2c,0x0a,0x20,0x20,0x20,0x20,
    0x20,0x20,0x20,0x20,0x20,0x20,0x27,0x61,0x6c,0x65,0x72,0x74,0x5f,0x6f,0x6e,0x5f,
    0x73,0x65,0x6e,0x73,0x6f,0x72,0x5f,0x66,0x61,0x69,0x6c,0x27,0x2c,0x27,0x6d,0x71,
    0x74,0x74,0x5f,0x74,0x6c,0x73,0x27,0x2c,0x27,0x65,0x74,0x68,0x5f,0x64,0x68,0x63,
    0x70,0x27,0x5d,0x3b,0x0a,0x20,0x20,0x62,0x6b,0x2e,0x66,0x6f,0x72,0x45,0x61,0x63,
    0x68,0x28,0x66,0x75,0x6e,0x63,0x74,0x69,0x6f,0x6e,0x28,0x6b,0x29,0x7b,0x76,0x61,
    0x72,0x20,0x65,0x3d,0x64,0x6f,0x63,0x75,0x6d,0x65,0x6e,0x74,0x2e,0x67,0x65,0x74,
    0x45,0x6c,0x65,0x6d,0x65,0x6e,0x74,0x42,0x79,0x49,0x64,0x28,0x6b,0x29,0x3b,0x69,
    0x66,0x28,0x65,0x29,0x63,0x66,0x67,0x5b,0x6b,0x5d,0x3d,0x65,0x2e,0x63,0x68,0x65,
    0x63,0x6b,0x65,0x64,0x7d,0x29,0x3b,0x0a,0x20,0x20,0x2f,0x2f,0x20,0x74,0x65,0x78,
    0x74,0x2f,0x6e,0x75,0x6d,0x62,0x65,0x72,0x2f,0x70,0x61,0x73,0x73,0x77,0x6f,0x72,
    0x64,0x20,0x69,0x6e,0x70,0x75,0x74,0x73,0x0a,0x20,0x20,0x76,0x61,0x72,0x20,0x74,
    0x78,0x3d,0x5b,0x27,0x74,0x62,0x5f,0x68,0x6f,0x73,0x74,0x27,0x2c,0x27,0x74,0x62,
    0x5f,0x74,0x6f,0x6b,0x65,0x6e,0x27,0x2c,0x27,0x6d,0x71,0x74,0x74,0x5f,0x68,0x6f,
    0x73,0x74,0x27,0x2c,0x27,0x6d,0x71,0x74,0x74,0x5f,0x75,0x73,0x65,0x72,0x27,0x2c,
    0x27,0x6d,0x71,0x74,0x74,0x5f,0x74,0x6f,0x70,0x69,0x63,0x27,0x2c,0x0a,0x20,0x20,
    0x20,0x20,0x20,0x20,0x20,0x20,0x20,0x20,0x27,0x6d,0x71,0x74,0x74,0x5f,0x70,0x61,
    0x73,0x73,0x27,0x2c,0x27,0x77,0x65,0x62,0x68,0x6f,0x6f,0x6b,0x5f,0x75,0x72,0x6c,
    0x27,0x2c,0x27,0x73,0x63,0x68,0x65,0x64,0x75,0x6c,0x65,0x5f,0x73,0x74,0x61,0x72,
    0x74,0x27,0x2c,0x27,0x73,0x63,0x68,0x65,0x64,0x75,0x6c,0x65,0x5f,0x73,0x74,0x6f,
    0x70,0x27,0x2c,0x27,0x65,0x74,0x68,0x5f,0x69,0x70,0x27,0x2c,0x27,0x65,0x74,0x68,
    0x5f,0x73,0x6e,0x27,0x2c,0x0a,0x20,0x20,0x20,0x20,0x20,0x20,0x20,0x20,0x20,0x20,
    0x27,0x65,0x74,0x68,0x5f,0x67,0x77,0x27,0x2c,0x27,0x65,0x74,0x68,0x5f,0x64,0x6e,
    0x73,0x27,0x2c,0x27,0x67,0x73,0x6d,0x5f,0x61,0x70,0x6e,0x27,0x2c,0x27,0x67,0x73,
    0x6d,0x5f,0x75,0x73,0x65,0x72,0x27,0x2c,0x27,0x67,0x73,0x6d,0x5f,0x70,0x61,0x73,
    0x73,0x27,0x2c,0x27,0x77,0x69,0x66,0x69,0x5f,0x73,0x73,0x69,0x64,0x27,0x2c,0x27,
    0x77,0x69,0x66,0x69,0x5f,0x70,0x61,0x73,0x73,0x27,0x2c,0x0a,0x20,0x20,0x20,0x20,
    0x20,0x20,0x20,0x20,0x20,0x20,0x27,0x6e,0x74,0x70,0x5f,0x73,0x65,0x72,0x76,0x65,
    0x72,0x27,0x2c,0x27,0x77,0x65,0x62,0x5f,0x75,0x73,0x65,0x72,0x27,0x2c,0x27,0x77,
    0x65,0x62,0x5f,0x70,0x61,0x73,0x73,0x27,0x2c,0x27,0x61,0x6c,0x65,0x72,0x74,0x5f,
    0x77,0x65,0x62,0x68,0x6f,0x6f,0x6b,0x5f,0x75,0x72,0x6c,0x27,0x5d,0x3b,0x0a,0x20,
    0x20,0x74,0x78,0x2e,0x66,0x6f,0x72,0x45,0x61,0x63,0x68,0x28,0x66,0x75,0x6e,0x63,
    0x74,0x69,0x6f,0x6e,0x28,0x6b,0x29,0x7b,0x76,0x61,0x72,0x20,0x65,0x3d,0x64,0x6f,
    0x63,0x75,0x6d,0x65,0x6e,0x74,0x2e,0x67,0x65,0x74,0x45,0x6c,0x65,0x6d,0x65,0x6e,
    0x74,0x42,0x79,0x49,0x64,0x28,0x6b,0x29,0x3b,0x69,0x66,0x28,0x65,0x29,0x63,0x66,
    0x67,0x5b,0x6b,0x5d,0x3d,0x65,0x2e,0x76,0x61,0x6c,0x75,0x65,0x7d,0x29,0x3b,0x0a,
    0x20,0x20,0x76,0x61,0x72,0x20,0x6e,0x69,0x3d,0x5b,0x27,0x74,0x62,0x5f,0x70,0x6f,
    0x72,0x74,0x27,0x2c,0x27,0x6d,0x71,0x74,0x74,0x5f,0x70,0x6f,0x72,0x74,0x27,0x2c,
    0x27,0x70,0x6f,0x6c,0x6c,0x5f,0x69,0x6e,0x74,0x65,0x72,0x76,0x61,0x6c,0x5f,0x73,
    0x27,0x2c,0x27,0x73,0x65,0x6e,0x64,0x5f,0x69,0x6e,0x74,0x65,0x72,0x76,0x61,0x6c,
    0x5f,0x73,0x27,0x2c,0x27,0x62,0x61,0x63,0x6b,0x75,0x70,0x5f,0x72,0x65,0x74,0x72,
    0x79,0x5f,0x73,0x27,0x2c,0x0a,0x20,0x20,0x20,0x20,0x20,0x20,0x20,0x20,0x20,0x20,
    0x27,0x61,0x76,0x67,0x5f,0x63,0x6f,0x75,0x6e,0x74,0x27,0x2c,0x27,0x64,0x65,0x65,
    0x70,0x5f,0x73,0x6c,0x65,0x65,0x70,0x5f,0x73,0x27,0x2c,0x27,0x73,0x6c,0x5f,0x70,
    0x6f,0x72,0x74,0x27,0x2c,0x27,0x73,0x6c,0x5f,0x75,0x69,0x64,0x27,0x2c,0x27,0x73,
    0x6c,0x5f,0x73,0x6f,0x63,0x6b,0x27,0x2c,0x27,0x73,0x6c,0x5f,0x63,0x74,0x6d,0x73,
    0x27,0x2c,0x0a,0x20,0x20,0x20,0x20,0x20,0x20,0x20,0x20,0x20,0x20,0x27,0x77,0x65,
    0x62,0x5f,0x70,0x6f,0x72,0x74,0x27,0x2c,0x27,0x77,0x65,0x62,0x5f,0x69,0x64,0x6c,
    0x65,0x5f,0x74,0x69,0x6d,0x65,0x6f,0x75,0x74,0x5f,0x73,0x27,0x2c,0x27,0x62,0x61,
    0x74,0x74,0x5f,0x6c,0x6f,0x77,0x27,0x2c,0x27,0x63,0x68,0x61,0x6e,0x6e,0x65,0x6c,
    0x5f,0x74,0x69,0x6d,0x65,0x6f,0x75,0x74,0x5f,0x73,0x27,0x2c,0x0a,0x20,0x20,0x20,
    0x20,0x20,0x20,0x20,0x20,0x20,0x20,0x27,0x63,0x68,0x61,0x6e,0x6e,0x65,0x6c,0x5f,
    0x72,0x65,0x74,0x72,0x79,0x5f,0x73,0x27,0x2c,0x27,0x63,0x68,0x61,0x6e,0x6e,0x65,
    0x6c,0x5f,0x6d,0x61,0x78,0x5f,0x72,0x65,0x74,0x72,0x69,0x65,0x73,0x27,0x5d,0x3b,
    0x0a,0x20,0x20,0x6e,0x69,0x2e,0x66,0x6f,0x72,0x45,0x61,0x63,0x68,0x28,0x66,0x75,
    0x6e,0x63,0x74,0x69,0x6f,0x6e,0x28,0x6b,0x29,0x7b,0x76,0x61,0x72,0x20,0x65,0x3d,
    0x64,0x6f,0x63,0x75,0x6d,0x65,0x6e,0x74,0x2e,0x67,0x65,0x74,0x45,0x6c,0x65,0x6d,
    0x65,0x6e,0x74,0x42,0x79,0x49,0x64,0x28,0x6b,0x29,0x3b,0x69,0x66,0x28,0x65,0x29,
    0x63,0x66,0x67,0x5b,0x6b,0x5d,0x3d,0x70,0x61,0x72,0x73,0x65,0x49,0x6e,0x74,0x28,
    0x65,0x2e,0x76,0x61,0x6c,0x75,0x65,0x2c,0x31,0x30,0x29,0x7c,0x7c,0x30,0x7d,0x29,
    0x3b,0x0a,0x20,0x20,0x2f,0x2f,0x20,0x73,0x65,0x6c,0x65,0x63,0x74,0x73,0x0a,0x20,
    0x20,0x5b,0x27,0x70,0x72,0x6f,0x74,0x6f,0x27,0x2c,0x27,0x77,0x65,0x62,0x68,0x6f,
    0x6f,0x6b,0x5f,0x6d,0x65,0x74,0x68,0x6f,0x64,0x27,0x5d,0x2e,0x66,0x6f,0x72,0x45,
    0x61,0x63,0x68,0x28,0x66,0x75,0x6e,0x63,0x74,0x69,0x6f,0x6e,0x28,0x6b,0x29,0x7b,
    0x0a,0x20,0x20,0x20,0x20,0x76,0x61,0x72,0x20,0x65,0x3d,0x64,0x6f,0x63,0x75,0x6d,
    0x65,0x6e,0x74,0x2e,0x67,0x65,0x74,0x45,0x6c,0x65,0x6d,0x65,0x6e,0x74,0x42,0x79,
    0x49,0x64,0x28,0x6b,0x29,0x3b,0x69,0x66,0x28,0x65,0x29,0x63,0x66,0x67,0x5b,0x6b,
    0x5d,0x3d,0x65,0x2e,0x76,0x61,0x6c,0x75,0x65,0x3b,0x0a,0x20,0x20,0x7d,0x29,0x3b,
    0x0a,0x20,0x20,0x5b,0x27,0x6d,0x71,0x74,0x74,0x5f,0x71,0x6f,0x73,0x27,0x2c,0x27,
    0x74,0x7a,0x5f,0x6f,0x66,0x66,0x27,0x5d,0x2e,0x66,0x6f,0x72,0x45,0x61,0x63,0x68,
    0x28,0x66,0x75,0x6e,0x63,0x74,0x69,0x6f,0x6e,0x28,0x6b,0x29,0x7b,0x0a,0x20,0x20,
    0x20,0x20,0x76,0x61,0x72,0x20,0x65,0x3d,0x64,0x6f,0x63,0x75,0x6d,0x65,0x6e,0x74,
    0x2e,0x67,0x65,0x74,0x45,0x6c,0x65,0x6d,0x65,0x6e,0x74,0x42,0x79,0x49,0x64,0x28,
    0x6b,0x29,0x3b,0x69,0x66,0x28,0x65,0x29,0x63,0x66,0x67,0x5b,0x6b,0x5d,0x3d,0x70,
    0x61,0x72,0x73,0x65,0x49,0x6e,0x74,0x28,0x65,0x2e,0x76,0x61,0x6c,0x75,0x65,0x2c,
    0x31,0x30,0x29,0x7c,0x7c,0x30,0x3b,0x0a,0x20,0x20,0x7d,0x29,0x3b,0x0a,0x20,0x20,
    0x76,0x61,0x72,0x20,0x6f,0x75,0x74,0x3d,0x4f,0x62,0x6a,0x65,0x63,0x74,0x2e,0x61,
    0x73,0x73,0x69,0x67,0x6e,0x28,0x7b,0x7d,0x2c,0x63,0x66,0x67,0x2c,0x7b,0x72,0x74,
    0x75,0x3a,0x72,0x74,0x75,0x2c,0x74,0x63,0x70,0x5f,0x64,0x65,0x76,0x73,0x3a,0x74,
    0x63,0x70,0x64,0x2c,0x72,0x65,0x67,0x73,0x3a,0x72,0x65,0x67,0x73,0x2c,0x63,0x68,
    0x61,0x69,0x6e,0x5f,0x6f,0x72,0x64,0x65,0x72,0x3a,0x63,0x6f,0x72,0x64,0x2c,0x63,
    0x6f,0x5f,0x65,0x6e,0x3a,0x63,0x6f,0x65,0x6e,0x7d,0x29,0x3b,0x0a,0x20,0x20,0x66,
    0x65,0x74,0x63,0x68,0x28,0x27,0x2f,0x61,0x70,0x69,0x2f,0x63,0x6f,0x6e,0x66,0x69,
    0x67,0x27,0x2c,0x7b,0x6d,0x65,0x74,0x68,0x6f,0x64,0x3a,0x27,0x50,0x4f,0x53,0x54,
    0x27,0x2c,0x68,0x65,0x61,0x64,0x65,0x72,0x73,0x3a,0x7b,0x27,0x43,0x6f,0x6e,0x74,
    0x65,0x6e,0x74,0x2d,0x54,0x79,0x70,0x65,0x27,0x3a,0x27,0x61,0x70,0x70,0x6c,0x69,
    0x63,0x61,0x74,0x69,0x6f,0x6e,0x2f,0x6a,0x73,0x6f,0x6e,0x27,0x7d,0x2c,0x62,0x6f,
    0x64,0x79,0x3a,0x4a,0x53,0x4f,0x4e,0x2e,0x73,0x74,0x72,0x69,0x6e,0x67,0x69,0x66,
    0x79,0x28,0x6f,0x75,0x74,0x29,0x7d,0x29,0x0a,0x20,0x20,0x20,0x20,0x2e,0x74,0x68,
    0x65,0x6e,0x28,0x66,0x75,0x6e,0x63,0x74,0x69,0x6f,0x6e,0x28,0x72,0x29,0x7b,0x72,
    0x65,0x74,0x75,0x72,0x6e,0x20,0x72,0x2e,0x6a,0x73,0x6f,0x6e,0x28,0x29,0x2e,0x74,
    0x68,0x65,0x6e,0x28,0x66,0x75,0x6e,0x63,0x74,0x69,0x6f,0x6e,0x28,0x64,0x29,0x7b,
    0x0a,0x20,0x20,0x20,0x20,0x20,0x20,0x69,0x66,0x28,0x72,0x2e,0x6f,0x6b,0x20,0x26,
    0x26,0x20,0x64,0x2e,0x73,0x61,0x76,0x65,0x64,0x5f,0x74,0x6f,0x5f,0x73,0x64,0x29,
    0x20,0x73,0x68,0x6f,0x77,0x4d,0x73,0x67,0x28,0x74,0x72,0x75,0x65,0x2c,0x27,0xe2,
    0x9c,0x93,0x20,0xd0,0xa1,0xd0,0xbe,0xd1,0x85,0xd1,0x80,0xd0,0xb0,0xd0,0xbd,0xd0,
    0xb5,0xd0,0xbd,0xd0,0xbe,0x20,0xd0,0xbd,0xd0,0xb0,0x20,0x53,0x44,0x27,0x29,0x3b,
    0x0a,0x20,0x20,0x20,0x20,0x20,0x20,0x65,0x6c,0x73,0x65,0x20,0x69,0x66,0x28,0x72,
    0x2e,0x6f,0x6b,0x29,0x20,0x73,0x68,0x6f,0x77,0x4d,0x73,0x67,0x28,0x6e,0x75,0x6c,
    0x6c,0x2c,0x27,0xe2,0x9a,0xa0,0x20,0xd0,0x9f,0xd1,0x80,0xd0,0xb8,0xd0,0xbc,0xd0,
    0xb5,0xd0,0xbd,0xd0,0xb5,0xd0,0xbd,0xd0,0xbe,0x20,0xd0,0xb2,0x20,0x52,0x41,0x4d,
    0x20,0x28,0x53,0x44,0x20,0xd0,0xbd,0xd0,0xb5,0xd0,0xb4,0xd0,0xbe,0xd1,0x81,0xd1,
    0x82,0xd1,0x83,0xd0,0xbf,0xd0,0xbd,0xd0,0xb0,0x29,0x27,0x29,0x3b,0x0a,0x20,0x20,
    0x20,0x20,0x20,0x20,0x65,0x6c,0x73,0x65,0x20,0x73,0x68,0x6f,0x77,0x4d,0x73,0x67,
    0x28,0x66,0x61,0x6c,0x73,0x65,0x2c,0x27,0xe2,0x9c,0x97,0x20,0xd0,0x9e,0xd1,0x88,
    0xd0,0xb8,0xd0,0xb1,0xd0,0xba,0xd0,0xb0,0x3a,0x20,0x27,0x2b,0x28,0x64,0x2e,0x65,
    0x72,0x72,0x6f,0x72,0x7c,0x7c,0x27,0xd0,0xbd,0xd0,0xb5,0xd0,0xb8,0xd0,0xb7,0xd0,
    0xb2,0xd0,0xb5,0xd1,0x81,0xd1,0x82,0xd0,0xbd,0xd0,0xbe,0x27,0x29,0x29,0x3b,0x0a,
    0x20,0x20,0x20,0x20,0x20,0x20,0x69,0x66,0x28,0x72,0x2e,0x6f,0x6b,0x29,0x20,0x73,
    0x65,0x74,0x54,0x69,0x6d,0x65,0x6f,0x75,0x74,0x28,0x72,0x65,0x6c,0x6f,0x61,0x64,
    0x43,0x66,0x67,0x2c,0x20,0x33,0x30,0x30,0x29,0x3b,0x20,0x2f,0x2f,0x20,0xd0,0xbd,
    0xd0,0xb5,0xd0,0xb1,0xd0,0xbe,0xd0,0xbb,0xd1,0x8c,0xd1,0x88,0xd0,0xb0,0xd1,0x8f,
    0x20,0xd0,0xb7,0xd0,0xb0,0xd0,0xb4,0xd0,0xb5,0xd1,0x80,0xd0,0xb6,0xd0,0xba,0xd0,
    0xb0,0x20,0xe2,0x80,0x94,0x20,0x53,0x44,0x20,0x66,0x6c,0x75,0x73,0x68,0x0a,0x20,
    0x20,0x20,0x20,0x7d,0x29,0x3b,0x7d,0x29,0x2e,0x63,0x61,0x74,0x63,0x68,0x28,0x66,
    0x75,0x6e,0x63,0x74,0x69,0x6f,0x6e,0x28,0x29,0x7b,0x73,0x68,0x6f,0x77,0x4d,0x73,
    0x67,0x28,0x66,0x61,0x6c,0x73,0x65,0x2c,0x27,0xe2,0x9c,0x97,0x20,0xd0,0x9d,0xd0,
    0xb5,0xd1,0x82,0x20,0xd1,0x81,0xd0,0xb2,0xd1,0x8f,0xd0,0xb7,0xd0,0xb8,0x20,0xd1,
    0x81,0x20,0xd1,0x83,0xd1,0x81,0xd1,0x82,0xd1,0x80,0xd0,0xbe,0xd0,0xb9,0xd1,0x81,
    0xd1,0x82,0xd0,0xb2,0xd0,0xbe,0xd0,0xbc,0x27,0x29,0x3b,0x7d,0x29,0x3b,0x0a,0x7d,
    0x0a,0x0a,0x66,0x75,0x6e,0x63,0x74,0x69,0x6f,0x6e,0x20,0x72,0x73,0x74,0x28,0x29,
    0x7b,0x0a,0x20,0x20,0x69,0x66,0x28,0x63,0x6f,0x6e,0x66,0x69,0x72,0x6d,0x28,0x27,
    0xd0,0xa1,0xd0,0xb1,0xd1,0x80,0xd0,0xbe,0xd1,0x81,0xd0,0xb8,0xd1,0x82,0xd1,0x8c,
    0x20,0xd0,0xba,0xd0,0xbe,0xd0,0xbd,0xd1,0x84,0xd0,0xb8,0xd0,0xb3,0xd1,0x83,0xd1,
    0x80,0xd0,0xb0,0xd1,0x86,0xd0,0xb8,0xd1,0x8e,0x3f,0x27,0x29,0x29,0x0a,0x20,0x20,
    0x20,0x20,0x66,0x65,0x74,0x63,0x68,0x28,0x27,0x2f,0x61,0x70,0x69,0x2f,0x63,0x6f,
    0x6e,0x66,0x69,0x67,0x27,0x2c,0x7b,0x6d,0x65,0x74,0x68,0x6f,0x64,0x3a,0x27,0x50,
    0x4f,0x53,0x54,0x27,0x2c,0x68,0x65,0x61,0x64,0x65,0x72,0x73,0x3a,0x7b,0x27,0x43,
    0x6f,0x6e,0x74,0x65,0x6e,0x74,0x2d,0x54,0x79,0x70,0x65,0x27,0x3a,0x27,0x61,0x70,
    0x70,0x6c,0x69,0x63,0x61,0x74,0x69,0x6f,0x6e,0x2f,0x6a,0x73,0x6f,0x6e,0x27,0x7d,
    0x2c,0x62,0x6f,0x64,0x79,0x3a,0x27,0x7b,0x22,0x5f,0x5f,0x72,0x65,0x73,0x65,0x74,
    0x22,0x3a,0x74,0x72,0x75,0x65,0x7d,0x27,0x7d,0x29,0x0a,0x20,0x20,0x20,0x20,0x20,
    0x20,0x2e,0x74,0x68,0x65,0x6e,0x28,0x66,0x75,0x6e,0x63,0x74,0x69,0x6f,0x6e,0x28,
    0x72,0x29,0x7b,0x73,0x68,0x6f,0x77,0x4d,0x73,0x67,0x28,0x72,0x2e,0x6f,0x6b,0x2c,
    0x27,0xe2,0x9c,0x93,0x20,0xd0,0xa1,0xd0,0xb1,0xd1,0x80,0xd0,0xbe,0xd1,0x81,0x27,
    0x29,0x3b,0x69,0x66,0x28,0x72,0x2e,0x6f,0x6b,0x29,0x6c,0x6f,0x63,0x61,0x74,0x69,
    0x6f,0x6e,0x2e,0x72,0x65,0x6c,0x6f,0x61,0x64,0x28,0x29,0x7d,0x29,0x2e,0x63,0x61,
    0x74,0x63,0x68,0x28,0x66,0x75,0x6e,0x63,0x74,0x69,0x6f,0x6e,0x28,0x29,0x7b,0x73,
    0x68,0x6f,0x77,0x4d,0x73,0x67,0x28,0x66,0x61,0x6c,0x73,0x65,0x2c,0x27,0xe2,0x9c,
    0x97,0x20,0xd0,0x9e,0xd1,0x88,0xd0,0xb8,0xd0,0xb1,0xd0,0xba,0xd0,0xb0,0x27,0x29,
    0x7d,0x29,0x3b,0x0a,0x7d,0x0a,0x0a,0x66,0x75,0x6e,0x63,0x74,0x69,0x6f,0x6e,0x20,
    0x65,0x78,0x70,0x28,0x29,0x7b,0x0a,0x20,0x20,0x76,0x61,0x72,0x20,0x62,0x3d,0x6e,
    0x65,0x77,0x20,0x42,0x6c,0x6f,0x62,0x28,0x5b,0x4a,0x53,0x4f,0x4e,0x2e,0x73,0x74,
    0x72,0x69,0x6e,0x67,0x69,0x66,0x79,0x28,0x4f,0x62,0x6a,0x65,0x63,0x74,0x2e,0x61,
    0x73,0x73,0x69,0x67,0x6e,0x28,0x7b,0x7d,0x2c,0x63,0x66,0x67,0x2c,0x7b,0x72,0x74,
    0x75,0x3a,0x72,0x74,0x75,0x2c,0x74,0x63,0x70,0x5f,0x64,0x65,0x76,0x73,0x3a,0x74,
    0x63,0x70,0x64,0x2c,0x72,0x65,0x67,0x73,0x3a,0x72,0x65,0x67,0x73,0x7d,0x29,0x2c,
    0x6e,0x75,0x6c,0x6c,0x2c,0x32,0x29,0x5d,0x2c,0x7b,0x74,0x79,0x70,0x65,0x3a,0x27,
    0x61,0x70,0x70,0x6c,0x69,0x63,0x61,0x74,0x69,0x6f,0x6e,0x2f,0x6a,0x73,0x6f,0x6e,
    0x27,0x7d,0x29,0x3b,0x0a,0x20,0x20,0x76,0x61,0x72,0x20,0x61,0x3d,0x64,0x6f,0x63,
    0x75,0x6d,0x65,0x6e,0x74,0x2e,0x63,0x72,0x65,0x61,0x74,0x65,0x45,0x6c,0x65,0x6d,
    0x65,0x6e,0x74,0x28,0x27,0x61,0x27,0x29,0x3b,0x61,0x2e,0x68,0x72,0x65,0x66,0x3d,
    0x55,0x52,0x4c,0x2e,0x63,0x72,0x65,0x61,0x74,0x65,0x4f,0x62,0x6a,0x65,0x63,0x74,
    0x55,0x52,0x4c,0x28,0x62,0x29,0x3b,0x61,0x2e,0x64,0x6f,0x77,0x6e,0x6c,0x6f,0x61,
    0x64,0x3d,0x27,0x63,0x6f,0x6e,0x66,0x69,0x67,0x2e,0x6a,0x73,0x6e,0x27,0x3b,0x61,
    0x2e,0x63,0x6c,0x69,0x63,0x6b,0x28,0x29,0x3b,0x0a,0x7d,0x0a,0x0a,0x77,0x69,0x6e,
    0x64,0x6f,0x77,0x2e,0x61,0x64,0x64,0x45,0x76,0x65,0x6e,0x74,0x4c,0x69,0x73,0x74,
    0x65,0x6e,0x65,0x72,0x28,0x27,0x44,0x4f,0x4d,0x43,0x6f,0x6e,0x74,0x65,0x6e,0x74,
    0x4c,0x6f,0x61,0x64,0x65,0x64,0x27,0x2c,0x66,0x75,0x6e,0x63,0x74,0x69,0x6f,0x6e,
    0x28,0x29,0x7b,0x0a,0x20,0x20,0x69,0x6e,0x69,0x74,0x54,0x5a,0x28,0x29,0x3b,0x72,
    0x6e,0x64,0x4f,0x72,0x64,0x28,0x29,0x3b,0x0a,0x20,0x20,0x66,0x6f,0x72,0x28,0x76,
    0x61,0x72,0x20,0x70,0x3d,0x30,0x3b,0x70,0x3c,0x33,0x3b,0x70,0x2b,0x2b,0x29,0x7b,
    0x72,0x74,0x75,0x2e,0x70,0x75,0x73,0x68,0x28,0x7b,0x65,0x6e,0x3a,0x66,0x61,0x6c,
    0x73,0x65,0x2c,0x62,0x61,0x75,0x64,0x3a,0x39,0x36,0x30,0x30,0x2c,0x73,0x62,0x3a,
    0x31,0x2c,0x70,0x61,0x72,0x3a,0x27,0x4e,0x6f,0x6e,0x65,0x27,0x2c,0x72,0x6d,0x73,
    0x3a,0x35,0x30,0x30,0x2c,0x66,0x6d,0x73,0x3a,0x33,0x2c,0x64,0x65,0x76,0x73,0x3a,
    0x5b,0x5d,0x7d,0x29,0x3b,0x64,0x6f,0x63,0x75,0x6d,0x65,0x6e,0x74,0x2e,0x67,0x65,
    0x74,0x45,0x6c,0x65,0x6d,0x65,0x6e,0x74,0x42,0x79,0x49,0x64,0x28,0x27,0x74,0x70,
    0x27,0x2b,0x70,0x29,0x2e,0x69,0x6e,0x6e,0x65,0x72,0x48,0x54,0x4d,0x4c,0x3d,0x72,
    0x74,0x75,0x48,0x28,0x70,0x29,0x7d,0x0a,0x20,0x20,0x69,0x6e,0x69,0x74,0x53,0x6e,
    0x73,0x28,0x34,0x29,0x3b,0x0a,0x20,0x20,0x66,0x65,0x74,0x63,0x68,0x28,0x27,0x2f,
    0x61,0x70,0x69,0x2f,0x73,0x65,0x6e,0x73,0x6f,0x72,0x73,0x27,0x29,0x2e,0x74,0x68,
    0x65,0x6e,0x28,0x66,0x75,0x6e,0x63,0x74,0x69,0x6f,0x6e,0x28,0x72,0x29,0x7b,0x72,
    0x65,0x74,0x75,0x72,0x6e,0x20,0x72,0x2e,0x6a,0x73,0x6f,0x6e,0x28,0x29,0x7d,0x29,
    0x2e,0x74,0x68,0x65,0x6e,0x28,0x66,0x75,0x6e,0x63,0x74,0x69,0x6f,0x6e,0x28,0x64,
    0x29,0x7b,0x69,0x6e,0x69,0x74,0x53,0x6e,0x73,0x28,0x64,0x2e,0x63,0x6f,0x75,0x6e,
    0x74,0x7c,0x7c,0x34,0x29,0x7d,0x29,0x2e,0x63,0x61,0x74,0x63,0x68,0x28,0x66,0x75,
    0x6e,0x63,0x74,0x69,0x6f,0x6e,0x28,0x29,0x7b,0x7d,0x29,0x3b,0x0a,0x20,0x20,0x72,
    0x65,0x6c,0x6f,0x61,0x64,0x43,0x66,0x67,0x28,0x29,0x3b,0x0a,0x7d,0x29,0x3b,0x0a,
    0x3c,0x2f,0x73,0x63,0x72,0x69,0x70,0x74,0x3e,0x0a,0x3c,0x73,0x63,0x72,0x69,0x70,
    0x74,0x3e,0x0a,0x20,0x20,0x66,0x75,0x6e,0x63,0x74,0x69,0x6f,0x6e,0x20,0x64,0x6c,
    0x43,0x66,0x67,0x28,0x29,0x7b,0x0a,0x20,0x20,0x20,0x20,0x76,0x61,0x72,0x20,0x61,
    0x3d,0x64,0x6f,0x63,0x75,0x6d,0x65,0x6e,0x74,0x2e,0x63,0x72,0x65,0x61,0x74,0x65,
    0x45,0x6c,0x65,0x6d,0x65,0x6e,0x74,0x28,0x27,0x61,0x27,0x29,0x3b,0x0a,0x20,0x20,
    0x20,0x20,0x61,0x2e,0x68,0x72,0x65,0x66,0x3d,0x27,0x2f,0x61,0x70,0x69,0x2f,0x64,
    0x6f,0x77,0x6e,0x6c,0x6f,0x61,0x64,0x3f,0x70,0x61,0x74,0x68,0x3d,0x2f,0x72,0x75,
    0x6e,0x74,0x69,0x6d,0x65,0x5f,0x63,0x6f,0x6e,0x66,0x69,0x67,0x2e,0x6a,0x73,0x6f,
    0x6e,0x27,0x3b,0x0a,0x20,0x20,0x20,0x20,0x61,0x2e,0x64,0x6f,0x77,0x6e,0x6c,0x6f,
    0x61,0x64,0x3d,0x27,0x72,0x75,0x6e,0x74,0x69,0x6d,0x65,0x5f,0x63,0x6f,0x6e,0x66,
    0x69,0x67,0x2e,0x6a,0x73,0x6f,0x6e,0x27,0x3b,0x61,0x2e,0x63,0x6c,0x69,0x63,0x6b,
    0x28,0x29,0x3b,0x0a,0x20,0x20,0x7d,0x0a,0x20,0x20,0x76,0x61,0x72,0x20,0x66,0x6d,
    0x4f,0x70,0x65,0x6e,0x3d,0x66,0x61,0x6c,0x73,0x65,0x3b,0x0a,0x20,0x20,0x66,0x75,
    0x6e,0x63,0x74,0x69,0x6f,0x6e,0x20,0x74,0x6f,0x67,0x67,0x6c,0x65,0x46,0x6d,0x28,
    0x29,0x7b,0x0a,0x20,0x20,0x20,0x20,0x66,0x6d,0x4f,0x70,0x65,0x6e,0x3d,0x21,0x66,
    0x6d,0x4f,0x70,0x65,0x6e,0x3b,0x0a,0x20,0x20,0x20,0x20,0x64,0x6f,0x63,0x75,0x6d,
    0x65,0x6e,0x74,0x2e,0x67,0x65,0x74,0x45,0x6c,0x65,0x6d,0x65,0x6e,0x74,0x42,0x79,
    0x49,0x64,0x28,0x27,0x66,0x6d,0x27,0x29,0x2e,0x73,0x74,0x79,0x6c,0x65,0x2e,0x64,
    0x69,0x73,0x70,0x6c,0x61,0x79,0x3d,0x66,0x6d,0x4f,0x70,0x65,0x6e,0x3f,0x27,0x62,
    0x6c,0x6f,0x63,0x6b,0x27,0x3a,0x27,0x6e,0x6f,0x6e,0x65,0x27,0x3b,0x0a,0x20,0x20,
    0x20,0x20,0x69,0x66,0x28,0x66,0x6d,0x4f,0x70,0x65,0x6e,0x29,0x20,0x6c,0x6f,0x61,
    0x64,0x44,0x69,0x72,0x28,0x27,0x2f,0x27,0x29,0x3b,0x0a,0x20,0x20,0x7d,0x0a,0x20,
    0x20,0x66,0x75,0x6e,0x63,0x74,0x69,0x6f,0x6e,0x20,0x6c,0x6f,0x61,0x64,0x44,0x69,
    0x72,0x28,0x70,0x29,0x7b,0x0a,0x20,0x20,0x20,0x20,0x64,0x6f,0x63,0x75,0x6d,0x65,
    0x6e,0x74,0x2e,0x67,0x65,0x74,0x45,0x6c,0x65,0x6d,0x65,0x6e,0x74,0x42,0x79,0x49,
    0x64,0x28,0x27,0x66,0x6d,0x5f,0x70,0x61,0x74,0x68,0x27,0x29,0x2e,0x74,0x65,0x78,
    0x74,0x43,0x6f,0x6e,0x74,0x65,0x6e,0x74,0x3d,0x70,0x3b,0x0a,0x20,0x20,0x20,0x20,
    0x66,0x65,0x74,0x63,0x68,0x28,0x27,0x2f,0x61,0x70,0x69,0x2f,0x66,0x69,0x6c,0x65,
    0x73,0x3f,0x70,0x61,0x74,0x68,0x3d,0x27,0x2b,0x65,0x6e,0x63,0x6f,0x64,0x65,0x55,
    0x52,0x49,0x43,0x6f,0x6d,0x70,0x6f,0x6e,0x65,0x6e,0x74,0x28,0x70,0x29,0x29,0x0a,
    0x20,0x20,0x20,0x20,0x20,0x20,0x2e,0x74,0x68,0x65,0x6e,0x28,0x66,0x75,0x6e,0x63,
    0x74,0x69,0x6f,0x6e,0x28,0x72,0x29,0x7b,0x72,0x65,0x74,0x75,0x72,0x6e,0x20,0x72,
    0x2e,0x6a,0x73,0x6f,0x6e,0x28,0x29,0x3b,0x7d,0x29,0x0a,0x20,0x20,0x20,0x20,0x20,
    0x20,0x2e,0x74,0x68,0x65,0x6e,0x28,0x66,0x75,0x6e,0x63,0x74,0x69,0x6f,0x6e,0x28,
    0x6c,0x69,0x73,0x74,0x29,0x7b,0x0a,0x20,0x20,0x20,0x20,0x20,0x20,0x20,0x20,0x76,
    0x61,0x72,0x20,0x65,0x6c,0x3d,0x64,0x6f,0x63,0x75,0x6d,0x65,0x6e,0x74,0x2e,0x67,
    0x65,0x74,0x45,0x6c,0x65,0x6d,0x65,0x6e,0x74,0x42,0x79,0x49,0x64,0x28,0x27,0x66,
    0x6d,0x5f,0x6c,0x69,0x73,0x74,0x27,0x29,0x3b,0x0a,0x20,0x20,0x20,0x20,0x20,0x20,
    0x20,0x20,0x76,0x61,0x72,0x20,0x68,0x3d,0x27,0x27,0x3b,0x0a,0x20,0x20,0x20,0x20,
    0x20,0x20,0x20,0x20,0x76,0x61,0x72,0x20,0x70,0x61,0x72,0x65,0x6e,0x74,0x3d,0x70,
    0x2e,0x72,0x65,0x70,0x6c,0x61,0x63,0x65,0x28,0x2f,0x5c,0x2f,0x2b,0x24,0x2f,0x2c,
    0x27,0x27,0x29,0x2e,0x72,0x65,0x70,0x6c,0x61,0x63,0x65,0x28,0x2f,0x5c,0x2f,0x5b,
    0x5e,0x5c,0x2f,0x5d,0x2a,0x24,0x2f,0x2c,0x27,0x27,0x29,0x7c,0x7c,0x27,0x2f,0x27,
    0x3b,0x0a,0x20,0x20,0x20,0x20,0x20,0x20,0x20,0x20,0x69,0x66,0x28,0x70,0x21,0x3d,
    0x27,0x2f,0x27,0x29,0x20,0x68,0x2b,0x3d,0x27,0x3c,0x64,0x69,0x76,0x3e,0xe2,0xac,
    0x86,0x20,0x3c,0x61,0x20,0x68,0x72,0x65,0x66,0x3d,0x22,0x23,0x22,0x20,0x6f,0x6e,
    0x63,0x6c,0x69,0x63,0x6b,0x3d,0x22,0x6c,0x6f,0x61,0x64,0x44,0x69,0x72,0x28,0x5c,
    0x27,0x27,0x2b,0x70,0x61,0x72,0x65,0x6e,0x74,0x2b,0x27,0x5c,0x27,0x29,0x3b,0x72,
    0x65,0x74,0x75,0x72,0x6e,0x20,0x66,0x61,0x6c,0x73,0x65,0x22,0x3e,0x2e,0x2e,0x3c,
    0x2f,0x61,0x3e,0x3c,0x2f,0x64,0x69,0x76,0x3e,0x27,0x3b,0x0a,0x20,0x20,0x20,0x20,
    0x20,0x20,0x20,0x20,0x6c,0x69,0x73,0x74,0x2e,0x73,0x6f,0x72,0x74,0x28,0x66,0x75,
    0x6e,0x63,0x74,0x69,0x6f,0x6e,0x28,0x61,0x2c,0x62,0x29,0x7b,0x72,0x65,0x74,0x75,
    0x72,0x6e,0x20,0x28,0x62,0x2e,0x64,0x69,0x72,0x2d,0x61,0x2e,0x64,0x69,0x72,0x29,
    0x7c,0x7c,0x28,0x61,0x2e,0x6e,0x61,0x6d,0x65,0x3e,0x62,0x2e,0x6e,0x61,0x6d,0x65,
    0x3f,0x31,0x3a,0x2d,0x31,0x29,0x3b,0x7d,0x29,0x3b,0x0a,0x20,0x20,0x20,0x20,0x20,
    0x20,0x20,0x20,0x6c,0x69,0x73,0x74,0x2e,0x66,0x6f,0x72,0x45,0x61,0x63,0x68,0x28,
    0x66,0x75,0x6e,0x63,0x74,0x69,0x6f,0x6e,0x28,0x66,0x29,0x7b,0x0a,0x20,0x20,0x20,
    0x20,0x20,0x20,0x20,0x20,0x20,0x20,0x76,0x61,0x72,0x20,0x66,0x70,0x3d,0x28,0x70,
    0x2e,0x65,0x6e,0x64,0x73,0x57,0x69,0x74,0x68,0x28,0x27,0x2f,0x27,0x29,0x3f,0x70,
    0x3a,0x70,0x2b,0x27,0x2f,0x27,0x29,0x2b,0x66,0x2e,0x6e,0x61,0x6d,0x65,0x3b,0x0a,
    0x20,0x20,0x20,0x20,0x20,0x20,0x20,0x20,0x20,0x20,0x69,0x66,0x28,0x66,0x2e,0x64,
    0x69,0x72,0x29,0x7b,0x0a,0x20,0x20,0x20,0x20,0x20,0x20,0x20,0x20,0x20,0x20,0x20,
    0x20,0x68,0x2b,0x3d,0x27,0x3c,0x64,0x69,0x76,0x3e,0xf0,0x9f,0x93,0x81,0x20,0x3c,
    0x61,0x20,0x68,0x72,0x65,0x66,0x3d,0x22,0x23,0x22,0x20,0x6f,0x6e,0x63,0x6c,0x69,
    0x63,0x6b,0x3d,0x22,0x6c,0x6f,0x61,0x64,0x44,0x69,0x72,0x28,0x5c,0x27,0x27,0x2b,
    0x66,0x70,0x2b,0x27,0x2f,0x5c,0x27,0x29,0x3b,0x72,0x65,0x74,0x75,0x72,0x6e,0x20,
    0x66,0x61,0x6c,0x73,0x65,0x22,0x3e,0x27,0x2b,0x66,0x2e,0x6e,0x61,0x6d,0x65,0x2b,
    0x27,0x2f,0x3c,0x2f,0x61,0x3e,0x3c,0x2f,0x64,0x69,0x76,0x3e,0x27,0x3b,0x0a,0x20,
    0x20,0x20,0x20,0x20,0x20,0x20,0x20,0x20,0x20,0x7d,0x20,0x65,0x6c,0x73,0x65,0x20,
    0x7b,0x0a,0x20,0x20,0x20,0x20,0x20,0x20,0x20,0x20,0x20,0x20,0x20,0x20,0x68,0x2b,
    0x3d,0x27,0x3c,0x64,0x69,0x76,0x3e,0xf0,0x9f,0x93,0x84,0x20,0x3c,0x61,0x20,0x68,
    0x72,0x65,0x66,0x3d,0x22,0x2f,0x61,0x70,0x69,0x2f,0x64,0x6f,0x77,0x6e,0x6c,0x6f,
    0x61,0x64,0x3f,0x70,0x61,0x74,0x68,0x3d,0x27,0x2b,0x65,0x6e,0x63,0x6f,0x64,0x65,
    0x55,0x52,0x49,0x43,0x6f,0x6d,0x70,0x6f,0x6e,0x65,0x6e,0x74,0x28,0x66,0x70,0x29,
    0x2b,0x27,0x22,0x20,0x64,0x6f,0x77,0x6e,0x6c,0x6f,0x61,0x64,0x3e,0x27,0x2b,0x0a,
    0x20,0x20,0x20,0x20,0x20,0x20,0x20,0x20,0x20,0x20,0x20,0x20,0x20,0x20,0x66,0x2e,
    0x6e,0x61,0x6d,0x65,0x2b,0x27,0x3c,0x2f,0x61,0x3e,0x20,0x3c,0x73,0x70,0x61,0x6e,
    0x20,0x73,0x74,0x79,0x6c,0x65,0x3d,0x22,0x63,0x6f,0x6c,0x6f,0x72,0x3a,0x23,0x38,
    0x38,0x38,0x3b,0x66,0x6f,0x6e,0x74,0x2d,0x73,0x69,0x7a,0x65,0x3a,0x2e,0x38,0x65,
    0x6d,0x22,0x3e,0x28,0x27,0x2b,0x66,0x2e,0x73,0x69,0x7a,0x65,0x2b,0x27,0x20,0x42,
    0x29,0x3c,0x2f,0x73,0x70,0x61,0x6e,0x3e,0x3c,0x2f,0x64,0x69,0x76,0x3e,0x27,0x3b,
    0x0a,0x20,0x20,0x20,0x20,0x20,0x20,0x20,0x20,0x20,0x20,0x7d,0x0a,0x20,0x20,0x20,
    0x20,0x20,0x20,0x20,0x20,0x7d,0x29,0x3b,0x0a,0x20,0x20,0x20,0x20,0x20,0x20,0x20,
    0x20,0x65,0x6c,0x2e,0x69,0x6e,0x6e,0x65,0x72,0x48,0x54,0x4d,0x4c,0x3d,0x68,0x7c,
    0x7c,0x27,0x3c,0x69,0x20,0x73,0x74,0x79,0x6c,0x65,0x3d,0x22,0x63,0x6f,0x6c,0x6f,
    0x72,0x3a,0x23,0x38,0x38,0x38,0x22,0x3e,0xd0,0x9f,0xd1,0x83,0xd1,0x81,0xd1,0x82,
    0xd0,0xbe,0x3c,0x2f,0x69,0x3e,0x27,0x3b,0x0a,0x20,0x20,0x20,0x20,0x20,0x20,0x7d,
    0x29,0x0a,0x20,0x20,0x20,0x20,0x20,0x20,0x2e,0x63,0x61,0x74,0x63,0x68,0x28,0x66,
    0x75,0x6e,0x63,0x74,0x69,0x6f,0x6e,0x28,0x29,0x7b,0x64,0x6f,0x63,0x75,0x6d,0x65,
    0x6e,0x74,0x2e,0x67,0x65,0x74,0x45,0x6c,0x65,0x6d,0x65,0x6e,0x74,0x42,0x79,0x49,
    0x64,0x28,0x27,0x66,0x6d,0x5f,0x6c,0x69,0x73,0x74,0x27,0x29,0x2e,0x69,0x6e,0x6e,
    0x65,0x72,0x48,0x54,0x4d,0x4c,0x3d,0x27,0x3c,0x73,0x70,0x61,0x6e,0x20,0x73,0x74,
    0x79,0x6c,0x65,0x3d,0x22,0x63,0x6f,0x6c,0x6f,0x72,0x3a,0x72,0x65,0x64,0x22,0x3e,
    0xd0,0x9e,0xd1,0x88,0xd0,0xb8,0xd0,0xb1,0xd0,0xba,0xd0,0xb0,0x20,0xd1,0x87,0xd1,
    0x82,0xd0,0xb5,0xd0,0xbd,0xd0,0xb8,0xd1,0x8f,0x20,0x53,0x44,0x3c,0x2f,0x73,0x70,
    0x61,0x6e,0x3e,0x27,0x3b,0x7d,0x29,0x3b,0x0a,0x20,0x20,0x7d,0x0a,0x20,0x20,0x3c,
    0x2f,0x73,0x63,0x72,0x69,0x70,0x74,0x3e,0x0a,0x3c,0x2f,0x62,0x6f,0x64,0x79,0x3e,
    0x0a,0x3c,0x2f,0x68,0x74,0x6d,0x6c,0x3e
};

void WebServer::handleConfig(uint8_t sn){
    if(serveFile(sn,"/config.html","text/html")) return;
    // Embedded fallback — send from .rodata array (no stack allocation)
    {
        char hdr[192];
        int hl=std::snprintf(hdr,sizeof(hdr),
            "HTTP/1.1 200 OK\r\nContent-Type: text/html; charset=UTF-8\r\n"
            "Content-Length: %lu\r\nAccess-Control-Allow-Origin: *\r\n"
            "Connection: close\r\n\r\n",
            (unsigned long)s_config_html_len);
        w5500_send(sn,(uint8_t*)hdr,(uint16_t)hl);
        const uint8_t* p = s_config_html;
        uint32_t rem = s_config_html_len;
        while(rem > 0){
            uint16_t n = (rem > 512u) ? 512u : (uint16_t)rem;
            w5500_send(sn, p, n);
            p   += n;
            rem -= n;
            IWDG->KR = 0xAAAA;
        }
    }
}

void WebServer::handleIndex(uint8_t sn){
    if(serveFile(sn,"/index.html","text/html")) return;
    // Embedded fallback — send from .rodata array (no stack allocation)
    {
        char hdr[192];
        int hl=std::snprintf(hdr,sizeof(hdr),
            "HTTP/1.1 200 OK\r\nContent-Type: text/html; charset=UTF-8\r\n"
            "Content-Length: %lu\r\nAccess-Control-Allow-Origin: *\r\n"
            "Connection: close\r\n\r\n",
            (unsigned long)s_index_html_len);
        w5500_send(sn,(uint8_t*)hdr,(uint16_t)hl);
        const uint8_t* p = s_index_html;
        uint32_t rem = s_index_html_len;
        while(rem > 0){
            uint16_t n = (rem > 512u) ? 512u : (uint16_t)rem;
            w5500_send(sn, p, n);
            p   += n;
            rem -= n;
            IWDG->KR = 0xAAAA;
        }
    }
}
void WebServer::handleLogs(uint8_t sn){
    if(serveFile(sn,"/logs.html","text/html")) return;
    char* buf=m_respBuf; const int bsz=RESP_BUF_SIZE; int n=0;
    CircularLogBuffer& log=CircularLogBuffer::instance();
    uint16_t total=log.getCount();

    writeHead(buf,n,bsz,"Logs");
    SNCAT("<h2>&#128221; System Logs <span style='color:#8b949e;font-size:14px'>(%u)</span></h2>",
          (unsigned)total);
    writeNav(buf,n,bsz,"logs");

    SNCAT("<div style='margin-bottom:10px;display:flex;gap:8px'>"
          "<button class='btn' onclick='location.reload()'>&#8635; Refresh</button>"
          "<button class='btn btn-danger' onclick='clrLogs()'>&#128465; Clear</button>"
          "<a href='/api/logs/export' style='color:#58a6ff;font-size:13px;"
          "padding:8px 14px;background:#161b22;border:1px solid #30363d;"
          "border-radius:6px;text-decoration:none'>&#11123; Export</a></div>");

    SNCAT("<div style='background:#161b22;border:1px solid #30363d;border-radius:6px;"
          "padding:8px;max-height:65vh;overflow-y:auto;font-size:12px'>");
    char line[CircularLogBuffer::LINE_SIZE];
    for(uint16_t i=0;i<total&&n<bsz-200;i++){
        if(!log.getLine(i,line,sizeof(line))) continue;
        const char* cls="";
        if(std::strstr(line,"[ERROR]")) cls="err";
        else if(std::strstr(line,"[WARN ]")) cls="warn";
        else if(std::strstr(line,"[DATA ]")) cls="ok";
        n+=std::snprintf(buf+n,bsz-n,
            "<div style='padding:1px 4px;border-bottom:1px solid #21262d'>"
            "<span class='%s'>",cls);
        for(const char* p=line;*p&&n<bsz-12;p++){
            if(*p=='<'){std::memcpy(buf+n,"&lt;",4);n+=4;}
            else if(*p=='>'){std::memcpy(buf+n,"&gt;",4);n+=4;}
            else if(*p=='&'){std::memcpy(buf+n,"&amp;",5);n+=5;}
            else buf[n++]=*p;
        }
        if(n<bsz-16){std::memcpy(buf+n,"</span></div>",13);n+=13;}
    }
    SNCAT("</div>"
          "<script>function clrLogs(){"
          "fetch('/api/logs/clear',{method:'POST'}).then(()=>location.reload());}"
          "</script>"
          "<footer style='margin-top:10px'>RAM circular buffer</footer>"
          "</body></html>");
    if(n>=bsz) { n=bsz-1; } buf[n]='\0';
    sendResponse(sn,200,"text/html; charset=UTF-8",buf,(uint16_t)n);
}

// ── GET /test ─────────────────────────────────────────────────────────────────
void WebServer::handleTestPage(uint8_t sn){
    if(serveFile(sn,"/test.html","text/html")) return;
    char* buf=m_respBuf; const int bsz=RESP_BUF_SIZE; int n=0;
    writeHead(buf,n,bsz,"Test Send");
    SNCAT("<h2>&#9654; Test Send</h2>");
    writeNav(buf,n,bsz,"test");
    { char _effUrl[192]{}; Cfg().buildServerUrl(_effUrl, sizeof(_effUrl));
    SNCAT("<div class='card'><h3>Target URL</h3>"
          "<div style='font-size:12px;color:#8b949e;word-break:break-all'>%s</div></div>",
          _effUrl); }
    SNCAT("<div class='card'><h3>JSON Preview</h3>"
          "<pre id='pv' style='font-size:11px;color:#8b949e;white-space:pre-wrap;word-break:break-all'>...</pre>"
          "<button onclick='doCopy()' style='margin-top:6px;font-size:12px'>&#128203; Copy JSON</button></div>");
    SNCAT("<div class='card'>"
          "<button onclick='doTest()' style='width:100%%'>&#9654; Send Test</button>"
          "<div id='res' style='margin-top:10px;font-size:13px'></div></div>");
    SNCAT("<script>"
          "var t;"
          "fetch('/api/test_payload').then(r=>r.text()).then(j=>{"
          "try{document.getElementById('pv').textContent=JSON.stringify(JSON.parse(j),null,2);}"
          "catch(e){document.getElementById('pv').textContent=j;}}).catch(()=>{});"
          "function doCopy(){var s=document.getElementById('pv').textContent;"
          "navigator.clipboard&&navigator.clipboard.writeText(s).then(()=>alert('Copied!'));}"
          "function doTest(){"
          "if(t)clearInterval(t);"
          "var el=document.getElementById('res');"
          "el.textContent='Sending...';el.className='';"
          "fetch('/api/test_send',{method:'POST'})"
          ".then(()=>{t=setInterval(poll,1200);})"
          ".catch(e=>{el.textContent='Error: '+e;el.className='err';});}"
          "function poll(){"
          "fetch('/api/test_result').then(r=>r.json()).then(j=>{"
          "var el=document.getElementById('res');"
          "if(j.status==='running'){el.textContent='Running via '+j.channel+'...';return;}"
          "if(j.status==='idle')return;"
          "clearInterval(t);"
          "var ok=j.http_code>=200&&j.http_code<300;"
          "el.className=ok?'ok':'err';"
          "el.textContent=j.status+' | '+j.channel+' | HTTP '+j.http_code+' | '+j.elapsed_ms+'ms';"
          "}).catch(()=>{});}"
          "</script>"
          "<footer>MonSet v1.0</footer></body></html>");
    if(n>=bsz) { n=bsz-1; } buf[n]='\0';
    sendResponse(sn,200,"text/html; charset=UTF-8",buf,(uint16_t)n);
}

// ── GET /export ───────────────────────────────────────────────────────────────
void WebServer::handleExport(uint8_t sn){
    FIL f;
    if(f_open(&f,Config::BACKUP_FILENAME,FA_READ)!=FR_OK){
        const char* b="No backup data available";
        sendResponse(sn,404,"text/plain",b,(uint16_t)std::strlen(b)); return;
    }
    FSIZE_t fsize=f_size(&f);
    char hdr[256];
    int hl=std::snprintf(hdr,sizeof(hdr),
        "HTTP/1.1 200 OK\r\nContent-Type: text/plain\r\n"
        "Content-Disposition: attachment; filename=\"backup.jsn\"\r\n"
        "Content-Length: %lu\r\nAccess-Control-Allow-Origin: *\r\n"
        "Connection: close\r\n\r\n",(unsigned long)fsize);
    send(sn,(uint8_t*)hdr,(uint16_t)hl);
    uint8_t chunk[512]; UINT br;
    while(f_read(&f,chunk,sizeof(chunk),&br)==FR_OK&&br>0){
        send(sn,chunk,(uint16_t)br); IWDG->KR=0xAAAA;
    }
    f_close(&f);
}

// ── GET /api/sensors ──────────────────────────────────────────────────────────
void WebServer::handleApiSensors(uint8_t sn){
    int n=0;
    n+=std::snprintf(m_respBuf+n,RESP_BUF_SIZE-n,"{\"sensors\":[");
    if(m_sensor){
        for(uint8_t i=0;i<m_sensor->getReadingCount();i++){
            const SensorReading& r=m_sensor->getReading(i);
            if(i>0) n+=std::snprintf(m_respBuf+n,RESP_BUF_SIZE-n,",");
            n+=std::snprintf(m_respBuf+n,RESP_BUF_SIZE-n,
                "{\"name\":\"%s\",\"value\":%.3f,\"raw\":%.3f,"
                "\"unit\":\"%s\",\"valid\":%s}",
                r.name,(double)r.value,(double)r.raw_value,
                r.unit,r.valid?"true":"false");
        }
    }
    n+=std::snprintf(m_respBuf+n,RESP_BUF_SIZE-n,"],");
    if(m_battery){
        n+=std::snprintf(m_respBuf+n,RESP_BUF_SIZE-n,
            "\"battery\":{\"voltage\":%.2f,\"percent\":%u,\"low\":%s}",
            (double)m_battery->getVoltage(),(unsigned)m_battery->getPercent(),
            m_battery->isLow()?"true":"false");
    }else{
        n+=std::snprintf(m_respBuf+n,RESP_BUF_SIZE-n,
            "\"battery\":{\"voltage\":0,\"percent\":0,\"low\":false}");
    }
    uint32_t tick = HAL_GetTick() / 1000;
    uint8_t sensorCnt = m_sensor ? m_sensor->getReadingCount() : 0;
    n+=std::snprintf(m_respBuf+n,RESP_BUF_SIZE-n,
        ",\"count\":%u,\"uptime_s\":%lu,\"timestamp\":\"uptime %lu s\"}",
        (unsigned)sensorCnt,(unsigned long)tick,(unsigned long)tick);
    if(n<0||n>=(int)RESP_BUF_SIZE) n=RESP_BUF_SIZE-1;
    sendResponse(sn,200,"application/json",m_respBuf,(uint16_t)n);
}

// ── GET /api/config (JSON) ────────────────────────────────────────────────────
void WebServer::handleApiConfig(uint8_t sn){
    const RuntimeConfig& c = Cfg();

    // IP strings
    char sip[16],ssn[16],sgw[16],sdns[16];
    std::snprintf(sip, 16,"%u.%u.%u.%u",c.eth_ip[0],c.eth_ip[1],c.eth_ip[2],c.eth_ip[3]);
    std::snprintf(ssn, 16,"%u.%u.%u.%u",c.eth_sn[0],c.eth_sn[1],c.eth_sn[2],c.eth_sn[3]);
    std::snprintf(sgw, 16,"%u.%u.%u.%u",c.eth_gw[0],c.eth_gw[1],c.eth_gw[2],c.eth_gw[3]);
    std::snprintf(sdns,16,"%u.%u.%u.%u",c.eth_dns[0],c.eth_dns[1],c.eth_dns[2],c.eth_dns[3]);

    // Protocol string
    const char* protoStr =
        (c.protocol==ProtocolMode::HTTPS_GENERIC)    ?"https_generic":
        (c.protocol==ProtocolMode::OCEAN_MONITOR)    ?"ocean_monitor":
        (c.protocol==ProtocolMode::MQTT_THINGSBOARD) ?"mqtt_tb"      :
        (c.protocol==ProtocolMode::MQTT_GENERIC)     ?"mqtt_gen"     :
        (c.protocol==ProtocolMode::WEBHOOK_HTTP)     ?"webhook"      :"https_generic";

    // Channel flags (new sub-config takes priority, legacy as fallback)
    bool ch_eth  = c.channels.eth_enabled     || c.eth_enabled;
    bool ch_gsm  = c.channels.gsm_enabled     || c.gsm_enabled;
    bool ch_wifi = c.channels.wifi_enabled    || c.wifi_enabled;
    bool ch_irid = c.channels.iridium_enabled || c.iridium_enabled;
    bool chain   = c.channels.chain_mode      || c.chain_enabled;

    // Timing
    uint32_t poll_s = c.meas.poll_interval_s  ? (uint32_t)c.meas.poll_interval_s  : c.poll_interval_sec;
    uint32_t send_s = c.meas.send_interval_s  ? (uint32_t)c.meas.send_interval_s  : (c.send_interval_polls*c.poll_interval_sec);
    uint16_t bkup_s = c.meas.backup_retry_s   ? c.meas.backup_retry_s : (uint16_t)c.backup_send_interval_sec;
    uint8_t  avg    = c.meas.avg_count        ? c.meas.avg_count       : c.avg_count;

    // Protocol fields (new sub-config takes priority, legacy as fallback)
    const char* tb_host  = c.proto.server_host[0]   ? c.proto.server_host   : (c.proto.tb_host[0] ? c.proto.tb_host : "");
    const char* tb_token = c.proto.tb_token;
    const char* mq_host  = c.proto.mqtt_host[0]     ? c.proto.mqtt_host     : c.mqtt_host;
    uint16_t    mq_port  = c.proto.mqtt_port         ? c.proto.mqtt_port     : c.mqtt_port;
    const char* mq_user  = c.proto.mqtt_user[0]      ? c.proto.mqtt_user     : c.mqtt_user;
    const char* mq_pass  = c.proto.mqtt_pass[0]      ? c.proto.mqtt_pass     : c.mqtt_pass;
    const char* mq_top   = c.proto.mqtt_topic[0]     ? c.proto.mqtt_topic    : c.mqtt_topic;
    const char* wh_url   = c.proto.webhook_url[0]    ? c.proto.webhook_url   : c.webhook_url;
    const char* wh_meth  = c.proto.webhook_method[0] ? c.proto.webhook_method: c.webhook_method;

    // Network / auth
    bool        eth_dhcp = (c.eth_mode == RuntimeConfig::EthMode::Dhcp);
    const char* ntp_srv  = c.time_cfg.ntp_server[0] ? c.time_cfg.ntp_server : c.ntp_host;
    float       bat_low  = c.alerts.battery_low_threshold_pct > 0.0f ?
                           c.alerts.battery_low_threshold_pct : (float)c.battery_low_pct;

    // chain_order JSON array
    char cord[32];
    std::snprintf(cord,sizeof(cord),"[%u,%u,%u,%u]",
        c.channels.chain_order[0],c.channels.chain_order[1],
        c.channels.chain_order[2],c.channels.chain_order[3]);

    int n = 0;
    n += std::snprintf(m_respBuf+n, RESP_BUF_SIZE-n,
        "{"
        "\"server_url\":\"%s\","
        "\"poll_interval_sec\":%lu,\"send_interval_polls\":%lu,"
        // channel enable flags
        "\"ch_eth\":%s,\"ch_gsm\":%s,\"ch_wifi\":%s,\"ch_iridium\":%s,"
        "\"eth_enabled\":%s,\"gsm_enabled\":%s,\"wifi_enabled\":%s,\"iridium_enabled\":%s,"
        "\"chain_mode\":%s,\"chain_order\":%s,"
        "\"channel_timeout_s\":%u,\"channel_retry_s\":%u,\"channel_max_retries\":%u,"
        // protocol
        "\"proto\":\"%s\","
        "\"tb_host\":\"%s\",\"tb_token\":\"%s\",\"tb_port\":%u,"
        "\"mqtt_host\":\"%s\",\"mqtt_port\":%u,\"mqtt_user\":\"%s\",\"mqtt_pass\":\"%s\","
        "\"mqtt_topic\":\"%s\",\"mqtt_qos\":%u,\"mqtt_tls\":%s,"
        "\"webhook_url\":\"%s\",\"webhook_method\":\"%s\","
        "\"server_host\":\"%s\",\"server_path\":\"%s\",\"server_port\":%u,\"server_token\":\"%s\"," 
        // measurement
        "\"poll_interval_s\":%lu,\"send_interval_s\":%lu,"
        "\"backup_retry_s\":%u,\"avg_count\":%u,"
        "\"backup_retry_gsm_sec\":%lu,\"backup_retry_iridium_sec\":%lu,"
        "\"deep_sleep_enabled\":%s,\"deep_sleep_s\":%u,"
        "\"schedule_enabled\":%s,\"schedule_start\":\"%s\",\"schedule_stop\":\"%s\","
        // ethernet
        "\"eth_dhcp\":%s,"
        "\"eth_ip\":\"%s\",\"eth_sn\":\"%s\",\"eth_gw\":\"%s\",\"eth_dns\":\"%s\","
        // GSM
        "\"gsm_apn\":\"%s\",\"gsm_user\":\"%s\",\"gsm_pass\":\"%s\","
        "\"gsm_server_ip\":\"%s\"," 
        // WiFi
        "\"wifi_ssid\":\"%s\",\"wifi_pass\":\"%s\","
        // NTP / time
        "\"ntp_enabled\":%s,\"ntp_server\":\"%s\",\"tz_off\":%d,"
        // web / auth
        "\"web_user\":\"%s\",\"web_pass\":\"%s\","
        "\"web_port\":%u,\"web_idle_timeout_s\":%u,"
        "\"web_auth_enabled\":%s,\"web_exclusive_mode\":%s,"
        // Modbus TCP
        "\"mtcpm_en\":%s,\"mtcps_en\":%s,"
        "\"sl_port\":%u,\"sl_uid\":%u,\"sl_sock\":%u,\"sl_ctms\":%u,"
        // alerts
        "\"alerts_enabled\":%s,\"batt_low\":%.1f,"
        "\"alert_on_channel_fail\":%s,\"alert_on_sensor_fail\":%s,"
        "\"alert_webhook_url\":\"%s\","
        "\"ocean_host\":\"%s\",\"ocean_path\":\"%s\",\"ocean_port\":%u,"
        "\"ocean_username\":\"%s\",\"ocean_password\":\"%s\","
        "\"ocean_metric_id\":\"%s\""
        "",
        c.server_url,
        (unsigned long)c.poll_interval_sec,(unsigned long)c.send_interval_polls,
        ch_eth?"true":"false",ch_gsm?"true":"false",ch_wifi?"true":"false",ch_irid?"true":"false",
        ch_eth?"true":"false",ch_gsm?"true":"false",ch_wifi?"true":"false",ch_irid?"true":"false",
        chain?"true":"false",cord,
        (unsigned)c.channels.channel_timeout_s,(unsigned)c.channels.channel_retry_s,
        (unsigned)c.channels.channel_max_retries,
        protoStr,
        tb_host, tb_token, (unsigned)c.proto.tb_port,
        mq_host, (unsigned)mq_port, mq_user, mq_pass,
        mq_top, (unsigned)c.proto.mqtt_qos, (c.proto.mqtt_tls||c.mqtt_tls)?"true":"false",
        wh_url, wh_meth,
        c.proto.server_host, c.proto.server_path,
        (unsigned)c.proto.server_port, c.proto.server_token,
        (unsigned long)poll_s,(unsigned long)send_s,
        (unsigned)bkup_s,(unsigned)avg,
        (unsigned long)c.backup_retry_gsm_sec,(unsigned long)c.backup_retry_iridium_sec,
        c.meas.deep_sleep_enabled?"true":"false",(unsigned)c.meas.deep_sleep_s,
        c.meas.schedule_enabled?"true":"false",c.meas.schedule_start,c.meas.schedule_stop,
        eth_dhcp?"true":"false",
        sip,ssn,sgw,sdns,
        c.gsm_apn, c.gsm_user, c.gsm_pass, c.gsm_server_ip,
        c.wifi_ssid, c.wifi_pass,
        c.time_cfg.ntp_enabled?"true":"false",ntp_srv,(int)c.time_cfg.timezone_offset,
        c.web.web_user, c.web.web_pass,
        (unsigned)c.web.web_port,(unsigned)c.web.web_idle_timeout_s,
        c.web.web_auth_enabled?"true":"false",c.web.web_exclusive_mode?"true":"false",
        c.tcp_master.enabled?"true":"false",c.tcp_slave.enabled?"true":"false",
        (unsigned)c.tcp_slave.listen_port,(unsigned)c.tcp_slave.unit_id,
        (unsigned)c.tcp_slave.w5500_socket,(unsigned)c.tcp_slave.connection_timeout_ms,
        c.alerts.alerts_enabled?"true":"false",(double)bat_low,
        c.alerts.alert_on_channel_fail?"true":"false",
        c.alerts.alert_on_sensor_fail?"true":"false",
        c.alerts.alert_webhook_url,
        // ocean_monitor fields
        c.proto.ocean_host, c.proto.ocean_path, (unsigned)c.proto.ocean_port,
        c.proto.ocean_username, c.proto.ocean_password,
        c.proto.ocean_metric_id
    );

    // co_en array
    n += std::snprintf(m_respBuf+n, RESP_BUF_SIZE-n,
        ",\"co_en\":[%s,%s,%s,%s]",
        c.channels.eth_enabled ?"true":"false",
        c.channels.gsm_enabled ?"true":"false",
        c.channels.wifi_enabled?"true":"false",
        c.channels.iridium_enabled?"true":"false");

    // rtu array — use rtu_ports[] (ModbusRtuPortConfig) not legacy uart_ports[]
    n += std::snprintf(m_respBuf+n, RESP_BUF_SIZE-n, ",\"rtu\":[");
    for (int i = 0; i < MAX_RTU_PORTS; i++) {
        const ModbusRtuPortConfig& rp = c.rtu_ports[i];
        const char* parStr = (rp.parity == 1) ? "Even" :
                             (rp.parity == 2) ? "Odd"  : "None";
        const char* ifStr  = (rp.interface == UartInterface::RS232) ? "RS232" : "RS485";
        n += std::snprintf(m_respBuf+n, RESP_BUF_SIZE-n,
            "%s{\"en\":%s,\"baud\":%lu,\"sb\":%u,\"par\":\"%s\","
            "\"if\":\"%s\",\"avg\":%u,\"bak\":\"%s\","
            "\"rms\":%u,\"fms\":%u,\"devs\":[",
            i==0?"":",",
            rp.enabled?"true":"false",
            (unsigned long)rp.baudrate,
            (unsigned)rp.stop_bits,
            parStr,
            ifStr,
            (unsigned)rp.avg_count,
            rp.backup_filename,
            (unsigned)rp.response_timeout_ms,
            (unsigned)rp.inter_frame_ms
        );
        for (int j = 0; j < rp.device_count && j < (int)ModbusRtuPortConfig::MAX_DEVICES; j++) {
            const ModbusDeviceCfg& d = rp.devices[j];
            static const char* DT_STR[] = {"INT16","UINT16","INT32_BE","UINT32_BE","FLOAT32_BE"};
            const char* dtStr = (d.data_type < 5) ? DT_STR[d.data_type] : "INT16";
            n += std::snprintf(m_respBuf+n, RESP_BUF_SIZE-n,
                "%s{\"en\":%s,\"sa\":%u,\"nm\":\"%s\",\"fc\":%u,"
                "\"rs\":%u,\"rc\":%u,\"dt\":\"%s\","
                "\"sc\":%f,\"of\":%f,\"dv\":%f,"
                "\"un\":\"%s\",\"ci\":%u,"
                "\"mi\":\"%s\",\"si\":%u}",
                j==0?"":",",
                d.enabled?"true":"false",
                (unsigned)d.slave_addr, d.name, (unsigned)d.func_code,
                (unsigned)d.reg_start, (unsigned)d.reg_count, dtStr,
                (double)d.scale, (double)d.offset, (double)d.divider,
                d.unit, (unsigned)d.channel_idx,
                d.metric_id, (unsigned)d.send_interval_polls
            );
        }
        n += std::snprintf(m_respBuf+n, RESP_BUF_SIZE-n, "]}");
    }
    n += std::snprintf(m_respBuf+n, RESP_BUF_SIZE-n, "]");

    // regs array (legacy flat map)
    n += std::snprintf(m_respBuf+n, RESP_BUF_SIZE-n, ",\"regs\":[");
    for (int i = 0; i < c.modbus_map_count && i < MAX_MODBUS_ENTRIES; i++) {
        const ModbusRegEntry& me = c.modbus_map[i];
        n += std::snprintf(m_respBuf+n, RESP_BUF_SIZE-n,
            "%s{\"ad\":%u,\"src\":%u,\"dt\":%u,\"sc\":%f,\"un\":\"%s\",\"nm\":\"%s\"}",
            i==0?"":",",
            (unsigned)me.start_reg,(unsigned)me.port_idx,
            (unsigned)me.data_type,
            (double)me.scale, me.unit, me.name);
    }
    n += std::snprintf(m_respBuf+n, RESP_BUF_SIZE-n, "]");

    // tcp_devs array (ModbusTcpMasterConfig devices)
    n += std::snprintf(m_respBuf+n, RESP_BUF_SIZE-n, ",\"tcp_devs\":[");
    for (int i = 0; i < c.tcp_master.device_count && i < ModbusTcpMasterConfig::MAX_TCP_DEVICES; i++) {
        const ModbusTcpDeviceCfg& td = c.tcp_master.devices[i];
        n += std::snprintf(m_respBuf+n, RESP_BUF_SIZE-n,
            "%s{\"en\":%s,\"ip\":\"%s\",\"port\":%u,\"uid\":%u,\"nm\":\"%s\","
            "\"fc\":%u,\"rs\":%u,\"rc\":%u,\"dt\":%u,\"sc\":%f,\"of\":%f,"
            "\"un\":\"%s\",\"ci\":%u,\"pms\":%u,\"cms\":%u,\"sk\":%u}",
            i==0?"":",",
            td.enabled?"true":"false",
            td.ip, (unsigned)td.port, (unsigned)td.unit_id, td.name,
            (unsigned)td.func_code,(unsigned)td.reg_start,(unsigned)td.reg_count,
            (unsigned)td.data_type,(double)td.scale,(double)td.offset,
            td.unit,(unsigned)td.channel_idx,
            (unsigned)td.poll_timeout_ms,(unsigned)td.connect_timeout_ms,
            (unsigned)td.w5500_socket);
    }
    n += std::snprintf(m_respBuf+n, RESP_BUF_SIZE-n, "],\"sd_ok\":%s}",
        m_sdOk ? "true" : "false");

    if (n >= RESP_BUF_SIZE) {
        DBG.error("WebServer: /api/config JSON overflow! n=%d", n);
        const char* err = "{\"error\":\"json overflow\"}";
        sendResponse(sn, 500, "application/json", err, (uint16_t)std::strlen(err));
        return;
    }
    sendResponse(sn,200,"application/json",m_respBuf,(uint16_t)n);
}



// ── GET /api/channels ─────────────────────────────────────────────────────────
void WebServer::handleApiChannels(uint8_t sn){
    const RuntimeConfig& cfg=Cfg();
    uint8_t st=m_app?m_app->getChannelStatus():0;

    bool e=cfg.channels.eth_enabled     ||cfg.eth_enabled;
    bool g=cfg.channels.gsm_enabled     ||cfg.gsm_enabled;
    bool w=cfg.channels.wifi_enabled    ||cfg.wifi_enabled;
    bool i=cfg.channels.iridium_enabled ||cfg.iridium_enabled;

    const char* se = e?((st&0x01)?"ACTIVE":"STANDBY"):"DISABLED";
    const char* sg = g?((st&0x02)?"ACTIVE":"STANDBY"):"DISABLED";
    const char* sw = w?((st&0x04)?"ACTIVE":"STANDBY"):"DISABLED";
    const char* si = i?((st&0x08)?"ACTIVE":"STANDBY"):"DISABLED";

    char buf[768];
    int len=std::snprintf(buf,sizeof(buf),
        "{\"channels\":["
        "{\"name\":\"Ethernet W5500\",\"status\":\"%s\",\"label\":\"%s\",\"priority\":\"1\"},"
        "{\"name\":\"GSM Air780E\",   \"status\":\"%s\",\"label\":\"%s\",\"priority\":\"2\"},"
        "{\"name\":\"WiFi ESP8266\",  \"status\":\"%s\",\"label\":\"%s\",\"priority\":\"%s\"},"
        "{\"name\":\"Iridium SBD\",   \"status\":\"%s\",\"label\":\"%s\",\"priority\":\"%s\"}"
        "],"
        "\"eth\":\"%s\",\"gsm\":\"%s\",\"wifi\":\"%s\",\"iridium\":\"%s\"}",
        se,se, sg,sg, sw,sw,w?"3":"—", si,si,i?"4":"—",
        se,sg,sw,si);
    sendResponse(sn,200,"application/json",buf,(uint16_t)len);
}

// ── GET /api/web_mode ─────────────────────────────────────────────────────────
void WebServer::handleApiWebMode(uint8_t sn){
    bool active=m_app?m_app->isWebActive():false;
    uint16_t rem=m_app?m_app->webIdleRemainingS():0;
    char buf[128];
    int len=std::snprintf(buf,sizeof(buf),
        "{\"web_active\":%s,\"remaining\":%u,\"idle_remaining_s\":%u}",
        active?"true":"false",(unsigned)rem,(unsigned)rem);
    sendResponse(sn,200,"application/json",buf,(uint16_t)len);
}

// ── POST /api/test_send  /  GET /api/test_result ──────────────────────────────
// forward declaration — defined later in this file
static bool getQueryParam(const char* qs, const char* key, char* out, size_t outSz);

void WebServer::handleApiTestSend(uint8_t sn, const char* queryStr){
    char valStr[32]{};
    if(queryStr && queryStr[0]){
        /* inline mini-parser: find "value=NNN" in query string */
        const char* p = std::strstr(queryStr, "value=");
        if(p){
            p += 6; /* skip "value=" */
            size_t i = 0;
            while(*p && *p != '&' && i < sizeof(valStr)-1)
                valStr[i++] = *p++;
            valStr[i] = '\0';
        }
    }
    if(valStr[0]){
        float v = (float)std::atof(valStr);
        if(m_app) m_app->setTestValue(v);
    }
    if(m_app) m_app->triggerTestSend();
    const char* r="{\"ok\":true}";
    sendResponse(sn,200,"application/json",r,(uint16_t)std::strlen(r));
}
void WebServer::handleApiTestResult(uint8_t sn){
    char state[16]{},channel[16]{}; int httpCode=0; uint32_t elapsed=0;
    if(m_app) m_app->getTestResult(state,channel,&httpCode,&elapsed);
    else std::strncpy(state,"idle",sizeof(state)-1);
    char buf[256];
    int len=std::snprintf(buf,sizeof(buf),
        "{\"status\":\"%s\",\"channel\":\"%s\","
        "\"http_code\":%d,\"elapsed_ms\":%lu}",
        state,channel,httpCode,(unsigned long)elapsed);
    sendResponse(sn,200,"application/json",buf,(uint16_t)len);
}
void WebServer::handleApiTestPayload(uint8_t sn){
    /* Use m_respBuf (8KB, heap-resident) instead of static 512B buffer —
     * ocean-monitor JSON array can be >512 bytes for multiple sensors. */
    int plen = m_app ? m_app->getTestPayload(m_respBuf, RESP_BUF_SIZE) : 0;
    if(plen<=0){
        const char* e="{}";
        sendResponse(sn,200,"application/json",e,(uint16_t)std::strlen(e));
        return;
    }
    sendResponse(sn,200,"application/json",m_respBuf,(uint16_t)plen);
}

// ── GET /api/logs ─────────────────────────────────────────────────────────────
void WebServer::handleApiLogs(uint8_t sn,const char* queryStr){
    uint32_t offset=0; uint16_t count=50;
    if(queryStr&&queryStr[0]){
        const char* p=std::strstr(queryStr,"offset=");
        if(p) offset=(uint32_t)std::atoi(p+7);
        p=std::strstr(queryStr,"count=");
        if(p){count=(uint16_t)std::atoi(p+6);if(count>100)count=100;}
    }
    CircularLogBuffer& log=CircularLogBuffer::instance();
    uint16_t total=log.getCount();
    /* Use m_respBuf (heap-resident member) instead of 6 KB stack array */
    char* resp=m_respBuf; const int rsz=RESP_BUF_SIZE; int pos=0;
    pos+=std::snprintf(resp+pos,rsz-pos,
        "{\"total\":%lu,\"lines\":[",(unsigned long)log.getTotal());
    bool first=true;
    char line[CircularLogBuffer::LINE_SIZE];
    for(uint16_t i=0;i<count&&(offset+i)<total;++i){
        if(!log.getLine((uint16_t)(offset+i),line,sizeof(line))) continue;
        if(!first&&pos<rsz-10) resp[pos++]=',';
        if(pos<rsz-(int)CircularLogBuffer::LINE_SIZE-4){
            resp[pos++]='"';
            for(char* c=line;*c&&pos<rsz-4;++c){
                if(*c=='"') resp[pos++]='\\';
                resp[pos++]=*c;
            }
            resp[pos++]='"'; first=false;
        }
    }
    if(pos<rsz-2){resp[pos++]=']';resp[pos++]='}';resp[pos]='\0';}
    sendResponse(sn,200,"application/json",resp,(uint16_t)pos);
}
void WebServer::handleApiLogsExport(uint8_t sn)
{
    CircularLogBuffer& log = CircularLogBuffer::instance();
    uint16_t total = log.getCount();

    // Отправляем заголовок вручную (размер заранее не известен)
    char hdr[256];
    int hl = std::snprintf(hdr, sizeof(hdr),
        "HTTP/1.1 200 OK\r\nContent-Type: text/plain; charset=UTF-8\r\n"
        "Content-Disposition: attachment; filename=\"monset.log\"\r\n"
        "Access-Control-Allow-Origin: *\r\nTransfer-Encoding: chunked\r\n"
        "Connection: close\r\n\r\n");
    send(sn, (uint8_t*)hdr, (uint16_t)hl);

    char line[CircularLogBuffer::LINE_SIZE];
    for (uint16_t i = 0; i < total; i++) {
        if (log.getLine(i, line, sizeof(line))) {
            // chunked HTTP: размер строки в hex
            char chunk_hdr[12];
            int chl = std::snprintf(chunk_hdr, sizeof(chunk_hdr),
                "%X\r\n", (unsigned)std::strlen(line));
            send(sn, (uint8_t*)chunk_hdr, (uint16_t)chl);
            send(sn, (uint8_t*)line, (uint16_t)std::strlen(line));
            send(sn, (uint8_t*)"\r\n", 2);
            IWDG->KR = 0xAAAA;
        }
    }
    // Завершающий chunk
    send(sn, (uint8_t*)"0\r\n\r\n", 5);
}
void WebServer::handleApiLogsClear(uint8_t sn){
    CircularLogBuffer::instance().clear();
    const char* r="{\"ok\":true}";
    sendResponse(sn,200,"application/json",r,(uint16_t)std::strlen(r));
}

// ── GET /api/backup/download ───────────────────────────────────────────────
void WebServer::handleApiBackupDownload(uint8_t sn){
    if(!m_sdOk||!m_backup){
        const char* e="{\"error\":\"SD unavailable\"}";
        sendResponse(sn,503,"application/json",e,(uint16_t)std::strlen(e));
        return;
    }
    if(!m_backup->exists()){
        const char* e="{\"error\":\"no backup file\"}";
        sendResponse(sn,404,"application/json",e,(uint16_t)std::strlen(e));
        return;
    }
    char fpath[64];
    m_backup->getFilePath(fpath,sizeof(fpath));
    FIL fil;
    if(f_open(&fil,fpath,FA_READ)!=FR_OK){
        const char* e="{\"error\":\"f_open failed\"}";
        sendResponse(sn,500,"application/json",e,(uint16_t)std::strlen(e));
        return;
    }
    char hdr[192];
    int hl=std::snprintf(hdr,sizeof(hdr),
        "HTTP/1.1 200 OK\r\n"
        "Content-Type: application/json\r\n"
        "Content-Disposition: attachment; filename=\"backup.jsn\"\r\n"
        "Access-Control-Allow-Origin: *\r\n"
        "Connection: close\r\n\r\n");
    w5500_send(sn,(uint8_t*)hdr,(uint16_t)hl);
    char line[256];
    while(f_gets(line,sizeof(line),&fil)){
        uint16_t ln=(uint16_t)std::strlen(line);
        if(ln>0) w5500_send(sn,(uint8_t*)line,ln);
        IWDG->KR=0xAAAA;
    }
    f_close(&fil);
}

// ── POST /api/settime ─────────────────────────────────────────────────────────
void WebServer::handleApiSetTime(uint8_t sn, const char* body) {
    if (!body || std::strlen(body) < 2) {
        const char* r = "{\"ok\":false,\"error\":\"empty body\"}";
        sendResponse(sn, 400, "application/json", r, (uint16_t)std::strlen(r)); return;
    }
    if (!m_rtc) {
        const char* r = "{\"ok\":false,\"error\":\"RTC not bound\"}";
        sendResponse(sn, 503, "application/json", r, (uint16_t)std::strlen(r)); return;
    }
    DateTime dt{};
    auto getI = [&](const char* key) -> int {
        const char* p = std::strstr(body, key);
        if (!p) return 0;
        p += std::strlen(key);
        while (*p == ':' || *p == ' ') p++;
        return (int)std::strtol(p, nullptr, 10);
    };
    int yr  = getI("\"year\"");
    dt.year    = (uint8_t)((yr >= 2000) ? (yr - 2000) : (yr > 0 ? yr : 25));
    dt.month   = (uint8_t)getI("\"month\"");
    dt.date    = (uint8_t)getI("\"day\"");
    dt.hours   = (uint8_t)getI("\"hour\"");
    dt.minutes = (uint8_t)getI("\"minute\"");
    dt.seconds = (uint8_t)getI("\"second\"");
    if (dt.month < 1 || dt.month > 12 || dt.date < 1 || dt.date > 31 ||
        dt.hours > 23 || dt.minutes > 59 || dt.seconds > 59) {
        const char* r = "{\"ok\":false,\"error\":\"invalid datetime\"}";
        sendResponse(sn, 400, "application/json", r, (uint16_t)std::strlen(r)); return;
    }
    bool ok = m_rtc->setTimeAutoDOW(dt);
    if (ok) {
        char resp[80];
        std::snprintf(resp, sizeof(resp),
            "{\"ok\":true,\"set\":\"20%02u-%02u-%02uT%02u:%02u:%02u\"}",
            (unsigned)dt.year,(unsigned)dt.month,(unsigned)dt.date,
            (unsigned)dt.hours,(unsigned)dt.minutes,(unsigned)dt.seconds);
        sendResponse(sn, 200, "application/json", resp, (uint16_t)std::strlen(resp));
    } else {
        const char* r = "{\"ok\":false,\"error\":\"DS3231 write failed\"}";
        sendResponse(sn, 500, "application/json", r, (uint16_t)std::strlen(r));
    }
}

// ── POST /config ──────────────────────────────────────────────────────────────
void WebServer::handlePostConfig(uint8_t sn,const char* body){
    if(!body||std::strlen(body)<2){
        const char* r="{\"error\":\"empty body\"}";
        sendResponse(sn,400,"application/json",r,(uint16_t)std::strlen(r)); return;
    }

    // Parse into backup object first; commit only after successful parse.
    // This avoids rollback copies around save path and keeps mutation localized.
    RuntimeConfig& tmp = CfgBackup();
    if(tmp.loadFromJson(body,std::strlen(body))){
        bool sdSaved = tmp.saveToSd(RUNTIME_CONFIG_FILENAME);
        if (sdSaved) m_sdOk = true;

        Cfg() = tmp;

        /* Пересоздать каналы по новой конфигурации — без перезагрузки */
        if (m_app) m_app->reinitChannelManager();

        /* Статические JSON-ответы — без snprintf/буфера, нет риска переполнения */
        static const char RESP_SD[]  = "{\"status\":\"ok\",\"saved_to_sd\":true}";
        static const char RESP_RAM[] = "{\"status\":\"ok_ram\",\"saved_to_sd\":false}";
        const char* resp = sdSaved ? RESP_SD : RESP_RAM;
        sendResponse(sn, 200, "application/json", resp, (uint16_t)std::strlen(resp));
        DBG.info("WebServer: config updated via tmp cfg, sd_saved=%d", (int)sdSaved);
    }else{
        const char* r="{\"error\":\"JSON parse failed\"}";
        sendResponse(sn,400,"application/json",r,(uint16_t)std::strlen(r));
    }
}

// ── Router ────────────────────────────────────────────────────────────────────

// ── GET /api/sd-test — пошаговая диагностика записи на SD ────────────────────
// Выполняет каждый шаг saveToSd() отдельно и возвращает FRESULT каждого шага.
// Использовать: curl http://<ip>/api/sd-test  или открыть в браузере.
void WebServer::handleApiSdTest(uint8_t sn) {
    static const char* TEST_FILE  = "0:/sd_test_write.tmp";
    static const char* TEST_FILE2 = "0:/sd_test_write.json";
    static const char* TEST_DATA  = "{\"sd_test\":true}";

    // --- шаг 1: stat — существование тестового файла ---
    FILINFO fno1;
    FRESULT fr1 = f_stat(TEST_FILE, &fno1);

    // --- шаг 2: chmod — не используется (_USE_CHMOD=0), пропускаем ---
    FRESULT fr2 = FR_OK;  // f_chmod недоступен в этой конфигурации FatFS

    // --- шаг 3: unlink ---
    FRESULT fr3 = f_unlink(TEST_FILE);

    // --- шаг 4: f_open FA_CREATE_ALWAYS | FA_WRITE ---
    FIL f4;
    FRESULT fr4 = f_open(&f4, TEST_FILE, FA_CREATE_ALWAYS | FA_WRITE);

    // --- шаг 5: f_write ---
    UINT bw = 0;
    FRESULT fr5 = FR_INT_ERR;
    if (fr4 == FR_OK) {
        fr5 = f_write(&f4, TEST_DATA, (UINT)std::strlen(TEST_DATA), &bw);
        f_close(&f4);
    }

    // --- шаг 6: f_rename -> .json ---
    FRESULT fr6 = FR_INT_ERR;
    if (fr5 == FR_OK && bw > 0) {
        f_unlink(TEST_FILE2);
        fr6 = f_rename(TEST_FILE, TEST_FILE2);
    }

    // --- шаг 7: f_unlink .json (cleanup) ---
    FRESULT fr7 = f_unlink(TEST_FILE2);

    // --- stat реального config файла ---
    FILINFO cfgInfo;
    FRESULT frCfg = f_stat(RUNTIME_CONFIG_FILENAME, &cfgInfo);
    char cfgTmpName[64];
    std::snprintf(cfgTmpName, sizeof(cfgTmpName), "%s.tmp", RUNTIME_CONFIG_FILENAME);
    FILINFO tmpInfo;
    FRESULT frTmp = f_stat(cfgTmpName, &tmpInfo);

    char resp[512];
    std::snprintf(resp, sizeof(resp),
        "{"
        "\"step1_stat_tmp\":%d,"
        "\"step2_chmod\":%d,"
        "\"step3_unlink\":%d,"
        "\"step4_open\":%d,"
        "\"step5_write\":%d,\"bytes_written\":%u,"
        "\"step6_rename\":%d,"
        "\"step7_cleanup\":%d,"
        "\"cfg_stat\":%d,"
        "\"cfg_tmp_stat\":%d,"
        "\"result\":\"%s\""
        "}",
        (int)fr1, (int)fr2, (int)fr3, (int)fr4,
        (int)fr5, (unsigned)bw,
        (int)fr6, (int)fr7,
        (int)frCfg, (int)frTmp,
        (fr4 == FR_OK && fr5 == FR_OK && fr6 == FR_OK) ? "PASS" : "FAIL"
    );

    sendResponse(sn, 200, "application/json", resp, (uint16_t)std::strlen(resp));
}

void WebServer::handleRequest(uint8_t sn,const char* request,uint16_t reqLen){
    if(!checkAuth(request)){send401(sn);return;}
    if(m_activityCb) m_activityCb(m_activityCtx);
    if(m_app) m_app->notifyWebActivity();

    char method[8]{},path[64]{};
    std::sscanf(request,"%7s %63s",method,path);
    DBG.info("WebServer: %s %s",method,path);

    char cleanPath[64]; std::strncpy(cleanPath,path,sizeof(cleanPath)-1);
    char* qs=std::strchr(cleanPath,'?'); if(qs)*qs='\0';
    const char* queryStr=qs?(std::strchr(path,'?')+1):"";

    if(std::strcmp(method,"GET")==0){
        if(std::strcmp(cleanPath,"/")==0||
           std::strcmp(cleanPath,"/index.html")==0)      handleIndex(sn);
        else if(std::strcmp(cleanPath,"/config")==0||
                std::strcmp(cleanPath,"/config.html")==0||
                std::strcmp(cleanPath,"/dashboard")==0)  handleConfig(sn);
        else if(std::strcmp(cleanPath,"/logs")==0||
                std::strcmp(cleanPath,"/logs.html")==0)  handleLogs(sn);
        else if(std::strcmp(cleanPath,"/test")==0)        handleTestPage(sn);
        else if(std::strcmp(cleanPath,"/export")==0)      handleExport(sn);
        else if(std::strcmp(cleanPath,"/api/sensors")==0) handleApiSensors(sn);
        else if(std::strcmp(cleanPath,"/api/config")==0)  handleApiConfig(sn);
        else if(std::strcmp(cleanPath,"/api/test_payload")==0) handleApiTestPayload(sn);
        else if(std::strcmp(cleanPath,"/api/channels")==0)handleApiChannels(sn);
        else if(std::strcmp(cleanPath,"/api/web_mode")==0)handleApiWebMode(sn);
        else if(std::strcmp(cleanPath,"/api/test_result")==0)handleApiTestResult(sn);
        else if(std::strcmp(cleanPath,"/api/logs/export")==0)handleApiLogsExport(sn);
        else if(std::strncmp(cleanPath,"/api/logs",9)==0) handleApiLogs(sn,queryStr);
        else if(std::strcmp(cleanPath,"/api/sd-test")==0)  handleApiSdTest(sn);
        else if(std::strcmp(cleanPath,"/files")==0||
                std::strcmp(cleanPath,"/files.html")==0)         handleFiles(sn);
        else if(std::strcmp(cleanPath,"/test")==0||
                std::strcmp(cleanPath,"/test.html")==0)           serveFile(sn,"0:/www/test.html","text/html");
        else if(std::strncmp(cleanPath,"/api/files",10)==0)      handleApiFiles(sn,queryStr,request);
        else if(std::strncmp(cleanPath,"/api/download",13)==0)   handleApiDownload(sn,queryStr,request);
        else{
            const char* ext=std::strrchr(cleanPath,'.');
            const char* ct="text/plain";
            if(ext){
                if(std::strcmp(ext,".html")==0) ct="text/html";
                else if(std::strcmp(ext,".css")==0) ct="text/css";
                else if(std::strcmp(ext,".js")==0)  ct="application/javascript";
                else if(std::strcmp(ext,".json")==0)ct="application/json";
            }
            if(!serveFile(sn,cleanPath,ct)) send404(sn);
        }
    }
    else if(std::strcmp(method,"POST")==0){
        const char* body=std::strstr(request,"\r\n\r\n");
        if(body) body+=4;
        if(std::strcmp(cleanPath,"/config")==0||
           std::strcmp(cleanPath,"/api/config")==0) handlePostConfig(sn,body);
        else if(std::strcmp(cleanPath,"/api/settime")==0)    handleApiSetTime(sn,body);
        else if(std::strcmp(cleanPath,"/api/test_send")==0)  handleApiTestSend(sn,queryStr);
        else if(std::strcmp(cleanPath,"/api/logs/clear")==0) handleApiLogsClear(sn);
    else if(std::strcmp(cleanPath,"/api/backup/download")==0) handleApiBackupDownload(sn);
        else if(std::strcmp(cleanPath,"/api/upload")==0)  handleApiUpload(sn,body,request);
        else if(std::strcmp(cleanPath,"/api/delete")==0)  handleApiDelete(sn,queryStr);
        else send404(sn);
    }
    else send404(sn);
}


// ── File Manager API ─────────────────────────────────────────────────────────

// Вспомогательная: извлечь значение параметра из query-string
// Пример: queryStr="path=0%3A%2Flogs&x=1", key="path" → "0:/logs"
static void urlDecode(const char* src, char* dst, size_t dstSz){
    size_t o=0;
    while(*src && o<dstSz-1){
        if(*src=='%' && src[1] && src[2]){
            char hex[3]={src[1],src[2],0};
            dst[o++]=(char)std::strtol(hex,nullptr,16);
            src+=3;
        } else if(*src=='+'){
            dst[o++]=' '; src++;
        } else {
            dst[o++]=*src++;
        }
    }
    dst[o]='\0';
}

static bool getQueryParam(const char* qs, const char* key, char* out, size_t outSz){
    size_t klen=std::strlen(key);
    const char* p=qs;
    while(p && *p){
        if(std::strncmp(p,key,klen)==0 && p[klen]=='='){
            const char* v=p+klen+1;
            const char* e=std::strchr(v,'&');
            size_t vlen=e?(size_t)(e-v):std::strlen(v);
            if(vlen>=outSz) vlen=outSz-1;
            std::strncpy(out,v,vlen); out[vlen]='\0';
            urlDecode(out,out,outSz);
            return true;
        }
        p=std::strchr(p,'&');
        if(p) p++;
    }
    return false;
}

// GET /files — отдаём files.html с SD или встроенный минимальный UI
void WebServer::handleFiles(uint8_t sn){
    if(serveFile(sn,"/files.html","text/html")) return;
    // Встроенный минимальный fallback
    const char* html=
        "<!DOCTYPE html><html><head><meta charset='utf-8'>"
        "<title>Files — MonSet</title></head><body>"
        "<h2>File Manager</h2>"
        "<p>files.html not found on SD. Place files.html at 0:/files.html</p>"
        "<a href='/'>← Back</a></body></html>";
    sendResponse(sn,200,"text/html",html,(uint16_t)std::strlen(html));
}

// GET /api/files?path=0:/  — JSON список файлов/папок
void WebServer::handleApiFiles(uint8_t sn, const char* queryStr, const char* /*request*/){
    char dirPath[64]="0:/";
    getQueryParam(queryStr,"path",dirPath,sizeof(dirPath));
    // FatFS не принимает "/" как корень — маппируем на "0:/"
    if(std::strcmp(dirPath,"/")==0 || dirPath[0]=='\0') std::strncpy(dirPath,"0:/",sizeof(dirPath));

    char resp[4096]; int n=0;
    n+=std::snprintf(resp+n,sizeof(resp)-n,"{\"path\":\"%s\",\"items\":[",dirPath);

    DIR dir; FILINFO fno;
    FRESULT fr=f_opendir(&dir,dirPath);
    if(fr!=FR_OK){
        std::snprintf(resp,sizeof(resp),"{\"error\":\"opendir failed fr=%d\"}",(int)fr);
        sendResponse(sn,200,"application/json",resp,(uint16_t)std::strlen(resp));
        return;
    }
    bool first=true;
    while(f_readdir(&dir,&fno)==FR_OK && fno.fname[0]){
        if(!first) n+=std::snprintf(resp+n,sizeof(resp)-n,",");
        first=false;
        bool isDir=(fno.fattrib & AM_DIR)!=0;
        n+=std::snprintf(resp+n,sizeof(resp)-n,
            "{\"name\":\"%s\",\"size\":%lu,\"dir\":%s}",
            fno.fname,(unsigned long)fno.fsize, isDir?"true":"false");
        if(n>(int)sizeof(resp)-128) break; // защита от переполнения
    }
    f_closedir(&dir);
    n+=std::snprintf(resp+n,sizeof(resp)-n,"]}");
    sendResponse(sn,200,"application/json",resp,(uint16_t)n);
}

// GET /api/download?path=0:/file.txt — отдаём файл с SD побайтово
void WebServer::handleApiDownload(uint8_t sn, const char* queryStr, const char* /*request*/){
    char filePath[128]="";
    if(!getQueryParam(queryStr,"path",filePath,sizeof(filePath))||!filePath[0]){
        const char* e="{\"error\":\"no path\"}";
        sendResponse(sn,400,"application/json",e,(uint16_t)std::strlen(e)); return;
    }

    FIL f; FRESULT fr=f_open(&f,filePath,FA_READ);
    if(fr!=FR_OK){
        char e[64]; std::snprintf(e,sizeof(e),"{\"error\":\"open failed fr=%d\"}",(int)fr);
        sendResponse(sn,404,"application/json",e,(uint16_t)std::strlen(e)); return;
    }

    // Имя файла для Content-Disposition
    const char* slash=std::strrchr(filePath,'/');
    const char* fname=slash?(slash+1):filePath;

    // Заголовок
    char hdr[256];
    int hl=std::snprintf(hdr,sizeof(hdr),
        "HTTP/1.1 200 OK\r\n"
        "Content-Type: application/octet-stream\r\n"
        "Content-Disposition: attachment; filename=\"%s\"\r\n"
        "Connection: close\r\n\r\n", fname);
    send(sn,(uint8_t*)hdr,(uint16_t)hl);

    // Стриминг чанками
    static uint8_t chunk[1024];
    UINT br=0;
    while(f_read(&f,chunk,sizeof(chunk),&br)==FR_OK && br>0){
        uint32_t sent=0;
        while(sent<br){
            int32_t r=send(sn,chunk+sent,(uint16_t)(br-sent));
            if(r<=0) break;
            sent+=(uint32_t)r;
        }
    }
    f_close(&f);
}

// POST /api/upload?path=0:/filename.txt  body=raw bytes
void WebServer::handleApiUpload(uint8_t sn, const char* body, const char* request){
    char filePath[128]="";
    // Извлекаем path из строки запроса (не из тела)
    char method[8]{}, urlBuf[128]{};
    std::sscanf(request,"%7s %127s",method,urlBuf);
    const char* qs=std::strchr(urlBuf,'?');
    if(qs) qs++;
    if(!qs||!getQueryParam(qs,"path",filePath,sizeof(filePath))||!filePath[0]){
        const char* e="{\"error\":\"no path in query\"}";
        sendResponse(sn,400,"application/json",e,(uint16_t)std::strlen(e)); return;
    }

    // Длина тела из Content-Length
    const char* clHdr=std::strstr(request,"Content-Length: ");
    int bodyLen=0;
    if(clHdr) bodyLen=std::atoi(clHdr+16);
    if(!body||bodyLen<=0){
        const char* e="{\"error\":\"empty body\"}";
        sendResponse(sn,400,"application/json",e,(uint16_t)std::strlen(e)); return;
    }

    FIL f; FRESULT fr=f_open(&f,filePath,FA_CREATE_ALWAYS|FA_WRITE);
    if(fr!=FR_OK){
        char e[64]; std::snprintf(e,sizeof(e),"{\"error\":\"create failed fr=%d\"}",(int)fr);
        sendResponse(sn,500,"application/json",e,(uint16_t)std::strlen(e)); return;
    }
    UINT bw=0;
    fr=f_write(&f,(const void*)body,(UINT)bodyLen,&bw);
    f_close(&f);
    if(fr!=FR_OK||bw==0){
        char e[64]; std::snprintf(e,sizeof(e),"{\"error\":\"write failed fr=%d bw=%u\"}",(int)fr,(unsigned)bw);
        sendResponse(sn,500,"application/json",e,(uint16_t)std::strlen(e)); return;
    }
    char ok[64]; std::snprintf(ok,sizeof(ok),"{\"status\":\"ok\",\"bytes\":%u}",(unsigned)bw);
    sendResponse(sn,200,"application/json",ok,(uint16_t)std::strlen(ok));
    DBG.info("WebServer: upload %s (%u bytes)",filePath,(unsigned)bw);
}

// POST /api/delete?path=0:/file.txt
void WebServer::handleApiDelete(uint8_t sn, const char* queryStr){
    char filePath[128]="";
    if(!getQueryParam(queryStr,"path",filePath,sizeof(filePath))||!filePath[0]){
        const char* e="{\"error\":\"no path\"}";
        sendResponse(sn,400,"application/json",e,(uint16_t)std::strlen(e)); return;
    }
    FRESULT fr=f_unlink(filePath);
    if(fr!=FR_OK){
        char e[64]; std::snprintf(e,sizeof(e),"{\"error\":\"unlink failed fr=%d\"}",(int)fr);
        sendResponse(sn,500,"application/json",e,(uint16_t)std::strlen(e)); return;
    }
    const char* ok="{\"status\":\"ok\"}";
    sendResponse(sn,200,"application/json",ok,(uint16_t)std::strlen(ok));
    DBG.info("WebServer: deleted %s",filePath);
}

// ── tick ──────────────────────────────────────────────────────────────────────
void WebServer::tick(){
    if(!m_running) return;
    uint8_t status=getSn_SR(HTTP_SOCKET);
    switch(status){
        case SOCK_ESTABLISHED:{
            int32_t len=getSn_RX_RSR(HTTP_SOCKET);
            if(len>0){
                if(!g_web_exclusive){
                    g_web_exclusive=true;
                    DBG.info("WebServer: WEB EXCLUSIVE MODE ON");
                    closeDataSockets(HTTP_SOCKET);
                }

                // Limit first read to buffer size
                if(len > REQ_BUF_SIZE - 1) len = REQ_BUF_SIZE - 1;
                int32_t rx = recv(HTTP_SOCKET, (uint8_t*)m_reqBuf, (uint16_t)len);

                if(rx > 0){
                    m_reqBuf[rx] = 0;

                    // If POST, check Content-Length and wait for the rest of the body
                    if (std::strncmp(m_reqBuf, "POST", 4) == 0) {
                        const char* clStr = std::strstr(m_reqBuf, "Content-Length: ");
                        if (clStr) {
                            int cl = std::atoi(clStr + 16);
                            if (cl <= 0) {
                                const char* r = "{\"error\":\"bad Content-Length\"}";
                                sendResponse(HTTP_SOCKET, 400, "application/json", r, (uint16_t)std::strlen(r));
                                disconnect(HTTP_SOCKET);
                                return;
                            }
                            if (cl >= REQ_BUF_SIZE - 1024) {
                                const char* r = "{\"error\":\"config payload too large\"}";
                                sendResponse(HTTP_SOCKET, 413, "application/json", r, (uint16_t)std::strlen(r));
                                DBG.error("WebServer: POST too large cl=%d", cl);
                                disconnect(HTTP_SOCKET);
                                return;
                            }
                            const char* bodyStart = std::strstr(m_reqBuf, "\r\n\r\n");
                            if (bodyStart) {
                                bodyStart += 4; // Skip CRLFCRLF
                                int currentBodyLen = rx - (bodyStart - m_reqBuf);

                                // Read the remaining bytes if any
                                uint32_t startWait = HAL_GetTick();
                                while (currentBodyLen < cl && (HAL_GetTick() - startWait) < 2000) {
                                    int32_t avail = getSn_RX_RSR(HTTP_SOCKET);
                                    if (avail > 0) {
                                        int toRead = cl - currentBodyLen;
                                        if (toRead > avail) toRead = avail;
                                        if (rx + toRead > REQ_BUF_SIZE - 1) toRead = REQ_BUF_SIZE - 1 - rx;
                                        if (toRead <= 0) break; // Safety against overflow

                                        int32_t chunk = recv(HTTP_SOCKET, (uint8_t*)(m_reqBuf + rx), (uint16_t)toRead);
                                        if (chunk > 0) {
                                            rx += chunk;
                                            m_reqBuf[rx] = 0;
                                            currentBodyLen += chunk;
                                            startWait = HAL_GetTick(); // Reset timeout
                                        }
                                    }
                                    IWDG->KR = 0xAAAA;
                                    HAL_Delay(1);
                                }
                            }
                        }
                    }

                    // Now process the fully assembled request
                    handleRequest(HTTP_SOCKET, m_reqBuf, (uint16_t)rx);
                }

                // Wait for TX buffer to drain before closing socket
                { uint32_t t0=HAL_GetTick();
                  uint16_t txmax=getSn_TxMAX(HTTP_SOCKET);
                  while(getSn_TX_FSR(HTTP_SOCKET)<txmax &&
                        (HAL_GetTick()-t0)<5000){ IWDG->KR=0xAAAA; HAL_Delay(2); }
                }
                disconnect(HTTP_SOCKET);
            }
            break;
        }
        case SOCK_CLOSE_WAIT: disconnect(HTTP_SOCKET); break;
        case SOCK_CLOSED:
            if(socket(HTTP_SOCKET,Sn_MR_TCP,HTTP_PORT,0)==HTTP_SOCKET) listen(HTTP_SOCKET);
            break;
        case SOCK_LISTEN: break;
        // W5500 промежуточные состояния TCP teardown:
        // 0x18=FIN_WAIT, 0x1A=CLOSING, 0x1B=TIME_WAIT — принудительно сбрасываем сокет
        // чтобы браузер мог подключиться снова без ожидания таймаута
        case 0x18: // SOCK_FIN_WAIT
        case 0x1A: // SOCK_CLOSING
        case 0x1B: // SOCK_TIME_WAIT
            close(HTTP_SOCKET);
            if(socket(HTTP_SOCKET,Sn_MR_TCP,HTTP_PORT,0)==HTTP_SOCKET) listen(HTTP_SOCKET);
            break;
        default: break;
    }
}